{
	"layer_0": {
		"weight_0": [
			[
				2.889815330505371,
				5.387362480163574,
				4.889516353607178,
				3.2401809692382812,
				-0.14316648244857788,
				1.8974119424819946,
				1.6604430675506592,
				3.657956600189209,
				-0.051929086446762085,
				0.16455717384815216,
				0.6326826214790344,
				-0.09534448385238647
			],
			[
				0.7104365229606628,
				-0.026876971125602722,
				0.7690735459327698,
				0.6785218119621277,
				-0.639136016368866,
				2.430232286453247,
				3.303642988204956,
				0.7580211162567139,
				5.122552394866943,
				-0.3638162612915039,
				4.828205108642578,
				-0.12242025136947632
			]
		],
		"weight_1": [
			-0.004179231356829405,
			0.12070533633232117,
			0.02113398350775242,
			-0.0038140432443469763,
			0.0,
			-0.16588586568832397,
			0.05775982886552811,
			0.008052477613091469,
			0.27868419885635376,
			-0.16893889009952545,
			0.2863113582134247,
			0.0
		]
	},
	"layer_1": {
		"weight_0": [
			[
				1.1282329559326172,
				0.3148537278175354,
				0.9239827990531921,
				1.1998838186264038,
				1.0641289949417114,
				1.4288196563720703
			],
			[
				0.07115720957517624,
				-0.4073904752731323,
				2.7712643146514893,
				1.0320552587509155,
				2.411242723464966,
				4.8898844718933105
			],
			[
				1.03061842918396,
				0.02303752489387989,
				1.657860279083252,
				0.39209285378456116,
				1.415003776550293,
				2.330946922302246
			],
			[
				1.0939472913742065,
				-0.15020166337490082,
				1.6387869119644165,
				0.7653704881668091,
				0.9637752771377563,
				1.4920499324798584
			],
			[
				0.28973889350891113,
				-0.06372594833374023,
				-0.5674283504486084,
				0.09932374954223633,
				0.5099114179611206,
				-0.2551344037055969
			],
			[
				2.3731744289398193,
				-0.44008877873420715,
				0.8872884511947632,
				1.7127928733825684,
				0.5051581859588623,
				0.1852700561285019
			],
			[
				2.576890468597412,
				-0.254367858171463,
				0.5717146992683411,
				1.8415765762329102,
				-0.12708830833435059,
				0.3312089145183563
			],
			[
				0.9754678606987,
				0.49450966715812683,
				0.7145577073097229,
				0.9564124345779419,
				0.8902180194854736,
				1.9133962392807007
			],
			[
				4.930666446685791,
				0.0030527205672115088,
				0.1731768250465393,
				2.6614832878112793,
				-0.9673088192939758,
				-1.0368719100952148
			],
			[
				-0.33239826560020447,
				0.28453710675239563,
				-0.051909901201725006,
				-0.35723865032196045,
				-0.508684515953064,
				-0.2255435585975647
			],
			[
				3.217088460922241,
				-0.4980241060256958,
				-0.4134554862976074,
				1.8270891904830933,
				0.18845681846141815,
				-0.29339346289634705
			],
			[
				0.4298570156097412,
				0.33138877153396606,
				-0.10633265972137451,
				0.18880105018615723,
				0.2776210904121399,
				-0.5009173154830933
			]
		],
		"weight_1": [
			0.5255826711654663,
			-0.012044047936797142,
			-0.7208424806594849,
			0.49280285835266113,
			0.1696890890598297,
			-0.19615201652050018
		]
	},
	"layer_2": {
		"weight_0": [
			[
				1.3147941827774048,
				-1.3778090476989746,
				-0.4933939576148987,
				1.2735251188278198
			],
			[
				-0.37195515632629395,
				-0.5057583451271057,
				0.08913147449493408,
				0.1872337907552719
			],
			[
				1.0835455656051636,
				0.2615200877189636,
				-0.5550613403320312,
				-0.12191588431596756
			],
			[
				0.8636711239814758,
				-0.03489503636956215,
				0.3874344825744629,
				1.0349504947662354
			],
			[
				0.1167670488357544,
				1.033214807510376,
				0.032727956771850586,
				-7.180044174194336
			],
			[
				1.6096693277359009,
				0.9514376521110535,
				-0.119739830493927,
				-5.000135898590088
			]
		],
		"weight_1": [
			-0.07463111728429794,
			0.18648269772529602,
			0.0,
			1.4947004318237305
		]
	},
	"layer_3": {
		"weight_0": [
			[
				1.790561318397522
			],
			[
				-3.326294183731079
			],
			[
				0.25777900218963623
			],
			[
				-1.239229679107666
			]
		],
		"weight_1": [
			-0.04722147062420845
		]
	}
}