{
	"layer_0": {
		"weight_0": [
			[
				3.199155569076538,
				6.383476734161377,
				5.517492771148682,
				3.563899040222168,
				-0.14316648244857788,
				1.6968649625778198,
				1.598331332206726,
				4.07668924331665,
				-0.18197843432426453,
				0.16455717384815216,
				0.5553231239318848,
				-0.09534448385238647
			],
			[
				0.7908101081848145,
				0.03713759779930115,
				0.8384449481964111,
				0.7385536432266235,
				-0.639136016368866,
				2.655799150466919,
				3.817598581314087,
				0.8398782014846802,
				6.1473259925842285,
				-0.3638162612915039,
				5.7949347496032715,
				-0.12242025136947632
			]
		],
		"weight_1": [
			-0.0025317519903182983,
			0.14214619994163513,
			0.0293559692800045,
			0.0006910983938723803,
			0.0,
			-0.567794144153595,
			0.0701257735490799,
			-0.0034142956137657166,
			0.45121410489082336,
			-0.16893889009952545,
			0.31307879090309143,
			0.0
		]
	},
	"layer_1": {
		"weight_0": [
			[
				1.0700764656066895,
				0.3148537278175354,
				0.7711838483810425,
				1.1294678449630737,
				1.0381288528442383,
				1.361985683441162
			],
			[
				0.02797209471464157,
				-0.4073904752731323,
				2.8685073852539062,
				0.8994120359420776,
				2.838597297668457,
				5.64892053604126
			],
			[
				0.9815399646759033,
				0.02303752489387989,
				1.5954896211624146,
				0.30368417501449585,
				1.5240347385406494,
				2.4398601055145264
			],
			[
				1.036734938621521,
				-0.15020166337490082,
				1.5164419412612915,
				0.6838967204093933,
				0.9862070083618164,
				1.4812637567520142
			],
			[
				0.28973889350891113,
				-0.06372594833374023,
				-0.5674283504486084,
				0.09932374954223633,
				0.5099114179611206,
				-0.2551344037055969
			],
			[
				2.392117738723755,
				-0.44008877873420715,
				0.4936968684196472,
				1.9634413719177246,
				0.38656967878341675,
				0.03989429399371147
			],
			[
				2.732656955718994,
				-0.254367858171463,
				0.3175484538078308,
				2.2641689777374268,
				-0.13811643421649933,
				0.31029337644577026
			],
			[
				0.9216576218605042,
				0.49450966715812683,
				0.5994206070899963,
				0.8788096308708191,
				0.9163615703582764,
				1.910365104675293
			],
			[
				5.61614990234375,
				0.0030527205672115088,
				0.04197634756565094,
				3.56327223777771,
				-0.8980023264884949,
				-0.9625445008277893
			],
			[
				-0.33239826560020447,
				0.28453710675239563,
				-0.051909901201725006,
				-0.35723865032196045,
				-0.508684515953064,
				-0.2255435585975647
			],
			[
				3.677499771118164,
				-0.4980241060256958,
				-0.5881232023239136,
				2.554983615875244,
				0.2317976951599121,
				-0.2508524954319
			],
			[
				0.4298570156097412,
				0.33138877153396606,
				-0.10633265972137451,
				0.18880105018615723,
				0.2776210904121399,
				-0.5009173154830933
			]
		],
		"weight_1": [
			0.5839930176734924,
			-0.012044047936797142,
			-0.5689616203308105,
			0.6680663228034973,
			0.17245319485664368,
			-0.1999627649784088
		]
	},
	"layer_2": {
		"weight_0": [
			[
				1.1505107879638672,
				-1.4551974534988403,
				-0.4933939576148987,
				1.7325738668441772
			],
			[
				-0.37195515632629395,
				-0.5057583451271057,
				0.08913147449493408,
				0.1872337907552719
			],
			[
				1.0432429313659668,
				0.3076891601085663,
				-0.5550613403320312,
				-0.48094838857650757
			],
			[
				0.6822928786277771,
				-0.0399826318025589,
				0.3874344825744629,
				1.5001752376556396
			],
			[
				0.177386075258255,
				1.0275052785873413,
				0.032727956771850586,
				-9.674013137817383
			],
			[
				1.6658859252929688,
				0.966130793094635,
				-0.119739830493927,
				-7.6299028396606445
			]
		],
		"weight_1": [
			-0.21760237216949463,
			0.14346909523010254,
			0.0,
			1.8379768133163452
		]
	},
	"layer_3": {
		"weight_0": [
			[
				1.6152212619781494
			],
			[
				-2.379628896713257
			],
			[
				0.25777900218963623
			],
			[
				-0.657221257686615
			]
		],
		"weight_1": [
			-0.17023372650146484
		]
	}
}