{
	"layer_0": {
		"weight_0": [
			[
				6.106589317321777,
				1.234882116317749,
				-0.21390625834465027,
				1.0641669034957886,
				0.6040595173835754,
				2.436434030532837,
				-0.2520233690738678,
				-0.5605301260948181,
				-0.06461596488952637,
				4.716131687164307,
				0.037941012531518936,
				-0.29526346921920776,
				1.4336035251617432,
				-0.06024276465177536
			],
			[
				0.07167677581310272,
				2.7090420722961426,
				5.716928482055664,
				3.1089680194854736,
				5.059719085693359,
				2.3045268058776855,
				-0.22729724645614624,
				-0.5838035941123962,
				-0.07568633556365967,
				0.3211157023906708,
				5.450735569000244,
				-0.5981287360191345,
				3.0512473583221436,
				0.022731592878699303
			]
		],
		"weight_1": [
			0.03089161589741707,
			0.037795450538396835,
			0.22375980019569397,
			0.10847942531108856,
			0.2222021371126175,
			0.05192209407687187,
			0.0,
			0.0,
			0.0,
			0.01872166618704796,
			0.2963114082813263,
			0.0,
			-1.8027431964874268,
			-0.024233967065811157
		]
	},
	"layer_1": {
		"weight_0": [
			[
				1.1108496189117432,
				2.368516445159912,
				1.1152139902114868,
				-11.577460289001465,
				-0.24775497615337372,
				-31.367639541625977,
				0.08281159400939941,
				1.0803734064102173,
				-7.90503454208374,
				1.1490082740783691,
				0.7334306836128235,
				-4.658891677856445,
				-2.4400405883789062,
				0.8105719089508057
			],
			[
				1.1554274559020996,
				-0.18387706577777863,
				1.0385282039642334,
				0.13699176907539368,
				-0.20978161692619324,
				0.44366422295570374,
				-0.1569233387708664,
				1.182792067527771,
				0.7895057797431946,
				1.32271409034729,
				1.8278014659881592,
				0.7402650117874146,
				0.7581644058227539,
				1.7216240167617798
			],
			[
				1.5700814723968506,
				-8.516286849975586,
				1.1911852359771729,
				0.969226062297821,
				-0.09651859849691391,
				0.6963974237442017,
				-0.2983807623386383,
				1.5741915702819824,
				1.218729853630066,
				1.541464924812317,
				1.9238370656967163,
				1.5431716442108154,
				1.5704050064086914,
				2.007800817489624
			],
			[
				1.6100503206253052,
				-1.1232869625091553,
				1.070194125175476,
				0.670345664024353,
				-0.23710647225379944,
				0.4305341839790344,
				-0.0509028360247612,
				1.6151573657989502,
				0.3850734233856201,
				1.7794809341430664,
				1.5845388174057007,
				1.0857024192810059,
				0.6954718828201294,
				1.8187878131866455
			],
			[
				1.9237804412841797,
				-3.2625114917755127,
				1.7821542024612427,
				0.21180813014507294,
				-0.09063027054071426,
				0.16386976838111877,
				0.054691895842552185,
				2.066641092300415,
				1.208665370941162,
				1.6120892763137817,
				1.3787689208984375,
				1.6346466541290283,
				1.278586745262146,
				1.821370005607605
			],
			[
				0.8781781792640686,
				0.5832337737083435,
				1.5585976839065552,
				0.13272301852703094,
				0.2690756618976593,
				-0.8734669089317322,
				0.4101196527481079,
				1.2198964357376099,
				-0.16672177612781525,
				1.4646821022033691,
				1.4924904108047485,
				0.0625479444861412,
				0.5603201389312744,
				1.0077797174453735
			],
			[
				0.27902692556381226,
				-0.21201619505882263,
				0.21563535928726196,
				0.4224749207496643,
				0.11114335060119629,
				0.41802382469177246,
				0.19499099254608154,
				0.10669434070587158,
				-0.31870579719543457,
				-0.3880392909049988,
				-0.30286502838134766,
				0.2681238055229187,
				0.28749674558639526,
				-0.14867672324180603
			],
			[
				-0.13259238004684448,
				0.1598760485649109,
				-0.20472541451454163,
				0.40725451707839966,
				0.31878650188446045,
				-0.08890882134437561,
				0.4578808546066284,
				-0.12658590078353882,
				-0.24110402166843414,
				-0.1260230541229248,
				-0.23596526682376862,
				0.35419148206710815,
				0.09731918573379517,
				-0.2904050052165985
			],
			[
				-0.4161977171897888,
				-0.3602690100669861,
				-0.4441455602645874,
				0.20129930973052979,
				-0.11526420712471008,
				-0.21626608073711395,
				0.3390181064605713,
				-0.44497552514076233,
				0.3295244574546814,
				0.364066481590271,
				-0.36349600553512573,
				0.29916834831237793,
				0.1287682056427002,
				-0.33247852325439453
			],
			[
				1.291427493095398,
				2.331465244293213,
				0.5398721694946289,
				-5.459630966186523,
				-0.1299978345632553,
				-9.367576599121094,
				-0.43896862864494324,
				1.072994351387024,
				-3.3128316402435303,
				0.8563234806060791,
				1.1595778465270996,
				-2.5036258697509766,
				-1.345118761062622,
				0.8430461883544922
			],
			[
				2.1061956882476807,
				-5.750707626342773,
				1.5821889638900757,
				0.9087583422660828,
				-0.21701234579086304,
				0.9245372414588928,
				-0.45029252767562866,
				1.8031202554702759,
				1.173835039138794,
				2.0623300075531006,
				1.4350403547286987,
				1.1868189573287964,
				1.4716538190841675,
				1.3009850978851318
			],
			[
				0.1531239151954651,
				0.308457612991333,
				-0.26148009300231934,
				-0.07486492395401001,
				0.4053770899772644,
				-0.24800677597522736,
				0.08483231067657471,
				0.06645089387893677,
				0.35742950439453125,
				0.24187815189361572,
				-0.08648043870925903,
				-0.3388895094394684,
				0.45682376623153687,
				-0.035340964794158936
			],
			[
				0.4481906294822693,
				12.430074691772461,
				0.4109034538269043,
				0.13585665822029114,
				0.4423830211162567,
				-0.11766014248132706,
				-0.07599031925201416,
				0.17810314893722534,
				0.26660701632499695,
				0.2916567921638489,
				0.04479321837425232,
				-0.09598027169704437,
				0.5157349705696106,
				0.8931627869606018
			],
			[
				0.4167279601097107,
				-0.33438003063201904,
				-0.02302388846874237,
				-0.10642705112695694,
				-0.3098388910293579,
				0.3171396851539612,
				0.36340776085853577,
				0.02492033876478672,
				0.42801955342292786,
				0.04413223639130592,
				-0.4257354438304901,
				0.0869435966014862,
				0.019311320036649704,
				-0.04457113891839981
			]
		],
		"weight_1": [
			0.18835623562335968,
			-0.344736784696579,
			0.03135966882109642,
			0.2852634787559509,
			-0.003461461514234543,
			0.6706039309501648,
			-0.030674736946821213,
			0.18278387188911438,
			0.1801169067621231,
			0.18936112523078918,
			0.1894906461238861,
			0.10520285367965698,
			0.16788849234580994,
			0.19292637705802917
		]
	},
	"layer_2": {
		"weight_0": [
			[
				1.7766036987304688
			],
			[
				-2.5895767211914062
			],
			[
				1.2841354608535767
			],
			[
				-4.778593063354492
			],
			[
				-0.48653993010520935
			],
			[
				-10.066349029541016
			],
			[
				-0.04367468133568764
			],
			[
				1.571658968925476
			],
			[
				-3.0095882415771484
			],
			[
				1.9470677375793457
			],
			[
				1.8560705184936523
			],
			[
				-3.1740097999572754
			],
			[
				-4.503227710723877
			],
			[
				1.6591190099716187
			]
		],
		"weight_1": [
			0.2389378547668457
		]
	}
}