{
	"layer_0": {
		"weight_0": [
			[
				2.917999029159546,
				2.0152103900909424,
				3.6121633052825928,
				-0.13144877552986145,
				4.001098155975342,
				0.0032920469529926777,
				2.1770145893096924,
				-0.14977321028709412,
				3.179687261581421,
				0.0031617600470781326,
				0.5899081826210022,
				-0.31256750226020813,
				-0.48702237010002136,
				-13.679021835327148
			],
			[
				1.2261220216751099,
				1.4559470415115356,
				0.23910821974277496,
				-0.4662878215312958,
				0.9137052893638611,
				2.2312002182006836,
				1.0915006399154663,
				-0.08376967906951904,
				0.5854756236076355,
				1.565678358078003,
				0.9810002446174622,
				2.698909282684326,
				0.09665240347385406,
				0.3459385931491852
			]
		],
		"weight_1": [
			0.09424624592065811,
			-0.012167173437774181,
			-0.05620188266038895,
			0.0,
			0.1100577786564827,
			0.0012655179016292095,
			0.10904746502637863,
			0.0,
			0.13344332575798035,
			0.0013649493921548128,
			-0.18315184116363525,
			0.31410500407218933,
			-0.09798462688922882,
			0.0193275585770607
		]
	},
	"layer_1": {
		"weight_0": [
			[
				-0.1128382682800293,
				1.3243253231048584,
				0.9749400019645691,
				1.6104788780212402,
				-0.45677250623703003,
				-0.2705778479576111,
				1.4051543474197388,
				-0.6482107639312744
			],
			[
				0.35763058066368103,
				1.2317225933074951,
				0.6453011631965637,
				1.1213955879211426,
				-0.19407381117343903,
				-0.15841445326805115,
				1.1837249994277954,
				0.3673539459705353
			],
			[
				-0.2315673530101776,
				1.2692811489105225,
				1.6048575639724731,
				1.235425353050232,
				-1.0196020603179932,
				-0.29381683468818665,
				1.4571177959442139,
				-2.1913580894470215
			],
			[
				0.08450895547866821,
				-0.4376545250415802,
				0.014230728149414062,
				0.46878790855407715,
				0.24331218004226685,
				0.17306137084960938,
				0.514332115650177,
				-0.4667493999004364
			],
			[
				-0.02007824182510376,
				1.6491448879241943,
				1.7787684202194214,
				1.2889118194580078,
				-0.8973149061203003,
				0.3054584264755249,
				0.9021732211112976,
				-1.2618796825408936
			],
			[
				-0.4926888942718506,
				0.7527061700820923,
				-2.762387752532959,
				1.0161062479019165,
				0.9963983297348022,
				0.2917068302631378,
				0.608468770980835,
				0.6092865467071533
			],
			[
				-0.5323184728622437,
				1.3631054162979126,
				0.910541832447052,
				1.343200922012329,
				0.4049276113510132,
				0.268411785364151,
				0.593281626701355,
				-0.14843975007534027
			],
			[
				-0.4320829510688782,
				0.3152576684951782,
				0.11131483316421509,
				0.2668321132659912,
				0.09999150037765503,
				-0.4850459098815918,
				0.04509079456329346,
				-0.42904752492904663
			],
			[
				-0.08859757333993912,
				0.7922855019569397,
				0.8815515637397766,
				1.3385778665542603,
				-0.9670768976211548,
				-0.021383602172136307,
				1.4372849464416504,
				-1.5443309545516968
			],
			[
				-0.3569808304309845,
				0.7331823706626892,
				-3.2904624938964844,
				1.1439100503921509,
				0.4332227408885956,
				0.06548327207565308,
				0.3160821497440338,
				0.7634264826774597
			],
			[
				-0.025980671867728233,
				1.662316083908081,
				-1.113460898399353,
				0.8897197246551514,
				0.4123380184173584,
				-0.00114265619777143,
				0.2649356722831726,
				0.6100873351097107
			],
			[
				0.3837517499923706,
				1.2732203006744385,
				-4.51890754699707,
				1.0177862644195557,
				1.129338264465332,
				-0.43399012088775635,
				0.6307686567306519,
				0.9983494877815247
			],
			[
				-0.16440555453300476,
				0.21940407156944275,
				0.19330209493637085,
				-0.3746686577796936,
				0.36618226766586304,
				0.32943564653396606,
				-0.4137033522129059,
				0.1542241871356964
			],
			[
				-0.020117655396461487,
				-3.033024549484253,
				-0.2901172339916229,
				-3.237774133682251,
				2.3980088233947754,
				-0.1683020293712616,
				-3.343907594680786,
				2.941786766052246
			]
		],
		"weight_1": [
			-0.04540843144059181,
			0.17799144983291626,
			0.05205335095524788,
			0.1909712255001068,
			0.05097643658518791,
			-0.04647330194711685,
			-0.004758047871291637,
			0.18190936744213104
		]
	},
	"layer_2": {
		"weight_0": [
			[
				0.605266809463501,
				-0.09425844252109528,
				0.1223318800330162,
				0.07890163362026215
			],
			[
				0.6262111663818359,
				1.4182013273239136,
				1.2915802001953125,
				0.8397853970527649
			],
			[
				-4.050044059753418,
				-3.4377992153167725,
				-3.7458033561706543,
				-2.578479528427124
			],
			[
				0.5730971097946167,
				1.6172155141830444,
				1.6175451278686523,
				1.0313962697982788
			],
			[
				1.1217658519744873,
				-1.4152106046676636,
				-2.084453582763672,
				1.6725620031356812
			],
			[
				0.41424643993377686,
				-0.048738643527030945,
				-0.22508575022220612,
				0.3451492190361023
			],
			[
				0.35284560918807983,
				1.693971037864685,
				1.3943835496902466,
				-0.26352059841156006
			],
			[
				0.29576775431632996,
				-2.8895041942596436,
				-2.287717819213867,
				2.401949405670166
			]
		],
		"weight_1": [
			0.3412253260612488,
			0.0498129278421402,
			0.04606681689620018,
			0.8717770576477051
		]
	},
	"layer_3": {
		"weight_0": [
			[
				-1.3269704580307007
			],
			[
				2.688000202178955
			],
			[
				2.425226926803589
			],
			[
				-3.141037702560425
			]
		],
		"weight_1": [
			0.05988705903291702
		]
	}
}