{
	"layer_0": {
		"weight_0": [
			[
				-0.1348479688167572,
				0.27480265498161316,
				-0.13350912928581238,
				-0.14062052965164185,
				4.142012596130371,
				2.918499708175659,
				5.939138412475586,
				1.7199820280075073,
				1.9985532760620117,
				-0.27439072728157043,
				5.80217170715332,
				1.1021391153335571,
				1.921755075454712,
				4.340594291687012
			],
			[
				-0.23908740282058716,
				5.421061992645264,
				-0.41125786304473877,
				-0.6104466915130615,
				0.2513185143470764,
				0.58417809009552,
				-0.13441374897956848,
				3.32979154586792,
				1.2442690134048462,
				-0.5429614186286926,
				-0.0014390130527317524,
				4.377967357635498,
				2.2123939990997314,
				0.32956087589263916
			]
		],
		"weight_1": [
			0.0,
			-0.0458819754421711,
			0.0,
			0.0,
			-0.01247277669608593,
			-0.09762366116046906,
			0.13902324438095093,
			0.20983296632766724,
			-0.05383606255054474,
			0.0,
			0.008418228477239609,
			0.491534948348999,
			0.12078815698623657,
			-0.013754128478467464
		]
	},
	"layer_1": {
		"weight_0": [
			[
				0.18204832077026367,
				0.3015003800392151,
				0.35240310430526733,
				-0.16077089309692383,
				0.13259953260421753,
				0.09427392482757568,
				-0.2469959408044815,
				-0.1383768916130066,
				-0.12242996692657471,
				-0.2390875220298767,
				-0.029736340045928955,
				0.36602407693862915,
				0.12006103992462158,
				0.4475403428077698
			],
			[
				1.043272852897644,
				0.9835536479949951,
				0.9365938305854797,
				1.2691080570220947,
				1.2753664255142212,
				-0.3056482672691345,
				-0.39119255542755127,
				-6.863955974578857,
				-0.08215504884719849,
				1.3433657884597778,
				1.4676376581192017,
				2.1744303703308105,
				1.538582682609558,
				-4.038142681121826
			],
			[
				0.038266539573669434,
				-0.39327096939086914,
				0.2780075669288635,
				0.4559154510498047,
				0.3037179708480835,
				0.39917999505996704,
				0.43615812063217163,
				0.09292912483215332,
				0.14225906133651733,
				-0.4594273269176483,
				0.09233754873275757,
				0.2075679898262024,
				0.18873000144958496,
				0.32091236114501953
			],
			[
				0.011373698711395264,
				0.4042547345161438,
				0.04120153188705444,
				0.30850839614868164,
				0.2734906077384949,
				-0.18951106071472168,
				0.09452414512634277,
				0.38246434926986694,
				-0.049336642026901245,
				-0.02382698655128479,
				0.06050926446914673,
				-0.39669179916381836,
				0.09098303318023682,
				-0.37428486347198486
			],
			[
				1.2116619348526,
				1.3963271379470825,
				1.611256718635559,
				0.9330564141273499,
				1.2723827362060547,
				-0.14169731736183167,
				0.06096048280596733,
				0.8453516364097595,
				-0.2761497497558594,
				1.6716209650039673,
				-4.614671230316162,
				-1.97162663936615,
				1.5788735151290894,
				1.0850553512573242
			],
			[
				0.7743532061576843,
				1.121268630027771,
				1.544634222984314,
				1.1608644723892212,
				0.8122506141662598,
				-0.19773705303668976,
				0.1021772027015686,
				0.801750659942627,
				0.20111268758773804,
				1.5343496799468994,
				-1.5035158395767212,
				-0.43360015749931335,
				1.345880389213562,
				0.5349252820014954
			],
			[
				1.6112502813339233,
				1.4859143495559692,
				1.2748727798461914,
				1.3454115390777588,
				1.05210280418396,
				-0.28765353560447693,
				-0.05603072792291641,
				1.6689130067825317,
				0.05757337808609009,
				1.0119608640670776,
				-12.063593864440918,
				-5.612295150756836,
				1.70950186252594,
				2.0813019275665283
			],
			[
				1.2052141427993774,
				1.3810335397720337,
				1.120577096939087,
				0.6261091828346252,
				1.6975582838058472,
				0.32439324259757996,
				-0.35529443621635437,
				-1.741659164428711,
				-0.32718923687934875,
				1.661837100982666,
				0.3100692629814148,
				1.3062341213226318,
				1.1146800518035889,
				-0.9836723208427429
			],
			[
				1.1440315246582031,
				1.4111695289611816,
				1.2909085750579834,
				1.2306804656982422,
				1.2268308401107788,
				0.05021696165204048,
				-0.25839629769325256,
				0.2277456670999527,
				0.03433695435523987,
				1.2588903903961182,
				-0.22410602867603302,
				0.5148994326591492,
				0.9204367995262146,
				0.33165255188941956
			],
			[
				-0.0746452808380127,
				-0.047178417444229126,
				0.21877580881118774,
				0.3224494457244873,
				-0.07129886746406555,
				-0.09172260761260986,
				0.4171871542930603,
				0.16679918766021729,
				-0.0030686259269714355,
				-0.09642067551612854,
				-0.41366392374038696,
				-0.4628176689147949,
				0.06883805990219116,
				-0.3292219638824463
			],
			[
				1.637139916419983,
				0.9990265369415283,
				1.4903719425201416,
				0.7803455591201782,
				0.8090211153030396,
				0.07556086778640747,
				0.14359648525714874,
				1.4800046682357788,
				-0.32036009430885315,
				1.5759552717208862,
				-13.50367259979248,
				-4.817360877990723,
				1.3994930982589722,
				1.528317928314209
			],
			[
				1.5153868198394775,
				1.228360652923584,
				0.8554434180259705,
				0.8775728940963745,
				0.8007460832595825,
				-0.1807953119277954,
				0.25268682837486267,
				-2.3524010181427,
				-0.24237214028835297,
				1.296362280845642,
				1.0252517461776733,
				1.699122428894043,
				1.0907986164093018,
				-1.016424536705017
			],
			[
				1.2633023262023926,
				1.2045570611953735,
				1.2190382480621338,
				1.2892053127288818,
				0.9563319683074951,
				-0.1310887336730957,
				0.15510642528533936,
				-0.6698552966117859,
				-0.38667285442352295,
				1.4046778678894043,
				0.36584407091140747,
				0.6507001519203186,
				1.0619996786117554,
				-0.03252967819571495
			],
			[
				1.5717930793762207,
				1.1731927394866943,
				1.5926241874694824,
				1.246777057647705,
				1.6136963367462158,
				-0.06812209635972977,
				-0.19907906651496887,
				0.729019045829773,
				0.43535876274108887,
				1.1862975358963013,
				-4.72806453704834,
				-2.8816068172454834,
				0.9432833790779114,
				1.3340190649032593
			]
		],
		"weight_1": [
			-0.01631917990744114,
			-0.018424104899168015,
			-0.040959250181913376,
			-0.18202641606330872,
			-0.015273376367986202,
			-0.015489713288843632,
			-0.06559118628501892,
			-1.734546422958374,
			0.0,
			-0.02127999998629093,
			1.6693174839019775,
			0.4770619571208954,
			-0.00725616654381156,
			-0.9810149073600769
		]
	},
	"layer_2": {
		"weight_0": [
			[
				1.2739759683609009
			],
			[
				1.4511572122573853
			],
			[
				1.1302123069763184
			],
			[
				1.1722408533096313
			],
			[
				1.2210019826889038
			],
			[
				-0.429054856300354
			],
			[
				-0.17279036343097687
			],
			[
				-4.774176120758057
			],
			[
				0.19647479057312012
			],
			[
				1.597083568572998
			],
			[
				-6.317148208618164
			],
			[
				-3.6421539783477783
			],
			[
				1.4249264001846313
			],
			[
				-4.840212821960449
			]
		],
		"weight_1": [
			-0.010390181094408035
		]
	}
}