{
	"layer_0": {
		"weight_0": [
			[
				0.08944402635097504,
				4.428922176361084,
				-0.09749358892440796,
				-0.2790147066116333,
				0.010060161352157593,
				-0.6066585779190063,
				-0.1750837117433548,
				8.60780143737793,
				5.8448028564453125,
				3.9162604808807373,
				-0.3762013614177704,
				-0.0909685492515564,
				0.7135141491889954,
				1.371483564376831
			],
			[
				0.1391063630580902,
				2.577282667160034,
				-0.21241068840026855,
				-0.22038570046424866,
				0.07151369750499725,
				0.010770918801426888,
				0.20875537395477295,
				1.9928849935531616,
				0.4587084949016571,
				2.177762269973755,
				7.420864582061768,
				-0.19075405597686768,
				3.1819300651550293,
				3.884028434753418
			]
		],
		"weight_1": [
			-0.02821509540081024,
			-0.06942281872034073,
			0.0,
			0.0,
			-0.07642897963523865,
			-0.014155929908156395,
			-0.028904683887958527,
			-0.0018781112739816308,
			0.8808282017707825,
			-0.8703613877296448,
			0.38344255089759827,
			0.0,
			0.2802687883377075,
			-0.48718568682670593
		]
	},
	"layer_1": {},
	"layer_2": {},
	"layer_3": {},
	"layer_4": {
		"weight_0": [
			[
				-0.5347920060157776,
				-1.580663800239563,
				2.001446485519409,
				-1.2350552082061768,
				0.27995291352272034,
				0.40330246090888977,
				-0.3662857413291931,
				2.5522162914276123,
				-0.39418965578079224,
				0.3886376917362213,
				-2.021040678024292,
				-0.16426706314086914,
				0.791473925113678,
				1.883819818496704
			],
			[
				0.4532354474067688,
				0.10650116205215454,
				0.11812078952789307,
				0.20514756441116333,
				-0.5219113826751709,
				-0.3188138008117676,
				0.002838611602783203,
				-0.38061434030532837,
				-0.05303356051445007,
				-0.3967408835887909,
				-0.4004664421081543,
				-0.028471410274505615,
				-0.4500303268432617,
				-0.4664209187030792
			],
			[
				0.44798752665519714,
				0.16824747622013092,
				0.22602644562721252,
				-0.1679101288318634,
				-0.15025819838047028,
				0.3248974084854126,
				-0.5164541602134705,
				-0.4498652517795563,
				-0.08226141333580017,
				0.07490408420562744,
				0.260741263628006,
				0.0503876619040966,
				0.18010908365249634,
				-0.3385944962501526
			],
			[
				-1.5945264101028442,
				-3.896237373352051,
				1.2002825736999512,
				-2.873605728149414,
				0.715041995048523,
				-0.10617861896753311,
				-0.3235037326812744,
				1.557121992111206,
				-1.8294594287872314,
				-0.5675684809684753,
				-3.7668426036834717,
				-1.304311752319336,
				0.6647979617118835,
				1.7189199924468994
			],
			[
				-1.8450678586959839,
				-1.5258047580718994,
				1.701213002204895,
				-2.5232365131378174,
				0.7319310307502747,
				-0.499909371137619,
				-0.10144677758216858,
				1.7870700359344482,
				-1.396397352218628,
				-0.543219804763794,
				-3.5404295921325684,
				-1.0104117393493652,
				1.2044274806976318,
				1.4173599481582642
			],
			[
				1.93051016330719,
				1.3595468997955322,
				3.389143705368042,
				2.0832221508026123,
				-7.855672359466553,
				-0.32890796661376953,
				-0.42192304134368896,
				3.596292734146118,
				2.3298771381378174,
				-0.09855730831623077,
				2.2058331966400146,
				2.579059362411499,
				-5.076401710510254,
				3.7555911540985107
			],
			[
				-0.4318099021911621,
				0.929516613483429,
				2.6240549087524414,
				-0.11149713397026062,
				-1.0693737268447876,
				0.020592689514160156,
				-0.09200894832611084,
				2.039259672164917,
				0.599764347076416,
				0.20810216665267944,
				-0.02838248759508133,
				0.8632050156593323,
				-0.4839787781238556,
				2.169358730316162
			]
		],
		"weight_1": [
			1.2398251295089722,
			0.5073716044425964,
			-1.2486886978149414,
			1.5979479551315308,
			-0.371917724609375,
			-0.0031622457318007946,
			0.0,
			-1.2386037111282349,
			0.7372207641601562,
			-0.05373283475637436,
			2.1888415813446045,
			0.5070239305496216,
			-0.6161687970161438,
			-1.2502903938293457
		]
	},
	"layer_5": {
		"weight_0": [
			[
				-6.887501239776611
			],
			[
				-23.492868423461914
			],
			[
				2.4305922985076904
			],
			[
				-9.240899085998535
			],
			[
				-3.9840259552001953
			],
			[
				-0.33454588055610657
			],
			[
				0.6052445769309998
			],
			[
				2.2372748851776123
			],
			[
				-4.485836982727051
			],
			[
				0.15044385194778442
			],
			[
				-20.980606079101562
			],
			[
				-4.692729473114014
			],
			[
				-3.5687415599823
			],
			[
				2.5668416023254395
			]
		],
		"weight_1": [
			-1.2535852193832397
		]
	}
}