{
	"layer_0": {
		"weight_0": [
			[
				5.874755382537842,
				1.2230381965637207,
				-0.12937527894973755,
				1.0708943605422974,
				0.6317230463027954,
				2.397279977798462,
				-0.2520233690738678,
				-0.5605301260948181,
				-0.06461596488952637,
				4.57846212387085,
				0.10069238394498825,
				-0.29526346921920776,
				1.5494133234024048,
				-0.06024276465177536
			],
			[
				0.010294328443706036,
				2.8317902088165283,
				5.6138763427734375,
				3.1636927127838135,
				5.023213863372803,
				2.2421817779541016,
				-0.22729724645614624,
				-0.5838035941123962,
				-0.07568633556365967,
				0.24399033188819885,
				5.484134197235107,
				-0.5981287360191345,
				2.3788349628448486,
				0.022731592878699303
			]
		],
		"weight_1": [
			0.026655247434973717,
			0.0694991797208786,
			0.21902590990066528,
			0.11702227592468262,
			0.2184876948595047,
			0.03575723245739937,
			0.0,
			0.0,
			0.0,
			0.00013042447972111404,
			0.3109709620475769,
			0.0,
			-1.832586646080017,
			-0.024233967065811157
		]
	},
	"layer_1": {
		"weight_0": [
			[
				1.0903898477554321,
				2.168700933456421,
				1.1023699045181274,
				-10.944626808166504,
				-0.24775497615337372,
				-29.928495407104492,
				0.08281159400939941,
				1.0625216960906982,
				-7.6956353187561035,
				1.1267839670181274,
				0.7120940685272217,
				-4.665971755981445,
				-2.4785261154174805,
				0.7913733124732971
			],
			[
				1.1687772274017334,
				-0.1967698633670807,
				1.0599145889282227,
				0.05127516761422157,
				-0.20978161692619324,
				0.330220490694046,
				-0.1569233387708664,
				1.198892593383789,
				0.7130307555198669,
				1.3342291116714478,
				1.8402525186538696,
				0.6742066144943237,
				0.7142477631568909,
				1.7365251779556274
			],
			[
				1.5635474920272827,
				-6.832328796386719,
				1.1923422813415527,
				0.8921055793762207,
				-0.09651859849691391,
				0.5771985650062561,
				-0.2983807623386383,
				1.570311188697815,
				1.1561287641525269,
				1.5331592559814453,
				1.9164279699325562,
				1.5033752918243408,
				1.570312261581421,
				2.0028021335601807
			],
			[
				1.619995355606079,
				-1.0727143287658691,
				1.0881099700927734,
				0.5851401090621948,
				-0.23710647225379944,
				0.3151277005672455,
				-0.0509028360247612,
				1.6278327703475952,
				0.3094678521156311,
				1.787575602531433,
				1.5935710668563843,
				1.023659348487854,
				0.6573055386543274,
				1.8302702903747559
			],
			[
				1.9231319427490234,
				-2.87011981010437,
				1.7893415689468384,
				0.12920856475830078,
				-0.09063027054071426,
				0.0447220504283905,
				0.054691895842552185,
				2.068674325942993,
				1.1387637853622437,
				1.6096386909484863,
				1.3772403001785278,
				1.5844800472259521,
				1.263979434967041,
				1.8222787380218506
			],
			[
				0.8882023692131042,
				0.45430639386177063,
				1.576767086982727,
				0.039564184844493866,
				0.2690756618976593,
				-0.9811369180679321,
				0.4101196527481079,
				1.2327196598052979,
				-0.2483479529619217,
				1.4728195667266846,
				1.5015647411346436,
				-0.01411975733935833,
				0.5018187165260315,
				1.0192885398864746
			],
			[
				0.27902692556381226,
				-0.21201619505882263,
				0.21563535928726196,
				0.4224749207496643,
				0.11114335060119629,
				0.41802382469177246,
				0.19499099254608154,
				0.10669434070587158,
				-0.31870579719543457,
				-0.3880392909049988,
				-0.30286502838134766,
				0.2681238055229187,
				0.28749674558639526,
				-0.14867672324180603
			],
			[
				-0.13259238004684448,
				0.1598760485649109,
				-0.20472541451454163,
				0.40725451707839966,
				0.31878650188446045,
				-0.08890882134437561,
				0.4578808546066284,
				-0.12658590078353882,
				-0.24110402166843414,
				-0.1260230541229248,
				-0.23596526682376862,
				0.35419148206710815,
				0.09731918573379517,
				-0.2904050052165985
			],
			[
				-0.4161977171897888,
				-0.3602690100669861,
				-0.4441455602645874,
				0.20129930973052979,
				-0.11526420712471008,
				-0.21626608073711395,
				0.3390181064605713,
				-0.44497552514076233,
				0.3295244574546814,
				0.364066481590271,
				-0.36349600553512573,
				0.29916834831237793,
				0.1287682056427002,
				-0.33247852325439453
			],
			[
				1.2833037376403809,
				2.1329524517059326,
				0.5394930243492126,
				-5.363256454467773,
				-0.1299978345632553,
				-9.233085632324219,
				-0.43896862864494324,
				1.0675296783447266,
				-3.2414445877075195,
				0.8464338183403015,
				1.150559663772583,
				-2.548906087875366,
				-1.4025377035140991,
				0.8362278938293457
			],
			[
				2.10137939453125,
				-4.82705020904541,
				1.5851112604141235,
				0.8296689391136169,
				-0.21701234579086304,
				0.8055753111839294,
				-0.45029252767562866,
				1.8009713888168335,
				1.1079434156417847,
				2.0557138919830322,
				1.4293540716171265,
				1.1432173252105713,
				1.4659197330474854,
				1.297734022140503
			],
			[
				0.1531239151954651,
				0.308457612991333,
				-0.26148009300231934,
				-0.07486492395401001,
				0.4053770899772644,
				-0.24800677597522736,
				0.08483231067657471,
				0.06645089387893677,
				0.35742950439453125,
				0.24187815189361572,
				-0.08648043870925903,
				-0.3388895094394684,
				0.45682376623153687,
				-0.035340964794158936
			],
			[
				0.5647568106651306,
				12.033097267150879,
				0.5344898700714111,
				0.30487996339797974,
				0.4423830211162567,
				-0.5646747350692749,
				-0.07599031925201416,
				0.29708361625671387,
				0.3186262547969818,
				0.40660327672958374,
				0.16056878864765167,
				-0.11825616657733917,
				0.7196418046951294,
				1.0111596584320068
			],
			[
				0.4167279601097107,
				-0.33438003063201904,
				-0.02302388846874237,
				-0.10642705112695694,
				-0.3098388910293579,
				0.3171396851539612,
				0.36340776085853577,
				0.02492033876478672,
				0.42801955342292786,
				0.04413223639130592,
				-0.4257354438304901,
				0.0869435966014862,
				0.019311320036649704,
				-0.04457113891839981
			]
		],
		"weight_1": [
			0.14837197959423065,
			-0.2807250916957855,
			-0.0003986508818343282,
			0.1934988647699356,
			-0.003461461514234543,
			0.48221293091773987,
			-0.030674736946821213,
			0.14561952650547028,
			0.0843215361237526,
			0.14748063683509827,
			0.1485716849565506,
			0.07519330829381943,
			0.1518293172121048,
			0.154464989900589
		]
	},
	"layer_2": {
		"weight_0": [
			[
				1.7847858667373657
			],
			[
				-3.080329656600952
			],
			[
				1.2981348037719727
			],
			[
				-5.188628673553467
			],
			[
				-0.48653993010520935
			],
			[
				-10.835572242736816
			],
			[
				-0.04367468133568764
			],
			[
				1.5799106359481812
			],
			[
				-3.1992125511169434
			],
			[
				1.9555808305740356
			],
			[
				1.866072416305542
			],
			[
				-3.2820582389831543
			],
			[
				-4.605401515960693
			],
			[
				1.6700226068496704
			]
		],
		"weight_1": [
			0.17727814614772797
		]
	}
}