{
	"layer_0": {
		"weight_0": [
			[
				0.08944402635097504,
				4.248354911804199,
				-0.09749358892440796,
				-0.2790147066116333,
				0.010060161352157593,
				-0.6066585779190063,
				-0.1750837117433548,
				8.86309814453125,
				5.524427890777588,
				3.9162604808807373,
				-0.4114144742488861,
				-0.0909685492515564,
				0.7551202178001404,
				1.0894229412078857
			],
			[
				0.1391063630580902,
				2.756465435028076,
				-0.21241068840026855,
				-0.22038570046424866,
				0.07151369750499725,
				0.010770918801426888,
				0.20875537395477295,
				2.091961622238159,
				0.5659273266792297,
				2.177762269973755,
				7.605434417724609,
				-0.19075405597686768,
				3.803313970565796,
				3.96860933303833
			]
		],
		"weight_1": [
			-0.02821509540081024,
			-0.01767236739397049,
			0.0,
			0.0,
			-0.07642897963523865,
			-0.014155929908156395,
			-0.028904683887958527,
			0.01003252062946558,
			0.88478684425354,
			-0.8703613877296448,
			0.4096301198005676,
			0.0,
			0.40792930126190186,
			0.23750366270542145
		]
	},
	"layer_1": {},
	"layer_2": {},
	"layer_3": {},
	"layer_4": {
		"weight_0": [
			[
				-0.3239608705043793,
				-1.6735528707504272,
				1.900916337966919,
				-0.9019941687583923,
				0.5073716640472412,
				0.40330246090888977,
				-0.3662857413291931,
				2.4489426612854004,
				-0.20280520617961884,
				0.3886376917362213,
				-1.676530361175537,
				-0.01859099790453911,
				0.7636516690254211,
				1.7849329710006714
			],
			[
				0.4532354474067688,
				0.10650116205215454,
				0.11812078952789307,
				0.20514756441116333,
				-0.5219113826751709,
				-0.3188138008117676,
				0.002838611602783203,
				-0.38061434030532837,
				-0.05303356051445007,
				-0.3967408835887909,
				-0.4004664421081543,
				-0.028471410274505615,
				-0.4500303268432617,
				-0.4664209187030792
			],
			[
				0.44798752665519714,
				0.16824747622013092,
				0.22602644562721252,
				-0.1679101288318634,
				-0.15025819838047028,
				0.3248974084854126,
				-0.5164541602134705,
				-0.4498652517795563,
				-0.08226141333580017,
				0.07490408420562744,
				0.260741263628006,
				0.0503876619040966,
				0.18010908365249634,
				-0.3385944962501526
			],
			[
				-1.280665397644043,
				-4.564642906188965,
				1.0143790245056152,
				-2.2351808547973633,
				0.9957113265991211,
				-0.10617861896753311,
				-0.3235037326812744,
				1.3683695793151855,
				-1.6338367462158203,
				-0.5675684809684753,
				-2.9694039821624756,
				-1.1611500978469849,
				0.6511686444282532,
				1.5346083641052246
			],
			[
				-1.5924630165100098,
				-2.1113831996917725,
				1.4695940017700195,
				-2.0950584411621094,
				0.9457827210426331,
				-0.499909371137619,
				-0.10144677758216858,
				1.5525907278060913,
				-1.24050772190094,
				-0.543219804763794,
				-2.9981207847595215,
				-0.8882313370704651,
				1.1978591680526733,
				1.187318205833435
			],
			[
				1.913199782371521,
				1.5910170078277588,
				3.64400577545166,
				2.053434133529663,
				-12.440423011779785,
				-0.32890796661376953,
				-0.42192304134368896,
				3.8488025665283203,
				2.4003214836120605,
				-0.09855730831623077,
				2.149466037750244,
				2.601206064224243,
				-5.947664737701416,
				4.012004852294922
			],
			[
				-0.3254130482673645,
				1.0679988861083984,
				2.696944236755371,
				-0.04246997833251953,
				-1.0026273727416992,
				0.020592689514160156,
				-0.09200894832611084,
				2.1095821857452393,
				0.6040400862693787,
				0.20810216665267944,
				-0.026316655799746513,
				0.8149687647819519,
				-0.18332336843013763,
				2.2438976764678955
			]
		],
		"weight_1": [
			1.1061543226242065,
			0.822745680809021,
			-1.3237684965133667,
			1.313901662826538,
			-0.6862147450447083,
			-0.0031622457318007946,
			0.0,
			-1.3164594173431396,
			0.6905533075332642,
			-0.05373283475637436,
			1.9519842863082886,
			0.46085381507873535,
			-0.6833031177520752,
			-1.3236937522888184
		]
	},
	"layer_5": {
		"weight_0": [
			[
				-5.780965805053711
			],
			[
				-49.61498260498047
			],
			[
				2.4577155113220215
			],
			[
				-6.586570739746094
			],
			[
				-2.3221306800842285
			],
			[
				-0.33454588055610657
			],
			[
				0.6052445769309998
			],
			[
				2.2525887489318848
			],
			[
				-4.169397354125977
			],
			[
				0.15044385194778442
			],
			[
				-11.318550109863281
			],
			[
				-4.470095634460449
			],
			[
				-2.9624648094177246
			],
			[
				2.5966830253601074
			]
		],
		"weight_1": [
			-1.297226905822754
		]
	}
}