{
	"layer_0": {
		"weight_0": [
			[
				0.08944402635097504,
				4.278534889221191,
				-0.09749358892440796,
				-0.2790147066116333,
				0.010060161352157593,
				-0.6066585779190063,
				-0.1750837117433548,
				8.662728309631348,
				5.5623626708984375,
				3.9162604808807373,
				-0.38939446210861206,
				-0.0909685492515564,
				0.9353901147842407,
				1.1798409223556519
			],
			[
				0.1391063630580902,
				2.663834810256958,
				-0.21241068840026855,
				-0.22038570046424866,
				0.07151369750499725,
				0.010770918801426888,
				0.20875537395477295,
				2.0269014835357666,
				0.5023505687713623,
				2.177762269973755,
				7.55003547668457,
				-0.19075405597686768,
				3.5303986072540283,
				3.7588753700256348
			]
		],
		"weight_1": [
			-0.02821509540081024,
			-0.022356538102030754,
			0.0,
			0.0,
			-0.07642897963523865,
			-0.014155929908156395,
			-0.028904683887958527,
			-0.0008115468081086874,
			0.8848418593406677,
			-0.8703613877296448,
			0.39482665061950684,
			0.0,
			0.3047800362110138,
			0.09004194289445877
		]
	},
	"layer_1": {},
	"layer_2": {},
	"layer_3": {},
	"layer_4": {
		"weight_0": [
			[
				-0.4040646255016327,
				-1.673264741897583,
				1.9384093284606934,
				-1.037530779838562,
				0.38482388854026794,
				0.40330246090888977,
				-0.3662857413291931,
				2.487823486328125,
				-0.297136127948761,
				0.3886376917362213,
				-1.842559576034546,
				-0.09595087170600891,
				0.7800791263580322,
				1.8216018676757812
			],
			[
				0.4532354474067688,
				0.10650116205215454,
				0.11812078952789307,
				0.20514756441116333,
				-0.5219113826751709,
				-0.3188138008117676,
				0.002838611602783203,
				-0.38061434030532837,
				-0.05303356051445007,
				-0.3967408835887909,
				-0.4004664421081543,
				-0.028471410274505615,
				-0.4500303268432617,
				-0.4664209187030792
			],
			[
				0.44798752665519714,
				0.16824747622013092,
				0.22602644562721252,
				-0.1679101288318634,
				-0.15025819838047028,
				0.3248974084854126,
				-0.5164541602134705,
				-0.4498652517795563,
				-0.08226141333580017,
				0.07490408420562744,
				0.260741263628006,
				0.0503876619040966,
				0.18010908365249634,
				-0.3385944962501526
			],
			[
				-1.3779256343841553,
				-4.374043941497803,
				1.0811086893081665,
				-2.4695403575897217,
				0.841462254524231,
				-0.10617861896753311,
				-0.3235037326812744,
				1.436530590057373,
				-1.723743200302124,
				-0.5675684809684753,
				-3.2970643043518066,
				-1.232286810874939,
				0.65762859582901,
				1.6005380153656006
			],
			[
				-1.6871974468231201,
				-1.8923779726028442,
				1.5681524276733398,
				-2.2479028701782227,
				0.8429445028305054,
				-0.499909371137619,
				-0.10144677758216858,
				1.6525959968566895,
				-1.2982513904571533,
				-0.543219804763794,
				-3.189964532852173,
				-0.9380545616149902,
				1.199141263961792,
				1.2850878238677979
			],
			[
				1.9069231748580933,
				1.5100252628326416,
				3.561436653137207,
				2.0556793212890625,
				-9.910551071166992,
				-0.32890796661376953,
				-0.42192304134368896,
				3.767437696456909,
				2.3609447479248047,
				-0.09855730831623077,
				2.145862579345703,
				2.5828866958618164,
				-5.483806610107422,
				3.928654909133911
			],
			[
				-0.3599609136581421,
				1.0267244577407837,
				2.660487651824951,
				-0.08210267126560211,
				-1.0463769435882568,
				0.020592689514160156,
				-0.09200894832611084,
				2.0744380950927734,
				0.6041786670684814,
				0.20810216665267944,
				-0.05215157940983772,
				0.8498841524124146,
				-0.3265392780303955,
				2.2066149711608887
			]
		],
		"weight_1": [
			1.1204828023910522,
			0.7515151500701904,
			-1.244186520576477,
			1.4298306703567505,
			-0.423910915851593,
			-0.0031622457318007946,
			0.0,
			-1.2354717254638672,
			0.7462537884712219,
			-0.05373283475637436,
			2.0877575874328613,
			0.509390115737915,
			-0.6567172408103943,
			-1.2449449300765991
		]
	},
	"layer_5": {
		"weight_0": [
			[
				-6.174141883850098
			],
			[
				-43.67152404785156
			],
			[
				2.4483134746551514
			],
			[
				-7.53480339050293
			],
			[
				-2.9812238216400146
			],
			[
				-0.33454588055610657
			],
			[
				0.6052445769309998
			],
			[
				2.247741937637329
			],
			[
				-4.301746845245361
			],
			[
				0.15044385194778442
			],
			[
				-14.241928100585938
			],
			[
				-4.575603008270264
			],
			[
				-3.233347177505493
			],
			[
				2.5864479541778564
			]
		],
		"weight_1": [
			-1.23334538936615
		]
	}
}