{
	"layer_0": {
		"weight_0": [
			[
				1.1866616010665894,
				0.11761320382356644,
				-0.2533048689365387,
				-0.08707113564014435,
				0.13959646224975586,
				3.444882869720459,
				2.9760115146636963,
				0.170554518699646,
				2.0555717945098877,
				4.411590576171875,
				0.013726145960390568,
				-0.03826701641082764,
				-0.3808111250400543,
				3.9118847846984863
			],
			[
				1.660095453262329,
				5.69942569732666,
				0.019331101328134537,
				5.088149070739746,
				4.117365837097168,
				0.06328944116830826,
				0.17807383835315704,
				0.1539590209722519,
				1.2524452209472656,
				0.0468347929418087,
				-0.00508903618901968,
				-0.43387794494628906,
				-0.5780296921730042,
				3.4881081581115723
			]
		],
		"weight_1": [
			-0.4893089532852173,
			0.1523255705833435,
			-0.02265547215938568,
			0.12780258059501648,
			0.06957165896892548,
			-0.0053633637726306915,
			-0.016227219253778458,
			-0.2282237410545349,
			-0.043139975517988205,
			-0.003241143887862563,
			-0.014081842266023159,
			0.0,
			0.0,
			-3.9062774181365967
		]
	},
	"layer_1": {
		"weight_0": [
			[
				-0.44111618399620056,
				0.036396440118551254,
				0.3976011574268341,
				0.9286795258522034,
				0.504329264163971,
				0.3609462380409241
			],
			[
				-0.2545880079269409,
				0.4187246561050415,
				1.9630686044692993,
				1.8799033164978027,
				1.2889333963394165,
				1.4797955751419067
			],
			[
				0.396831750869751,
				-0.23550155758857727,
				0.0002720705233514309,
				-0.389430969953537,
				0.4491389989852905,
				0.17986708879470825
			],
			[
				0.0006430081557482481,
				0.8758789896965027,
				1.05829918384552,
				1.8250585794448853,
				1.363082766532898,
				1.5455632209777832
			],
			[
				-0.23816880583763123,
				0.0071889618411660194,
				1.2104625701904297,
				1.5939124822616577,
				0.9783321619033813,
				0.43847617506980896
			],
			[
				0.3954311013221741,
				-0.09844262897968292,
				1.0920838117599487,
				0.5444039106369019,
				-2.904843330383301,
				-1.1161448955535889
			],
			[
				-0.5592164397239685,
				-0.10038730502128601,
				0.37835046648979187,
				0.7109935879707336,
				-1.473374366760254,
				-0.5915483832359314
			],
			[
				-0.1346607804298401,
				-0.4597557485103607,
				-0.24079212546348572,
				-0.2104582041501999,
				-0.5127834677696228,
				-0.3879512846469879
			],
			[
				-0.39789241552352905,
				0.739908754825592,
				0.8730446696281433,
				0.7204586267471313,
				0.12651148438453674,
				0.24804361164569855
			],
			[
				0.294805109500885,
				-0.5042861700057983,
				1.06695556640625,
				0.7700185775756836,
				-3.807291030883789,
				-0.9416583180427551
			],
			[
				-0.18527546525001526,
				-0.48922812938690186,
				-0.24686720967292786,
				-0.1612221896648407,
				-0.10253018140792847,
				0.5181777477264404
			],
			[
				-0.3742327094078064,
				0.09148383140563965,
				0.37108922004699707,
				-0.19755002856254578,
				0.008933842182159424,
				-0.035869598388671875
			],
			[
				0.14407938718795776,
				-0.17513838410377502,
				-0.3789157271385193,
				-0.49000224471092224,
				0.3673499822616577,
				0.06479984521865845
			],
			[
				0.5145618915557861,
				-2.4841580390930176,
				3.317580223083496,
				3.344156265258789,
				-1.0014395713806152,
				0.015139930881559849
			]
		],
		"weight_1": [
			-0.018970320001244545,
			1.1366236209869385,
			-0.12172489613294601,
			-0.45358219742774963,
			0.4083566963672638,
			0.6624962687492371
		]
	},
	"layer_2": {
		"weight_0": [
			[
				-0.4107963740825653,
				-0.35957661271095276,
				-0.043829094618558884,
				0.34425124526023865
			],
			[
				3.8917524814605713,
				2.8407723903656006,
				0.2780435383319855,
				2.988703489303589
			],
			[
				0.8527514934539795,
				0.8321259021759033,
				-1.4546453952789307,
				1.4782365560531616
			],
			[
				1.586561679840088,
				0.829132616519928,
				-0.9612640142440796,
				1.5183870792388916
			],
			[
				-1.4761555194854736,
				-1.0935460329055786,
				3.831230401992798,
				-0.9149640798568726
			],
			[
				-1.7807739973068237,
				-1.9073249101638794,
				0.3446630835533142,
				-3.0065505504608154
			]
		],
		"weight_1": [
			-0.6616495251655579,
			1.1922286748886108,
			-2.3948845863342285,
			-0.6557676792144775
		]
	},
	"layer_3": {
		"weight_0": [
			[
				1.737747311592102
			],
			[
				2.5847275257110596
			],
			[
				-5.496691703796387
			],
			[
				1.9283289909362793
			]
		],
		"weight_1": [
			-0.6139852404594421
		]
	}
}