{
	"layer_0": {
		"weight_0": [
			[
				3.0252528190612793,
				2.092560052871704,
				3.78459095954895,
				-0.13144877552986145,
				4.124058723449707,
				0.0016412296099588275,
				2.1926639080047607,
				-0.14977321028709412,
				3.313075065612793,
				0.028325192630290985,
				0.6044175624847412,
				-0.2463456094264984,
				-0.48702237010002136,
				-19.416406631469727
			],
			[
				1.1182297468185425,
				1.2972185611724854,
				0.060369912534952164,
				-0.4662878215312958,
				0.8333299160003662,
				1.9559012651443481,
				0.9214614033699036,
				-0.08376967906951904,
				0.49989646673202515,
				1.2773969173431396,
				0.19438393414020538,
				2.3884382247924805,
				0.09665240347385406,
				0.36223533749580383
			]
		],
		"weight_1": [
			0.04702848568558693,
			-0.05576144531369209,
			-0.03230816498398781,
			0.0,
			0.057625703513622284,
			-0.0009791881311684847,
			-0.014845693483948708,
			0.0,
			0.11674823611974716,
			-0.00364677794277668,
			-0.21745920181274414,
			0.24597276747226715,
			-0.09798462688922882,
			0.025959022343158722
		]
	},
	"layer_1": {
		"weight_0": [
			[
				0.14061473309993744,
				1.3253642320632935,
				0.9981926083564758,
				1.6205486059188843,
				-0.477658212184906,
				-0.2705778479576111,
				1.4637566804885864,
				-0.6599789261817932
			],
			[
				0.48920759558677673,
				1.1990691423416138,
				0.7021341919898987,
				1.097550868988037,
				-0.17288663983345032,
				-0.15841445326805115,
				1.2081842422485352,
				0.3947964310646057
			],
			[
				0.18344715237617493,
				1.32796049118042,
				1.5804420709609985,
				1.3032907247543335,
				-1.311692714691162,
				-0.29381683468818665,
				1.5560253858566284,
				-2.753812313079834
			],
			[
				0.08450895547866821,
				-0.4376545250415802,
				0.014230728149414062,
				0.46878790855407715,
				0.24331218004226685,
				0.17306137084960938,
				0.514332115650177,
				-0.4667493999004364
			],
			[
				0.28651538491249084,
				1.6829270124435425,
				1.7731952667236328,
				1.3319101333618164,
				-0.9743504524230957,
				0.3054584264755249,
				0.9890293478965759,
				-1.326993465423584
			],
			[
				-4.304932117462158,
				0.5005658864974976,
				-2.2834854125976562,
				0.7738433480262756,
				1.0597805976867676,
				0.2917068302631378,
				0.49624282121658325,
				0.6660447716712952
			],
			[
				-0.2888984978199005,
				1.3466861248016357,
				0.9498124122619629,
				1.335915207862854,
				0.4003705680370331,
				0.268411785364151,
				0.6341566443443298,
				-0.1439330130815506
			],
			[
				-0.4320829510688782,
				0.3152576684951782,
				0.11131483316421509,
				0.2668321132659912,
				0.09999150037765503,
				-0.4850459098815918,
				0.04509079456329346,
				-0.42904752492904663
			],
			[
				0.22818703949451447,
				0.8184618353843689,
				0.8816708922386169,
				1.3739800453186035,
				-1.0492768287658691,
				-0.021383602172136307,
				1.518358588218689,
				-1.627909779548645
			],
			[
				-3.4722297191619873,
				0.439939945936203,
				-2.7485673427581787,
				0.8609154224395752,
				0.5073903799057007,
				0.06548327207565308,
				0.1670500785112381,
				0.8254414200782776
			],
			[
				0.41526782512664795,
				1.3194594383239746,
				-0.4980437457561493,
				0.5611745119094849,
				0.31257492303848267,
				-0.00114265619777143,
				-0.005192101001739502,
				0.8056036829948425
			],
			[
				-2.7693183422088623,
				1.0285695791244507,
				-4.082596778869629,
				0.7833284139633179,
				1.1823471784591675,
				-0.43399012088775635,
				0.5465646386146545,
				1.0355515480041504
			],
			[
				-0.16440555453300476,
				0.21940407156944275,
				0.19330209493637085,
				-0.3746686577796936,
				0.36618226766586304,
				0.32943564653396606,
				-0.4137033522129059,
				0.1542241871356964
			],
			[
				0.32951658964157104,
				-2.4971137046813965,
				-0.2901172339916229,
				-2.7001540660858154,
				1.8436068296432495,
				-0.1683020293712616,
				-2.800394058227539,
				2.3881938457489014
			]
		],
		"weight_1": [
			-0.3096317648887634,
			0.08408656716346741,
			0.13370592892169952,
			0.10774343460798264,
			0.006632485892623663,
			-0.04647330194711685,
			0.07720575481653214,
			0.0639198049902916
		]
	},
	"layer_2": {
		"weight_0": [
			[
				1.1063767671585083,
				-2.5725274085998535,
				-2.35660719871521,
				1.3200713396072388
			],
			[
				0.6320725679397583,
				1.4491702318191528,
				1.320936679840088,
				0.749837338924408
			],
			[
				-4.658992290496826,
				-3.284752607345581,
				-3.594135284423828,
				-2.401449203491211
			],
			[
				0.5801394581794739,
				1.6517972946166992,
				1.6505318880081177,
				0.9368581771850586
			],
			[
				1.1138168573379517,
				-1.4306389093399048,
				-2.1005985736846924,
				1.6740303039550781
			],
			[
				0.41424643993377686,
				-0.048738643527030945,
				-0.22508575022220612,
				0.3451492190361023
			],
			[
				0.3511723577976227,
				1.737728238105774,
				1.4365761280059814,
				-0.35826170444488525
			],
			[
				0.36978626251220703,
				-2.9758505821228027,
				-2.3743960857391357,
				2.480907678604126
			]
		],
		"weight_1": [
			0.14507918059825897,
			0.14674857258796692,
			0.141392320394516,
			0.45834749937057495
		]
	},
	"layer_3": {
		"weight_0": [
			[
				-1.1861488819122314
			],
			[
				2.6571664810180664
			],
			[
				2.3743972778320312
			],
			[
				-2.7571544647216797
			]
		],
		"weight_1": [
			0.17139752209186554
		]
	}
}