{
	"layer_0": {
		"weight_0": [
			[
				-0.43097519874572754,
				1.697265625,
				-0.17428147792816162,
				2.8414885997772217,
				1.9356958866119385,
				-0.348391592502594,
				2.871220111846924,
				2.198662281036377,
				2.7034473419189453,
				2.3123056888580322,
				2.000765323638916,
				2.482722759246826,
				1.8896695375442505,
				2.5689899921417236,
				2.4352340698242188,
				2.700228691101074
			],
			[
				-0.3335219621658325,
				1.793669581413269,
				-0.21894702315330505,
				1.8481190204620361,
				2.4763710498809814,
				-0.41993802785873413,
				1.3697757720947266,
				2.471630573272705,
				2.2172675132751465,
				2.111544132232666,
				2.1090688705444336,
				1.4630178213119507,
				1.9910839796066284,
				2.0143845081329346,
				2.038361072540283,
				1.5721049308776855
			]
		],
		"weight_1": [
			0.0,
			-1.6615527868270874,
			0.0,
			0.09319465607404709,
			0.10990235954523087,
			0.0,
			0.10054977983236313,
			0.11351476609706879,
			0.1209409311413765,
			0.08820262551307678,
			-1.9733220338821411,
			0.030248427763581276,
			-1.864943027496338,
			0.11647840589284897,
			0.09430374205112457,
			0.08537386357784271
		]
	},
	"layer_1": {
		"weight_0": [
			[
				0.33948516845703125,
				0.2655397653579712,
				-0.17900824546813965,
				-0.003893613815307617,
				0.21359944343566895,
				0.1475909948348999,
				-0.2580537796020508,
				-0.07387113571166992
			],
			[
				0.728135347366333,
				0.4627070724964142,
				0.6683667302131653,
				-0.1423090696334839,
				1.216484785079956,
				0.770673394203186,
				0.22550874948501587,
				0.2976107895374298
			],
			[
				-0.0925530195236206,
				-0.19560837745666504,
				-0.29535019397735596,
				0.21986889839172363,
				-0.4908323287963867,
				-0.35983026027679443,
				0.018968939781188965,
				-0.06874561309814453
			],
			[
				1.2047312259674072,
				1.1016242504119873,
				0.5823171138763428,
				-0.368078351020813,
				0.7991188168525696,
				0.5090892910957336,
				0.1899162232875824,
				1.029813289642334
			],
			[
				1.0559871196746826,
				0.286257803440094,
				0.9525686502456665,
				0.34437239170074463,
				0.5257037878036499,
				0.7913991212844849,
				-0.3732881546020508,
				1.1164928674697876
			],
			[
				-0.10760104656219482,
				-0.053389787673950195,
				-0.09051132202148438,
				-0.2676229476928711,
				-0.10877907276153564,
				-0.24620866775512695,
				0.4213547706604004,
				0.49880409240722656
			],
			[
				0.7528716325759888,
				1.1720232963562012,
				1.321110486984253,
				0.39576196670532227,
				1.0066596269607544,
				1.1718907356262207,
				0.3724910318851471,
				1.1844820976257324
			],
			[
				1.0932334661483765,
				1.0229345560073853,
				1.0422998666763306,
				-0.4479982852935791,
				0.5935720205307007,
				0.5351737141609192,
				0.05494039133191109,
				0.7066742777824402
			],
			[
				0.5413447618484497,
				1.1647839546203613,
				0.4480268657207489,
				0.13516640663146973,
				1.0800925493240356,
				0.9789782762527466,
				0.07443547248840332,
				1.057961344718933
			],
			[
				0.44786494970321655,
				0.6847679018974304,
				0.751178503036499,
				-0.22134196758270264,
				0.12158626317977905,
				0.6887089014053345,
				0.21042168140411377,
				0.356865793466568
			],
			[
				3.985283374786377,
				3.654144763946533,
				3.6490254402160645,
				-0.0431290864944458,
				3.591463565826416,
				3.539698839187622,
				-0.15514197945594788,
				3.41878080368042
			],
			[
				0.7196447253227234,
				1.1773878335952759,
				0.7371740341186523,
				0.25833380222320557,
				0.9431633949279785,
				0.8462651968002319,
				0.1306425929069519,
				0.7418073415756226
			],
			[
				1.7415835857391357,
				1.6444735527038574,
				2.0284740924835205,
				-0.4066634178161621,
				2.264463186264038,
				2.1849520206451416,
				0.21974654495716095,
				1.9656513929367065
			],
			[
				0.6671676635742188,
				0.9076820015907288,
				0.9469792246818542,
				-0.43864357471466064,
				1.0481442213058472,
				1.0597995519638062,
				-0.28687378764152527,
				0.9176838994026184
			],
			[
				0.8218619227409363,
				0.24413228034973145,
				0.26789748668670654,
				-0.005873441696166992,
				0.2624396085739136,
				0.84457927942276,
				-0.26096630096435547,
				0.7893952131271362
			],
			[
				0.5522185564041138,
				0.7710251808166504,
				1.2956963777542114,
				-0.4661322832107544,
				0.5035120248794556,
				0.46329668164253235,
				-0.42648133635520935,
				1.2971066236495972
			]
		],
		"weight_1": [
			0.14449883997440338,
			0.15690095722675323,
			0.1559501439332962,
			0.0,
			0.1479959934949875,
			0.1522432267665863,
			-0.10344110429286957,
			0.16072331368923187
		]
	},
	"layer_2": {
		"weight_0": [
			[
				1.2804665565490723,
				0.259045273065567,
				-0.029599368572235107,
				0.23464126884937286
			],
			[
				0.9549878239631653,
				0.048321597278118134,
				-0.3390170931816101,
				0.9242202043533325
			],
			[
				1.3861331939697266,
				-0.6617549061775208,
				-0.16671150922775269,
				0.5622725486755371
			],
			[
				0.5155437588691711,
				0.07899636030197144,
				-0.5371848344802856,
				-0.4822911024093628
			],
			[
				0.8038169145584106,
				0.3569625914096832,
				0.6104863286018372,
				0.6308419704437256
			],
			[
				1.3300647735595703,
				-0.5815417766571045,
				-0.6732558012008667,
				0.5477874279022217
			],
			[
				-0.3372114598751068,
				-0.6455778479576111,
				-0.5144088268280029,
				-0.24746790528297424
			],
			[
				0.84096360206604,
				0.33233124017715454,
				-0.05192255973815918,
				1.1262212991714478
			]
		],
		"weight_1": [
			0.18733739852905273,
			-0.055113617330789566,
			0.0,
			0.18993425369262695
		]
	},
	"layer_3": {
		"weight_0": [
			[
				1.1636778116226196
			],
			[
				-0.15346500277519226
			],
			[
				0.11491024494171143
			],
			[
				1.0586292743682861
			]
		],
		"weight_1": [
			0.21382619440555573
		]
	}
}