{
	"layer_0": {
		"weight_0": [
			[
				1.2671517133712769,
				5.088219165802002,
				0.005403602030128241,
				1.092517375946045,
				0.7678147554397583,
				4.699351787567139,
				2.010690927505493,
				1.8757543563842773,
				-0.21568414568901062,
				-0.029578864574432373,
				4.989771842956543,
				4.547284126281738,
				2.902256965637207,
				1.8124499320983887,
				0.7425040006637573,
				0.12837977707386017
			],
			[
				3.2595319747924805,
				-0.14906443655490875,
				-0.23591744899749756,
				4.554135322570801,
				6.131719589233398,
				0.0028948395047336817,
				1.3134466409683228,
				0.661334216594696,
				-0.2931792140007019,
				6.629953861236572,
				0.0028873656410723925,
				0.003312690882012248,
				0.026731781661510468,
				0.06816151738166809,
				0.6830077767372131,
				6.684720516204834
			]
		],
		"weight_1": [
			0.06813662499189377,
			0.14567388594150543,
			-0.0057179490104317665,
			0.3181905746459961,
			-0.11163043230772018,
			-0.0003317754017189145,
			-0.1139918863773346,
			-0.07960372418165207,
			0.0,
			0.323097825050354,
			0.0004703185404650867,
			0.00029567547608166933,
			-0.008634397760033607,
			-1.8411080837249756,
			-0.5396888256072998,
			0.6362932324409485
		]
	},
	"layer_1": {
		"weight_0": [
			[
				1.1083669662475586,
				1.2913323640823364,
				1.2235122919082642,
				-0.3996153175830841,
				-0.7812017798423767,
				0.7535738348960876,
				0.5344305038452148,
				0.970196008682251,
				0.23571215569972992,
				1.3772255182266235,
				-0.11173899471759796,
				-0.01936584711074829,
				0.9851048588752747,
				1.1164366006851196,
				0.34913015365600586,
				1.1229050159454346
			],
			[
				-6.712952613830566,
				1.2952275276184082,
				0.8745867609977722,
				-0.12654152512550354,
				2.8390345573425293,
				0.5463014841079712,
				-13.166143417358398,
				1.086046814918518,
				0.044441528618335724,
				0.481547087430954,
				-0.2526242733001709,
				0.1140507385134697,
				0.7924457788467407,
				0.5716496109962463,
				-0.022821923717856407,
				-3.046175479888916
			],
			[
				-0.12168210744857788,
				-0.023858653381466866,
				-0.13887375593185425,
				-0.18890073895454407,
				-0.404166579246521,
				0.4231095612049103,
				-0.21629264950752258,
				0.22068756818771362,
				-0.19157451391220093,
				0.07446061819791794,
				0.18860796093940735,
				0.198740154504776,
				-0.2548092305660248,
				-0.2769758999347687,
				0.4016847312450409,
				0.17707988619804382
			],
			[
				1.4629833698272705,
				1.4494504928588867,
				0.6287342309951782,
				-0.19416022300720215,
				-1.87209153175354,
				1.4394334554672241,
				0.7698782682418823,
				1.242740273475647,
				-0.07488191872835159,
				1.2335726022720337,
				0.01612045057117939,
				0.07699458301067352,
				1.2128949165344238,
				1.6031088829040527,
				-0.46964916586875916,
				1.3119890689849854
			],
			[
				1.4090635776519775,
				1.7415634393692017,
				1.0441982746124268,
				0.06572777032852173,
				-4.092747211456299,
				1.1543062925338745,
				0.9161022305488586,
				1.3680311441421509,
				0.19223026931285858,
				1.2917417287826538,
				0.25612035393714905,
				-0.2943090796470642,
				1.1413683891296387,
				1.0579584836959839,
				-0.1742163747549057,
				2.09247088432312
			],
			[
				-7.2642741203308105,
				0.5585428476333618,
				0.9269996285438538,
				-0.15949568152427673,
				1.9735863208770752,
				0.7837924361228943,
				-22.78464698791504,
				0.8438556790351868,
				-0.36951524019241333,
				1.0024546384811401,
				-0.003739297389984131,
				-0.1901080459356308,
				0.9862555861473083,
				0.9772055149078369,
				-0.29514628648757935,
				-3.2064154148101807
			],
			[
				0.5057528018951416,
				1.2599787712097168,
				0.2664255201816559,
				0.0901460349559784,
				0.17027227580547333,
				0.9914255738258362,
				-0.5174456238746643,
				0.8818452954292297,
				-0.0385131798684597,
				1.0851669311523438,
				-0.4347645044326782,
				-0.0276927649974823,
				0.7679516077041626,
				0.8964740037918091,
				0.07467978447675705,
				0.8513941764831543
			],
			[
				0.004553317092359066,
				1.1076080799102783,
				0.5406542420387268,
				-0.21038256585597992,
				0.39059633016586304,
				1.1056495904922485,
				-0.6135216951370239,
				0.8611981868743896,
				-0.46297407150268555,
				0.9830416440963745,
				-0.3440517485141754,
				-0.24912551045417786,
				0.604008674621582,
				0.4994661211967468,
				0.3622590899467468,
				0.25058817863464355
			],
			[
				0.07112309336662292,
				-0.026503652334213257,
				0.1266537606716156,
				0.4041711986064911,
				-0.2734294533729553,
				0.015340477228164673,
				-0.21923524141311646,
				0.29107341170310974,
				0.29391875863075256,
				0.3600163161754608,
				-0.041235536336898804,
				-0.4076688289642334,
				-0.2940974235534668,
				0.4118785560131073,
				-0.26032543182373047,
				0.25178924202919006
			],
			[
				2.0075125694274902,
				1.2742278575897217,
				1.5508936643600464,
				-0.21957407891750336,
				-6.137320041656494,
				1.6945462226867676,
				0.7205680012702942,
				0.9543012380599976,
				-0.38125407695770264,
				1.5207056999206543,
				-0.18672020733356476,
				0.32922056317329407,
				1.6466751098632812,
				1.5103923082351685,
				-0.2882692813873291,
				2.2475926876068115
			],
			[
				-6.941631317138672,
				0.9522063732147217,
				0.986097514629364,
				0.10809668898582458,
				2.122267007827759,
				0.5633058547973633,
				-23.10147476196289,
				0.8256709575653076,
				0.07650420069694519,
				0.6242564916610718,
				-0.272900253534317,
				-0.12850871682167053,
				0.6716422438621521,
				0.6725713014602661,
				-0.2901127338409424,
				-3.4053127765655518
			],
			[
				-6.841130256652832,
				0.4875112473964691,
				0.26321113109588623,
				-0.14464455842971802,
				1.4458884000778198,
				1.0737645626068115,
				-22.987899780273438,
				0.2962716221809387,
				-0.31889474391937256,
				0.9864292740821838,
				0.19050416350364685,
				-0.31812041997909546,
				0.5935921669006348,
				0.8610526323318481,
				-0.2431333363056183,
				-2.4444522857666016
			],
			[
				-2.018059253692627,
				0.8792486190795898,
				0.21501988172531128,
				0.2343822419643402,
				0.899633526802063,
				0.8958383202552795,
				-4.2069573402404785,
				0.8587842583656311,
				0.30548280477523804,
				0.7841126322746277,
				-0.028967808932065964,
				-0.4298532009124756,
				0.8505293726921082,
				0.507195770740509,
				0.36118996143341064,
				-0.772797167301178
			],
			[
				-0.3282091021537781,
				3.5459084510803223,
				3.4669065475463867,
				-0.08856812119483948,
				-1.1813066005706787,
				3.7250144481658936,
				-0.909447193145752,
				3.9431817531585693,
				0.06946475058794022,
				3.729048252105713,
				0.1613100916147232,
				-0.37915948033332825,
				4.30398416519165,
				3.903604507446289,
				0.25830337405204773,
				-0.03557451814413071
			],
			[
				0.9429855942726135,
				0.5319242477416992,
				0.7951179146766663,
				0.34974202513694763,
				1.4208017587661743,
				0.1618962287902832,
				-0.9726625084877014,
				0.8668092489242554,
				-0.16911697387695312,
				0.2054615020751953,
				0.39154455065727234,
				-0.38680240511894226,
				0.8377936482429504,
				0.5909551978111267,
				-0.09946296364068985,
				-0.10654748231172562
			],
			[
				1.4163182973861694,
				1.3326972723007202,
				1.2561216354370117,
				-0.2548278570175171,
				-4.749453544616699,
				1.2034940719604492,
				1.4401134252548218,
				1.552198052406311,
				-0.33221498131752014,
				1.0051794052124023,
				-0.0740637332201004,
				-0.4281602203845978,
				1.4943184852600098,
				1.7444332838058472,
				0.280367374420166,
				1.8313617706298828
			]
		],