{
	"layer_0": {
		"weight_0": [
			[
				7.948888778686523,
				-0.061608314514160156,
				-0.3381323218345642,
				-0.6601895689964294,
				0.15854527056217194,
				-0.06253406405448914,
				2.230806827545166,
				0.5413781404495239,
				0.09738334268331528,
				0.15369340777397156,
				3.9905929565429688,
				3.8460493087768555,
				1.6902966499328613,
				1.22003972530365,
				-0.5359497666358948,
				0.3999220132827759
			],
			[
				1.7940393686294556,
				-0.5344734787940979,
				-0.5692256689071655,
				7.605969429016113,
				-0.3791050314903259,
				0.12247619032859802,
				4.137340545654297,
				0.43855488300323486,
				0.13391441106796265,
				-0.3867933452129364,
				1.759950876235962,
				-0.29378244280815125,
				3.115837335586548,
				2.8578500747680664,
				-0.11498183012008667,
				5.969184875488281
			]
		],
		"weight_1": [
			-0.03493940085172653,
			0.0,
			0.0,
			0.662705659866333,
			-0.16040900349617004,
			-0.12293799966573715,
			-0.06178373098373413,
			-0.05226489156484604,
			-0.17494021356105804,
			-0.15485543012619019,
			-1.6266288757324219,
			0.7051791548728943,
			0.17107142508029938,
			0.4369051158428192,
			0.0,
			-0.05556514114141464
		]
	},
	"layer_1": {},
	"layer_2": {},
	"layer_3": {},
	"layer_4": {
		"weight_0": [
			[
				-8.720192909240723,
				1.3778101205825806,
				-1.8639930486679077,
				-0.2552090883255005,
				-4.837606430053711,
				-6.883749961853027,
				-9.36621379852295,
				-3.82853627204895,
				0.7026970386505127,
				-3.2098255157470703,
				1.9034035205841064,
				-5.292614459991455,
				-1.2208977937698364,
				-1.5048424005508423,
				0.9460641741752625,
				-9.547262191772461
			],
			[
				0.3695749342441559,
				3.576550245285034,
				2.3137307167053223,
				-0.4611818790435791,
				1.4525619745254517,
				-0.5248480439186096,
				0.01454215869307518,
				1.7468844652175903,
				3.547929525375366,
				1.4556646347045898,
				-11.385159492492676,
				2.2374014854431152,
				1.689634084701538,
				2.355677843093872,
				3.5172858238220215,
				-0.007815085351467133
			],
			[
				-0.14247798919677734,
				0.0005897847004234791,
				0.33134448528289795,
				0.44277238845825195,
				-0.15305955708026886,
				0.23152801394462585,
				0.2272021770477295,
				-0.27827930450439453,
				-0.30893653631210327,
				0.14599204063415527,
				0.4506188929080963,
				0.43460896611213684,
				0.11268045008182526,
				-0.15476243197917938,
				0.0999402180314064,
				-0.5018162727355957
			],
			[
				-4.718123435974121,
				2.6612603664398193,
				0.36504074931144714,
				-0.388094425201416,
				0.1870184689760208,
				-9.402543067932129,
				-9.257316589355469,
				-0.19767595827579498,
				2.69256591796875,
				0.5888671875,
				-1.1596602201461792,
				-2.556875705718994,
				0.14026568830013275,
				1.4198544025421143,
				2.4584853649139404,
				-8.783112525939941
			],
			[
				-0.12352960556745529,
				-0.13866063952445984,
				0.3203773498535156,
				0.2566882371902466,
				-0.11977267265319824,
				-0.41345876455307007,
				0.2694941759109497,
				-0.19620344042778015,
				-0.014520881697535515,
				-0.37873420119285583,
				0.2337963581085205,
				0.21269898116588593,
				0.007708544377237558,
				-0.12807509303092957,
				-0.2971896529197693,
				-0.4398947060108185
			],
			[
				0.06249067187309265,
				1.1516600847244263,
				-1.747588038444519,
				0.23432672023773193,
				-2.91825270652771,
				0.2572537362575531,
				-0.08624120056629181,
				-2.331900119781494,
				1.3918017148971558,
				-1.6454505920410156,
				1.4498707056045532,
				-4.415060997009277,
				-1.9763903617858887,
				-1.6094131469726562,
				1.8930437564849854,
				-0.1959538608789444
			],
			[
				-0.40074315667152405,
				1.8158231973648071,
				0.4533277750015259,
				-0.3423231840133667,
				-0.2026769369840622,
				0.025915253907442093,
				0.056727781891822815,
				-0.31667906045913696,
				1.6682827472686768,
				-0.3723674714565277,
				0.561012864112854,
				0.8077839016914368,
				-0.25365450978279114,
				1.2201651334762573,
				1.663922905921936,
				0.004831141792237759
			],
			[
				-3.0351903438568115,
				2.9752094745635986,
				1.5452311038970947,
				-0.4909478425979614,
				0.04820214956998825,
				-3.8454501628875732,
				-2.7247250080108643,
				0.44820737838745117,
				3.0569076538085938,
				0.8803557753562927,
				-4.684018611907959,
				0.06418606638908386,
				0.3119891881942749,
				1.2877508401870728,
				3.031567096710205,
				-2.875761032104492
			]
		],
		"weight_1": [
			0.14336244761943817,
			-0.674883246421814,
			0.8963006734848022,
			0.0,
			1.1962735652923584,
			0.4234031140804291,
			0.3068965971469879,
			0.8164905905723572,
			-0.6547097563743591,
			0.8078621625900269,
			-0.23191019892692566,
			0.9786981344223022,
			0.9631894826889038,
			1.0111647844314575,
			-0.6672611832618713,
			0.43427374958992004
		]
	},
	"layer_5": {
		"weight_0": [
			[
				-2.667489767074585
			],
			[
				2.442857265472412
			],
			[
				-3.3111026287078857
			],
			[
				-0.13340994715690613
			],
			[
				-11.412834167480469
			],
			[
				-3.631861448287964
			],
			[
				-4.038461685180664
			],
			[
				-5.7550482749938965
			],
			[
				2.5774126052856445
			],
			[
				-4.113293170928955
			],
			[
				-1.9241198301315308
			],
			[
				-44.46025466918945
			],
			[
				-5.134728908538818
			],
			[
				-3.7298009395599365
			],
			[
				2.504504919052124
			],
			[
				-3.747349262237549
			]
		],
		"weight_1": [
			-0.652844250202179
		]
	}
}