{
	"layer_0": {
		"weight_0": [
			[
				-0.43097519874572754,
				1.1909857988357544,
				-0.17428147792816162,
				2.215317726135254,
				1.3103158473968506,
				-0.348391592502594,
				2.239384174346924,
				1.5722458362579346,
				2.0762338638305664,
				1.6988335847854614,
				1.5032563209533691,
				1.856616735458374,
				1.3898845911026,
				1.9404479265213013,
				1.8216087818145752,
				2.074108839035034
			],
			[
				-0.3335219621658325,
				1.2573918104171753,
				-0.21894702315330505,
				1.3495230674743652,
				1.9796860218048096,
				-0.41993802785873413,
				0.8658950924873352,
				1.9737040996551514,
				1.7181308269500732,
				1.6246908903121948,
				1.5890430212020874,
				0.96421879529953,
				1.4704533815383911,
				1.514042854309082,
				1.551188349723816,
				1.0733375549316406
			]
		],
		"weight_1": [
			0.0,
			-1.1860319375991821,
			0.0,
			0.0689363032579422,
			0.08731788396835327,
			0.0,
			0.06984270364046097,
			0.08955920487642288,
			0.09577947854995728,
			0.07835333049297333,
			-1.48476243019104,
			0.005877465475350618,
			-1.3746428489685059,
			0.08978525549173355,
			0.08417720347642899,
			0.06105118617415428
		]
	},
	"layer_1": {
		"weight_0": [
			[
				0.33948516845703125,
				0.2655397653579712,
				-0.17900824546813965,
				-0.003893613815307617,
				0.21359944343566895,
				0.1475909948348999,
				-0.2580537796020508,
				-0.07387113571166992
			],
			[
				0.9297995567321777,
				0.6600145697593689,
				0.8638132810592651,
				-0.1423090696334839,
				1.4208422899246216,
				0.9669754505157471,
				0.22550874948501587,
				0.4941563010215759
			],
			[
				-0.0925530195236206,
				-0.19560837745666504,
				-0.29535019397735596,
				0.21986889839172363,
				-0.4908323287963867,
				-0.35983026027679443,
				0.018968939781188965,
				-0.06874561309814453
			],
			[
				1.2470824718475342,
				1.1400580406188965,
				0.6189994812011719,
				-0.368078351020813,
				0.8439328670501709,
				0.5465563535690308,
				0.1899162232875824,
				1.0675435066223145
			],
			[
				1.1184741258621216,
				0.3448983132839203,
				1.0095415115356445,
				0.34437239170074463,
				0.5905292630195618,
				0.8491240739822388,
				-0.3732881546020508,
				1.1744810342788696
			],
			[
				-0.10760104656219482,
				-0.053389787673950195,
				-0.09051132202148438,
				-0.2676229476928711,
				-0.10877907276153564,
				-0.24620866775512695,
				0.4213547706604004,
				0.49880409240722656
			],
			[
				0.6995185017585754,
				1.114776849746704,
				1.262160062789917,
				0.39576196670532227,
				0.9557416439056396,
				1.1136939525604248,
				0.3724910318851471,
				1.1265699863433838
			],
			[
				1.173978328704834,
				1.0998176336288452,
				1.1174918413162231,
				-0.4479982852935791,
				0.676705539226532,
				0.6111193299293518,
				0.05494039133191109,
				0.782883882522583
			],
			[
				0.6223087906837463,
				1.2418029308319092,
				0.5233249068260193,
				0.13516640663146973,
				1.1634750366210938,
				1.0550469160079956,
				0.07443547248840332,
				1.1342928409576416
			],
			[
				0.5403000712394714,
				0.773285448551178,
				0.8379741907119751,
				-0.22134196758270264,
				0.21643464267253876,
				0.7762690186500549,
				0.21042168140411377,
				0.44469475746154785
			],
			[
				4.130607604980469,
				3.795147180557251,
				3.7881317138671875,
				-0.0431290864944458,
				3.7394869327545166,
				3.679669141769409,
				-0.15514197945594788,
				3.559009552001953
			],
			[
				0.7380260229110718,
				1.1918554306030273,
				0.7498986721038818,
				0.25833380222320557,
				0.9640047550201416,
				0.8597713112831116,
				0.1306425929069519,
				0.7555773258209229
			],
			[
				1.8855485916137695,
				1.7840847969055176,
				2.1661808490753174,
				-0.4066634178161621,
				2.411081314086914,
				2.323509454727173,
				0.21974654495716095,
				2.104451894760132
			],
			[
				0.7453420758247375,
				0.9819179773330688,
				1.0194835662841797,
				-0.43864357471466064,
				1.1287517547607422,
				1.1330749988555908,
				-0.28687378764152527,
				0.9912274479866028
			],
			[
				0.9085289239883423,
				0.32687851786613464,
				0.3489207327365875,
				-0.005873441696166992,
				0.3515385389328003,
				0.9263759255409241,
				-0.26096630096435547,
				0.8714565634727478
			],
			[
				0.5662783980369568,
				0.7811592817306519,
				1.3041040897369385,
				-0.4661322832107544,
				0.5200238823890686,
				0.47247570753097534,
				-0.42648133635520935,
				1.3065391778945923
			]
		],
		"weight_1": [
			0.09584306925535202,
			0.10449852049350739,
			0.1019042432308197,
			0.0,
			0.10163437575101852,
			0.09893175214529037,
			-0.10344110429286957,
			0.10766787081956863
		]
	},
	"layer_2": {
		"weight_0": [
			[
				1.4015933275222778,
				0.259045273065567,
				-0.029599368572235107,
				0.35764604806900024
			],
			[
				1.0573554039001465,
				0.048321597278118134,
				-0.3390170931816101,
				1.0284672975540161
			],
			[
				1.498368263244629,
				-0.6617549061775208,
				-0.16671150922775269,
				0.6763908863067627
			],
			[
				0.5155437588691711,
				0.07899636030197144,
				-0.5371848344802856,
				-0.4822911024093628
			],
			[
				0.9260503053665161,
				0.3569625914096832,
				0.6104863286018372,
				0.7549901008605957
			],
			[
				1.446466088294983,
				-0.5815417766571045,
				-0.6732558012008667,
				0.66607266664505
			],
			[
				-0.3372114598751068,
				-0.6455778479576111,
				-0.5144088268280029,
				-0.24746790528297424
			],
			[
				0.9431944489479065,
				0.33233124017715454,
				-0.05192255973815918,
				1.230354905128479
			]
		],
		"weight_1": [
			0.11036202311515808,
			-0.055113617330789566,
			0.0,
			0.11471003293991089
		]
	},
	"layer_3": {
		"weight_0": [
			[
				1.2780380249023438
			],
			[
				-0.15346500277519226
			],
			[
				0.11491024494171143
			],
			[
				1.181907057762146
			]
		],
		"weight_1": [
			0.11760283261537552
		]
	}
}