{
	"layer_0": {
		"weight_0": [
			[
				-0.44800108671188354,
				-0.0010561943054199219,
				-0.7579874396324158,
				2.2122535705566406,
				0.11529066413640976,
				0.3247470259666443,
				3.1657443046569824,
				-2.5022714138031006,
				0.7461490035057068,
				2.8907501697540283,
				-0.221058189868927,
				0.20979426801204681,
				-0.006361193954944611,
				0.07049275934696198,
				0.8950235843658447,
				-0.49773454666137695
			],
			[
				-0.2342313826084137,
				-0.31588515639305115,
				2.4553868770599365,
				0.6526029706001282,
				0.044264961034059525,
				1.3761184215545654,
				0.4500863552093506,
				1.3295907974243164,
				1.5616209506988525,
				0.03387003019452095,
				-0.4012356996536255,
				3.0981688499450684,
				2.9646549224853516,
				-0.001015498535707593,
				1.8900724649429321,
				-0.42966198921203613
			]
		],
		"weight_1": [
			0.0,
			0.0,
			0.1373317688703537,
			-0.0014086015289649367,
			-0.13484637439250946,
			-0.135262131690979,
			0.03557504341006279,
			0.0651087686419487,
			-0.01183442585170269,
			-0.004016153980046511,
			0.0,
			-0.021352099254727364,
			0.007930330000817776,
			-0.07322990894317627,
			-0.08129553496837616,
			0.0
		]
	},
	"layer_1": {
		"weight_0": [
			[
				-0.2783360481262207,
				0.3869943618774414,
				0.26643669605255127,
				0.13678628206253052,
				-0.3997526168823242,
				-0.011200368404388428,
				0.19704550504684448,
				0.21136653423309326,
				0.21312636137008667,
				-0.38750770688056946
			],
			[
				-0.26526618003845215,
				-0.3742459714412689,
				-0.2604721784591675,
				-0.3014571964740753,
				-0.10747280716896057,
				-0.20182105898857117,
				-0.10248661041259766,
				0.17488139867782593,
				-0.037890344858169556,
				-0.03388813138008118
			],
			[
				-1.4607330560684204,
				0.3861074447631836,
				0.27687737345695496,
				-0.566228985786438,
				-0.09693659096956253,
				-0.06800269335508347,
				0.8396499752998352,
				0.4077049493789673,
				-1.521014928817749,
				0.09334436058998108
			],
			[
				-0.15746355056762695,
				-2.1826446056365967,
				0.6510454416275024,
				0.773635745048523,
				0.2345917969942093,
				0.3660162687301636,
				-1.3573099374771118,
				-0.3179144561290741,
				-0.31396326422691345,
				-0.5163373351097107
			],
			[
				-0.03975871205329895,
				-0.4400104880332947,
				-0.10994815826416016,
				-0.17396040260791779,
				0.04649772122502327,
				-0.32926127314567566,
				-0.36754053831100464,
				-0.03333127498626709,
				0.245874285697937,
				0.1744752824306488
			],
			[
				-0.1460055708885193,
				0.7453828454017639,
				1.416121244430542,
				1.4885436296463013,
				1.395194411277771,
				1.1684279441833496,
				0.4020712077617645,
				1.2778950929641724,
				-0.21961097419261932,
				-0.8480644226074219
			],
			[
				-0.32910892367362976,
				-3.016252279281616,
				0.7324068546295166,
				0.8846873641014099,
				0.354213148355484,
				-0.07167907059192657,
				-2.0684523582458496,
				-0.5821520686149597,
				-0.5350154638290405,
				0.18089227378368378
			],
			[
				-0.7806763648986816,
				0.08287704735994339,
				-0.26048651337623596,
				-0.11967864632606506,
				0.3809691071510315,
				0.17976975440979004,
				-1.92626953125,
				-0.16510745882987976,
				-1.273606538772583,
				-0.06518252938985825
			],
			[
				0.6683269739151001,
				-0.2727847099304199,
				0.8529912829399109,
				1.0362685918807983,
				0.36499062180519104,
				0.2372894585132599,
				-0.18572577834129333,
				0.2956467568874359,
				0.7811211347579956,
				-0.3350890576839447
			],
			[
				0.05998522415757179,
				-11.123222351074219,
				0.5110459327697754,
				0.46546006202697754,
				0.1933104544878006,
				0.16155211627483368,
				-4.410988807678223,
				-1.5311225652694702,
				0.368671178817749,
				0.10438328981399536
			],
			[
				-0.02370905876159668,
				-0.06846883893013,
				0.20136100053787231,
				-0.24308601021766663,
				0.11563241481781006,
				-0.41602471470832825,
				-0.3866843283176422,
				0.23025572299957275,
				-0.17588472366333008,
				-0.23400931060314178
			],
			[
				0.2024882435798645,
				0.19816428422927856,
				1.3203303813934326,
				1.3419110774993896,
				1.3251150846481323,
				0.5226725935935974,
				0.8418466448783875,
				0.6344335675239563,
				0.37904754281044006,
				0.5699343085289001
			],
			[
				0.8670022487640381,
				0.8630304336547852,
				0.9327682256698608,
				0.9759294390678406,
				1.1850999593734741,
				0.8288207054138184,
				1.0477524995803833,
				0.7168866395950317,
				0.9781206846237183,
				-0.16014274954795837
			],
			[
				-0.14594164490699768,
				0.028371572494506836,
				-0.4138045907020569,
				0.2987050414085388,
				0.11944875866174698,
				0.032217442989349365,
				-0.22443130612373352,
				-0.06568649411201477,
				0.35419291257858276,
				0.21557234227657318
			],
			[
				0.47616997361183167,
				-0.034735146909952164,
				0.7445762753486633,
				0.8366727232933044,
				1.0122631788253784,
				0.7534510493278503,
				0.04672151803970337,
				0.5787308812141418,
				0.4514799416065216,
				-0.21094022691249847
			],
			[
				-0.09650182723999023,
				-0.11311376094818115,
				-0.1732993721961975,
				-0.18222317099571228,
				-0.08711564540863037,
				-0.37382781505584717,
				0.4174918532371521,
				-0.004843592643737793,
				0.3048606514930725,
				-0.25332018733024597
			]
		],
		"weight_1": [
			0.6149983406066895,
			0.19891244173049927,
			-0.20825351774692535,
			-0.2025807797908783,
			-0.09933212399482727,
			-0.04848313331604004,
			0.20955374836921692,
			0.5105610489845276,
			0.8577179312705994,
			0.5985012650489807
		]
	},
	"layer_2": {
		"weight_0": [
			[
				3.345292806625366,
				3.5178515911102295,
				3.2455294132232666,
				3.283294916152954,
				3.8480117321014404,
				-0.5241228938102722
			],
			[
				-4.580959796905518,
				-4.778128147125244,
				-3.7383110523223877,
				-4.2322235107421875,
				-4.470658302307129,
				-0.3074840307235718
			],
			[
				1.0062249898910522,
				0.914006233215332,
				1.058645486831665,
				0.7572975158691406,
				1.1599117517471313,
				-0.7146351337432861
			],
			[
				0.9960055351257324,
				0.8921152949333191,
				0.5740166306495667,
				0.31129133701324463,
				0.6058878898620605,
				0.3584490120410919
			],
			[
				0.5657933354377747,
				0.7367972731590271,
				1.2442328929901123,
				0.828637957572937,
				0.7111221551895142,
				0.28376176953315735
			],
			[
				-0.03314667195081711,
				0.9894771575927734,
				0.3548465371131897,
				0.4822263717651367,
				0.6556268334388733,
				0.008110393770039082
			],
			[
				-2.436746835708618,
				-2.698659896850586,
				-2.2132654190063477,
				-2.131284475326538,
				-2.1633870601654053,
				0.11292535066604614
			],
			[
				-1.7029931545257568,
				-2.4151723384857178,
				-2.3933732509613037,
				-1.5042062997817993,
				-2.376347541809082,
				-0.3562369644641876
			],
			[
				3.6206395626068115,
				4.585586071014404,
				4.4410624504089355,
				4.451000213623047,
				4.492494106292725,
				0.3831670582294464
			],
			[
				-0.35355859994888306,
				0.9783821105957031,
				0.3613617420196533,
				1.2062252759933472,
				0.141334667801857,
				-0.4461180865764618
			]
		],
		"weight_1": [
			-1.009367823600769,
			-0.9860872626304626,
			-0.934977114200592,
			-0.9993734359741211,
			-0.9316818118095398,
			-0.12269582599401474
		]
	},
	"layer_3": {
		"weight_0": [
			[
				2.010591983795166
			],
			[
				1.8253228664398193
			],
			[
				1.3225864171981812
			],
			[
				1.8476990461349487
			],
			[
				1.3781964778900146
			],
			[
				-0.3215521275997162
			]
		],
		"weight_1": [
			-0.9004911184310913
		]
	}
}