{
	"layer_0": {
		"weight_0": [
			[
				1.2683827877044678,
				4.330976486206055,
				0.005403602030128241,
				1.1400063037872314,
				0.8570548295974731,
				3.942896842956543,
				1.928019404411316,
				1.7832881212234497,
				-0.21568414568901062,
				0.11558067053556442,
				4.146590709686279,
				3.6914756298065186,
				2.6593172550201416,
				1.8124499320983887,
				1.3609344959259033,
				0.26685628294944763
			],
			[
				2.9125173091888428,
				-0.2501106262207031,
				-0.23591744899749756,
				3.957242727279663,
				5.0196919441223145,
				0.00812385231256485,
				1.6757351160049438,
				1.0176606178283691,
				-0.2931792140007019,
				5.580999851226807,
				0.008260725066065788,
				0.00836446788161993,
				0.5129234194755554,
				0.06816151738166809,
				0.6594500541687012,
				5.36447286605835
			]
		],
		"weight_1": [
			0.048278823494911194,
			0.2550637125968933,
			-0.0057179490104317665,
			0.25005999207496643,
			-0.1734803318977356,
			0.0024813322816044092,
			-0.05411606654524803,
			-0.024938587099313736,
			0.0,
			0.3524629771709442,
			0.0023838644847273827,
			0.0018799068639054894,
			-0.016504090279340744,
			-1.8411080837249756,
			-0.11277417838573456,
			0.48751741647720337
		]
	},
	"layer_1": {
		"weight_0": [
			[
				0.8620673418045044,
				1.3806906938552856,
				1.324350357055664,
				-0.3996153175830841,
				-0.7826324701309204,
				0.8414090871810913,
				0.3852194547653198,
				1.0778437852859497,
				0.23571215569972992,
				1.4802030324935913,
				-0.11173899471759796,
				-0.01936584711074829,
				1.089540719985962,
				1.2102234363555908,
				0.34913015365600586,
				1.0658166408538818
			],
			[
				-5.2789459228515625,
				1.2056046724319458,
				0.7956714630126953,
				-0.12654152512550354,
				2.4850287437438965,
				0.4548988938331604,
				-8.391561508178711,
				1.0143846273422241,
				0.044441528618335724,
				0.4050498604774475,
				-0.2526242733001709,
				0.1140507385134697,
				0.7169327139854431,
				0.4854605793952942,
				-0.022821923717856407,
				-2.9372546672821045
			],
			[
				-0.12168210744857788,
				-0.023858653381466866,
				-0.13887375593185425,
				-0.18890073895454407,
				-0.404166579246521,
				0.4231095612049103,
				-0.21629264950752258,
				0.22068756818771362,
				-0.19157451391220093,
				0.07446061819791794,
				0.18860796093940735,
				0.198740154504776,
				-0.2548092305660248,
				-0.2769758999347687,
				0.4016847312450409,
				0.17707988619804382
			],
			[
				1.2378944158554077,
				1.5154683589935303,
				0.706106960773468,
				-0.19416022300720215,
				-1.687476634979248,
				1.503965139389038,
				0.5979365110397339,
				1.326706886291504,
				-0.07488191872835159,
				1.3130252361297607,
				0.01612045057117939,
				0.07699458301067352,
				1.2937825918197632,
				1.673539638519287,
				-0.46964916586875916,
				1.2907768487930298
			],
			[
				1.1757158041000366,
				1.7906320095062256,
				1.1041812896728516,
				0.06572777032852173,
				-2.9146432876586914,
				1.20200514793396,
				0.7914179563522339,
				1.434228539466858,
				0.19223026931285858,
				1.3536525964736938,
				0.25612035393714905,
				-0.2943090796470642,
				1.2047327756881714,
				1.111411452293396,
				-0.1742163747549057,
				2.0894904136657715
			],
			[
				-5.818591117858887,
				0.48577022552490234,
				0.8648915886878967,
				-0.15949568152427673,
				1.6103116273880005,
				0.7092312574386597,
				-14.49531078338623,
				0.788951575756073,
				-0.36951524019241333,
				0.9427494406700134,
				-0.003739297389984131,
				-0.1901080459356308,
				0.9275208711624146,
				0.9078538417816162,
				-0.29514628648757935,
				-3.1558783054351807
			],
			[
				0.1881849467754364,
				1.374660611152649,
				0.3928835391998291,
				0.0901460349559784,
				-0.14438460767269135,
				1.104372501373291,
				-0.6657005548477173,
				1.0156035423278809,
				-0.0385131798684597,
				1.2139724493026733,
				-0.4347645044326782,
				-0.0276927649974823,
				0.8980782628059387,
				1.0154047012329102,
				0.07467978447675705,
				0.6636983752250671
			],
			[
				-0.30987682938575745,
				1.2198593616485596,
				0.6645752787590027,
				-0.21038256585597992,
				0.031872618943452835,
				1.21614408493042,
				-0.7704479098320007,
				0.9925356507301331,
				-0.46297407150268555,
				1.1093802452087402,
				-0.3440517485141754,
				-0.24912551045417786,
				0.7316044569015503,
				0.6158297061920166,
				0.3622590899467468,
				0.017138712108135223
			],
			[
				0.07112309336662292,
				-0.026503652334213257,
				0.1266537606716156,
				0.4041711986064911,
				-0.2734294533729553,
				0.015340477228164673,
				-0.21923524141311646,
				0.29107341170310974,
				0.29391875863075256,
				0.3600163161754608,
				-0.041235536336898804,
				-0.4076688289642334,
				-0.2940974235534668,
				0.4118785560131073,
				-0.26032543182373047,
				0.25178924202919006
			],
			[
				1.8072869777679443,
				1.301355242729187,
				1.5888583660125732,
				-0.21957407891750336,
				-4.328578472137451,
				1.7203439474105835,
				0.5574040412902832,
				0.9983701705932617,
				-0.38125407695770264,
				1.5605250597000122,
				-0.18672020733356476,
				0.32922056317329407,
				1.68796968460083,
				1.5418881177902222,
				-0.2882692813873291,
				2.2810258865356445
			],
			[
				-5.479423522949219,
				0.873896598815918,
				0.9184301495552063,
				0.10809668898582458,
				1.7604725360870361,
				0.4832145571708679,
				-14.751603126525879,
				0.7652114033699036,
				0.07650420069694519,
				0.5590061545372009,
				-0.272900253534317,
				-0.12850871682167053,
				0.6073684692382812,
				0.597690224647522,
				-0.2901127338409424,
				-3.3455121517181396
			],
			[
				-5.4261298179626465,
				0.4185353219509125,
				0.2048972249031067,
				-0.14464455842971802,
				1.0824781656265259,
				1.0030019283294678,
				-14.871493339538574,
				0.24515554308891296,
				-0.31889474391937256,
				0.9305271506309509,
				0.19050416350364685,
				-0.31812041997909546,
				0.5386636257171631,
				0.7954939007759094,
				-0.2431333363056183,
				-2.4047207832336426
			],
			[
				-1.6218045949935913,
				0.885706901550293,
				0.2324904501438141,
				0.2343822419643402,
				0.527009129524231,
				0.9005151391029358,
				-3.1938302516937256,
				0.8835618495941162,
				0.30548280477523804,
				0.8040058016777039,
				-0.028967808932065964,
				-0.4298532009124756,
				0.8714841604232788,
				0.5172746777534485,
				0.36118996143341064,
				-0.8956140875816345
			],
			[
				-0.3282091021537781,
				3.5459084510803223,
				3.4669065475463867,
				-0.08856812119483948,
				-1.1813066005706787,
				3.7250144481658936,
				-0.909447193145752,
				3.9431817531585693,
				0.06946475058794022,
				3.729048252105713,
				0.1613100916147232,
				-0.37915948033332825,
				4.30398416519165,
				3.903604507446289,
				0.25830337405204773,
				-0.03557451814413071
			],
			[
				-1.5835484266281128,
				0.6123220324516296,
				0.886673629283905,
				0.34974202513694763,
				1.1753077507019043,
				0.24055171012878418,
				-2.876600980758667,
				0.9655687808990479,
				-0.16911697387695312,
				0.2993691563606262,
				0.39154455065727234,
				-0.38680240511894226,
				0.9328576922416687,
				0.6751657724380493,
				-0.09946296364068985,
				-0.8694339990615845
			],
			[
				1.2168116569519043,
				1.3669061660766602,
				1.3013153076171875,
				-0.2548278570175171,
				-3.696692705154419,
				1.2363213300704956,
				1.2593995332717896,
				1.6036664247512817,
				-0.33221498131752014,
				1.0523030757904053,
				-0.0740637332201004,
				-0.4281602203845978,
				1.5428930521011353,
				1.7830421924591064,
				0.280367374420166,
				1.8590402603149414
			]
		],