{
	"layer_0": {
		"weight_0": [
			[
				1.2663114070892334,
				4.672269821166992,
				0.005403602030128241,
				1.1198097467422485,
				0.8241011500358582,
				4.286884784698486,
				1.9559917449951172,
				1.8106379508972168,
				-0.21568414568901062,
				0.06083536148071289,
				4.531616687774658,
				4.0819172859191895,
				2.7524218559265137,
				1.8124499320983887,
				1.3816524744033813,
				0.21113015711307526
			],
			[
				3.0629208087921143,
				-0.20586907863616943,
				-0.23591744899749756,
				4.239459991455078,
				5.549765586853027,
				0.0026662820018827915,
				1.4861632585525513,
				0.8390426635742188,
				-0.2931792140007019,
				6.088261127471924,
				0.0025857375003397465,
				0.0027215939480811357,
				0.2674259841442108,
				0.06816151738166809,
				0.4333595037460327,
				6.014919757843018
			]
		],
		"weight_1": [
			0.03850852698087692,
			0.20405785739421844,
			-0.0057179490104317665,
			0.2710627615451813,
			-0.19637329876422882,
			0.0009080759482458234,
			-0.0667683482170105,
			-0.034059349447488785,
			0.0,
			0.3465922474861145,
			0.0007996740168891847,
			0.0008372741285711527,
			-0.02044622413814068,
			-1.8411080837249756,
			-0.13623765110969543,
			0.5687339305877686
		]
	},
	"layer_1": {
		"weight_0": [
			[
				0.9772781729698181,
				1.3406691551208496,
				1.2788742780685425,
				-0.3996153175830841,
				-0.7850964665412903,
				0.8021377325057983,
				0.4360657334327698,
				1.029075264930725,
				0.23571215569972992,
				1.4336488246917725,
				-0.11173899471759796,
				-0.01936584711074829,
				1.0422922372817993,
				1.168060302734375,
				0.34913015365600586,
				1.087969183921814
			],
			[
				-5.955931186676025,
				1.237006425857544,
				0.8220205307006836,
				-0.12654152512550354,
				2.6299681663513184,
				0.48720818758010864,
				-10.332015991210938,
				1.0372278690338135,
				0.044441528618335724,
				0.4302043914794922,
				-0.2526242733001709,
				0.1140507385134697,
				0.7415897846221924,
				0.5152184367179871,
				-0.022821923717856407,
				-2.9741318225860596
			],
			[
				-0.12168210744857788,
				-0.023858653381466866,
				-0.13887375593185425,
				-0.18890073895454407,
				-0.404166579246521,
				0.4231095612049103,
				-0.21629264950752258,
				0.22068756818771362,
				-0.19157451391220093,
				0.07446061819791794,
				0.18860796093940735,
				0.198740154504776,
				-0.2548092305660248,
				-0.2769758999347687,
				0.4016847312450409,
				0.17707988619804382
			],
			[
				1.3386272192001343,
				1.486904501914978,
				0.6721681952476501,
				-0.19416022300720215,
				-1.7837200164794922,
				1.4761296510696411,
				0.657892644405365,
				1.289554476737976,
				-0.07488191872835159,
				1.2780150175094604,
				0.01612045057117939,
				0.07699458301067352,
				1.2580801248550415,
				1.6428375244140625,
				-0.46964916586875916,
				1.295529842376709
			],
			[
				1.2879172563552856,
				1.7680000066757202,
				1.076380968093872,
				0.06572777032852173,
				-3.436561346054077,
				1.1800531148910522,
				0.8308342695236206,
				1.4033976793289185,
				0.19223026931285858,
				1.3248478174209595,
				0.25612035393714905,
				-0.2943090796470642,
				1.1752326488494873,
				1.086652159690857,
				-0.1742163747549057,
				2.0848658084869385
			],
			[
				-6.496580123901367,
				0.5090083479881287,
				0.8830940127372742,
				-0.15949568152427673,
				1.764311671257019,
				0.73336261510849,
				-18.341142654418945,
				0.8036708831787109,
				-0.36951524019241333,
				0.9597617983818054,
				-0.003739297389984131,
				-0.1901080459356308,
				0.9440445899963379,
				0.9294401407241821,
				-0.29514628648757935,
				-3.1624135971069336
			],
			[
				0.3491038382053375,
				1.3175325393676758,
				0.33018288016319275,
				0.0901460349559784,
				-0.008972281590104103,
				1.0480940341949463,
				-0.6015161275863647,
				0.9493868947029114,
				-0.0385131798684597,
				1.1500941514968872,
				-0.4347645044326782,
				-0.0276927649974823,
				0.8335489630699158,
				0.9562141299247742,
				0.07467978447675705,
				0.7482573986053467
			],
			[
				-0.14036200940608978,
				1.1578272581100464,
				0.5969793796539307,
				-0.21038256585597992,
				0.1860090047121048,
				1.1549631357192993,
				-0.6940765976905823,
				0.9213643670082092,
				-0.46297407150268555,
				1.040573239326477,
				-0.3440517485141754,
				-0.24912551045417786,
				0.6621736288070679,
				0.551774799823761,
				0.3622590899467468,
				0.12778501212596893
			],
			[
				0.07112309336662292,
				-0.026503652334213257,
				0.1266537606716156,
				0.4041711986064911,
				-0.2734294533729553,
				0.015340477228164673,
				-0.21923524141311646,
				0.29107341170310974,
				0.29391875863075256,
				0.3600163161754608,
				-0.041235536336898804,
				-0.4076688289642334,
				-0.2940974235534668,
				0.4118785560131073,
				-0.26032543182373047,
				0.25178924202919006
			],
			[
				1.8942995071411133,
				1.2898348569869995,
				1.572182297706604,
				-0.21957407891750336,
				-5.1492533683776855,
				1.7094730138778687,
				0.6122671961784363,
				0.9787269234657288,
				-0.38125407695770264,
				1.5428787469863892,
				-0.18672020733356476,
				0.32922056317329407,
				1.669622540473938,
				1.5282392501831055,
				-0.2882692813873291,
				2.2579689025878906
			],
			[
				-6.165590763092041,
				0.8999773263931274,
				0.9394912719726562,
				0.10809668898582458,
				1.913670539855957,
				0.5101938247680664,
				-18.625001907348633,
				0.7827823162078857,
				0.07650420069694519,
				0.5788697600364685,
				-0.272900253534317,
				-0.12850871682167053,
				0.6267465949058533,
				0.6221216917037964,
				-0.2901127338409424,
				-3.356691360473633
			],
			[
				-6.086431503295898,
				0.43941208720207214,
				0.22073592245578766,
				-0.14464455842971802,
				1.236624836921692,
				1.024771809577942,
				-18.620223999023438,
				0.25751417875289917,
				-0.31889474391937256,
				0.9451770782470703,
				0.19050416350364685,
				-0.31812041997909546,
				0.5528174638748169,
				0.8147287368774414,
				-0.2431333363056183,
				-2.404841899871826
			],
			[
				-1.6168326139450073,
				0.8639031648635864,
				0.20540182292461395,
				0.2343822419643402,
				0.6855824589729309,
				0.879603385925293,
				-3.150566577911377,
				0.8529092073440552,
				0.30548280477523804,
				0.7757065892219543,
				-0.028967808932065964,
				-0.4298532009124756,
				0.8426362872123718,
				0.4936767816543579,
				0.36118996143341064,
				-0.804707407951355
			],
			[
				-0.3282091021537781,
				3.5459084510803223,
				3.4669065475463867,
				-0.08856812119483948,
				-1.1813066005706787,
				3.7250144481658936,
				-0.909447193145752,
				3.9431817531585693,
				0.06946475058794022,
				3.729048252105713,
				0.1613100916147232,
				-0.37915948033332825,
				4.30398416519165,
				3.903604507446289,
				0.25830337405204773,
				-0.03557451814413071
			],
			[
				-1.1566174030303955,
				0.4881258010864258,
				0.7570486068725586,
				0.34974202513694763,
				1.3464041948318481,
				0.11724358797073364,
				-2.539851188659668,
				0.8323845863342285,
				-0.16911697387695312,
				0.16854634881019592,
				0.39154455065727234,
				-0.38680240511894226,
				0.8014441728591919,
				0.5490663051605225,
				-0.09946296364068985,
				-0.6202561855316162
			],
			[
				1.3015663623809814,
				1.3528691530227661,
				1.282071590423584,
				-0.2548278570175171,
				-4.210233688354492,
				1.22297203540802,
				1.3214912414550781,
				1.5813781023025513,
				-0.33221498131752014,
				1.0320687294006348,
				-0.0740637332201004,
				-0.4281602203845978,
				1.521960973739624,
				1.766884684562683,
				0.280367374420166,
				1.8393800258636475
			]
		],