{
	"layer_0": {
		"weight_0": [
			[
				-0.5063282251358032,
				-0.5221887826919556,
				4.449286937713623,
				4.336263179779053,
				0.1611430048942566,
				1.106932282447815,
				5.729062080383301,
				5.792149543762207,
				0.3191276788711548,
				-0.30314886569976807,
				-0.011153697967529297,
				6.719204902648926,
				0.06819897890090942,
				-0.3380142152309418,
				0.00432093208655715,
				0.32845252752304077
			],
			[
				-0.11733773350715637,
				-0.5426293015480042,
				0.4333931803703308,
				0.6693945527076721,
				3.651632785797119,
				3.337763786315918,
				0.6494774222373962,
				0.1109885722398758,
				4.670454025268555,
				5.0471343994140625,
				-0.4774565100669861,
				0.05334321781992912,
				-0.6072429418563843,
				-0.23441806435585022,
				-0.2720469832420349,
				5.014963150024414
			]
		],
		"weight_1": [
			0.0,
			0.0,
			0.006102412007749081,
			0.0053311921656131744,
			0.18300694227218628,
			0.16151472926139832,
			0.07710565626621246,
			0.075560063123703,
			0.2557324469089508,
			0.319909006357193,
			0.0,
			-0.013139750808477402,
			-0.07050763815641403,
			0.0,
			-0.009522005915641785,
			-0.12473604828119278
		]
	},
	"layer_1": {},
	"layer_2": {},
	"layer_3": {},
	"layer_4": {
		"weight_0": [
			[
				0.3813122510910034,
				-0.3775871992111206,
				0.4553567171096802,
				-0.3219262361526489,
				0.1537621021270752,
				0.08785903453826904,
				0.19901525974273682,
				0.47677886486053467,
				0.46708250045776367,
				-0.21664690971374512,
				0.00514066219329834,
				0.005656719207763672,
				-0.05846202373504639,
				0.045944929122924805,
				-0.4647566080093384,
				0.3494234085083008
			],
			[
				1.5942307710647583,
				0.9899286031723022,
				1.4636707305908203,
				1.2510101795196533,
				1.482679009437561,
				-5.2798333168029785,
				1.288728952407837,
				1.470418095588684,
				1.7383511066436768,
				-1.125576376914978,
				1.4585436582565308,
				1.1549675464630127,
				1.6394461393356323,
				0.9579643607139587,
				-2.6801505088806152,
				-0.4720459580421448
			],
			[
				1.1981282234191895,
				1.729641079902649,
				1.7265478372573853,
				1.7053978443145752,
				-3.339893341064453,
				0.9464319944381714,
				1.5228331089019775,
				-2.1130635738372803,
				1.158919334411621,
				1.101790428161621,
				1.30856192111969,
				1.3295282125473022,
				0.8975031971931458,
				1.2930676937103271,
				1.0500801801681519,
				-0.1847948133945465
			],
			[
				1.6159963607788086,
				1.4652538299560547,
				1.4604779481887817,
				1.2091150283813477,
				1.5481863021850586,
				-7.870578765869141,
				1.318337082862854,
				1.934248447418213,
				1.050911545753479,
				-2.484422445297241,
				1.739722728729248,
				1.6807838678359985,
				1.6197872161865234,
				1.3344639539718628,
				-4.394404411315918,
				0.46083322167396545
			],
			[
				1.8316725492477417,
				1.3680583238601685,
				1.1134026050567627,
				1.5902689695358276,
				-6.315176010131836,
				1.175719141960144,
				1.7164885997772217,
				-3.600039005279541,
				1.5439928770065308,
				1.7744771242141724,
				0.8929511308670044,
				0.9011294841766357,
				1.5765929222106934,
				0.962662935256958,
				1.6712394952774048,
				-0.4709027111530304
			],
			[
				1.4577020406723022,
				1.0228707790374756,
				1.486979365348816,
				1.896444320678711,
				1.3906679153442383,
				-20.480911254882812,
				1.3287954330444336,
				2.452650785446167,
				1.6328555345535278,
				-3.3507349491119385,
				1.086268424987793,
				1.032082438468933,
				1.219272255897522,
				1.853298306465149,
				-8.13831615447998,
				-0.09647577255964279
			],
			[
				-0.24547870457172394,
				0.03148931264877319,
				-0.3448600769042969,
				-0.29997655749320984,
				-0.12816685438156128,
				0.04177570343017578,
				-0.39778417348861694,
				0.3732477128505707,
				-0.18765492737293243,
				0.25573280453681946,
				0.158440962433815,
				0.19122330844402313,
				-0.06805539131164551,
				-0.2898175120353699,
				-0.2550085783004761,
				0.2853074073791504
			],
			[
				1.5777589082717896,
				1.308524489402771,
				1.377379059791565,
				1.1584882736206055,
				-6.144763946533203,
				0.8672194480895996,
				1.4534523487091064,
				-3.452888250350952,
				1.2086085081100464,
				1.9123857021331787,
				1.6074342727661133,
				1.7929834127426147,
				1.1875947713851929,
				1.7503777742385864,
				1.7368067502975464,
				-0.33901554346084595
			]
		],
		"weight_1": [
			0.03163697570562363,
			0.035209402441978455,
			0.0335422120988369,
			0.0485185869038105,
			-1.2228989601135254,
			0.34840649366378784,
			0.03533155843615532,
			-0.27883395552635193,
			0.03970618546009064,
			0.3704799711704254,
			0.04998292773962021,
			0.03165325149893761,
			0.03928589075803757,
			0.035626012831926346,
			0.0009055555565282702,
			-0.02851950377225876
		]
	},
	"layer_5": {
		"weight_0": [
			[
				1.5084120035171509
			],
			[
				1.6857494115829468
			],
			[
				1.7009153366088867
			],
			[
				1.2439398765563965
			],
			[
				-4.4136481285095215
			],
			[
				-12.833647727966309
			],
			[
				1.349918246269226
			],
			[
				-4.262452602386475
			],
			[
				1.4087865352630615
			],
			[
				-5.593301296234131
			],
			[
				1.175101399421692
			],
			[
				1.5024949312210083
			],
			[
				1.7648769617080688
			],
			[
				1.370564341545105
			],
			[
				-5.591645240783691
			],
			[
				-0.5403566956520081
			]
		],
		"weight_1": [
			0.04245607182383537
		]
	}
}