{
	"layer_0": {
		"weight_0": [
			[
				2.7166905403137207,
				-0.4467429518699646,
				-0.46600672602653503,
				-0.20132102072238922,
				3.6218488216400146,
				2.2646684646606445,
				-0.5516706705093384,
				3.5146279335021973
			],
			[
				2.6065359115600586,
				-0.41866669058799744,
				-0.2585081458091736,
				0.04344874992966652,
				2.0691468715667725,
				2.393829584121704,
				0.05824941024184227,
				2.9506359100341797
			]
		],
		"weight_1": [
			0.12030192464590073,
			0.0,
			0.0,
			-0.049022506922483444,
			0.119893379509449,
			-2.225862979888916,
			-0.059900980442762375,
			0.11665306240320206
		]
	},
	"layer_1": {
		"weight_0": [
			[
				0.3378361761569977,
				1.0837948322296143,
				1.0373200178146362,
				1.3195778131484985
			],
			[
				0.4831240773200989,
				-0.1261691451072693,
				-0.3434199392795563,
				0.1263648271560669
			],
			[
				-0.6428006291389465,
				0.16951191425323486,
				-0.4425390362739563,
				-0.6840937733650208
			],
			[
				-0.557592511177063,
				0.11156033724546432,
				0.12218154221773148,
				-0.2741866111755371
			],
			[
				1.5456856489181519,
				0.5206976532936096,
				1.6684101819992065,
				1.357517123222351
			],
			[
				2.681380033493042,
				3.3057875633239746,
				3.4764211177825928,
				3.117184638977051
			],
			[
				0.3395138382911682,
				0.1038203090429306,
				-0.23031176626682281,
				-0.3026524484157562
			],
			[
				0.9347016215324402,
				1.4778999090194702,
				1.6459728479385376,
				1.3904218673706055
			]
		],
		"weight_1": [
			0.10833792388439178,
			0.07885430008172989,
			0.12927374243736267,
			0.13554322719573975
		]
	},
	"layer_2": {
		"weight_0": [
			[
				1.7670034170150757,
				0.1980796456336975
			],
			[
				0.9948216676712036,
				1.4138907194137573
			],
			[
				1.6317827701568604,
				0.5668408870697021
			],
			[
				2.0196352005004883,
				1.7251063585281372
			]
		],
		"weight_1": [
			0.15005001425743103,
			0.16505315899848938
		]
	},
	"layer_3": {
		"weight_0": [
			[
				2.4172236919403076
			],
			[
				1.215958595275879
			]
		],
		"weight_1": [
			0.16078710556030273
		]
	}
}