{
	"layer_0": {
		"weight_0": [
			[
				2.0830230712890625,
				-0.4467429518699646,
				-0.46600672602653503,
				-0.20132102072238922,
				2.9842441082000732,
				1.7783594131469727,
				-0.5516706705093384,
				2.876532793045044
			],
			[
				2.102360486984253,
				-0.41866669058799744,
				-0.2585081458091736,
				0.04344874992966652,
				1.5606836080551147,
				1.8759369850158691,
				0.05824941024184227,
				2.442206621170044
			]
		],
		"weight_1": [
			0.10152895748615265,
			0.0,
			0.0,
			-0.049022506922483444,
			0.09626463055610657,
			-1.752616286277771,
			-0.059900980442762375,
			0.09279616177082062
		]
	},
	"layer_1": {
		"weight_0": [
			[
				0.43600794672966003,
				1.1859790086746216,
				1.135943055152893,
				1.4141231775283813
			],
			[
				0.4831240773200989,
				-0.1261691451072693,
				-0.3434199392795563,
				0.1263648271560669
			],
			[
				-0.6428006291389465,
				0.16951191425323486,
				-0.4425390362739563,
				-0.6840937733650208
			],
			[
				-0.557592511177063,
				0.11156033724546432,
				0.12218154221773148,
				-0.2741866111755371
			],
			[
				1.5553659200668335,
				0.5343691110610962,
				1.6785105466842651,
				1.363554835319519
			],
			[
				2.9702064990997314,
				3.598926067352295,
				3.7656946182250977,
				3.402061939239502
			],
			[
				0.3395138382911682,
				0.1038203090429306,
				-0.23031176626682281,
				-0.3026524484157562
			],
			[
				1.0230677127838135,
				1.5702788829803467,
				1.7347699403762817,
				1.4751454591751099
			]
		],
		"weight_1": [
			0.06988724321126938,
			0.04425105080008507,
			0.09125075489282608,
			0.09361129254102707
		]
	},
	"layer_2": {
		"weight_0": [
			[
				1.8847620487213135,
				0.3240969479084015
			],
			[
				1.1387243270874023,
				1.5660375356674194
			],
			[
				1.7465764284133911,
				0.6898403167724609
			],
			[
				2.138850212097168,
				1.8525091409683228
			]
		],
		"weight_1": [
			0.09548862278461456,
			0.11814286559820175
		]
	},
	"layer_3": {
		"weight_0": [
			[
				2.5432162284851074
			],
			[
				1.3542016744613647
			]
		],
		"weight_1": [
			0.0980520248413086
		]
	}
}