{
	"layer_0": {
		"weight_0": [
			[
				3.399068832397461,
				-0.4467429518699646,
				-0.46600672602653503,
				-0.20132102072238922,
				4.3098320960998535,
				2.7420408725738525,
				-0.5516706705093384,
				4.202212810516357
			],
			[
				3.1340599060058594,
				-0.41866669058799744,
				-0.2585081458091736,
				0.04344874992966652,
				2.6022181510925293,
				2.896160840988159,
				0.05824941024184227,
				3.4829399585723877
			]
		],
		"weight_1": [
			0.1276412308216095,
			0.0,
			0.0,
			-0.049022506922483444,
			0.13381512463092804,
			-2.7030882835388184,
			-0.059900980442762375,
			0.12988996505737305
		]
	},
	"layer_1": {
		"weight_0": [
			[
				0.24698039889335632,
				0.987248957157135,
				0.9458944797515869,
				1.2324737310409546
			],
			[
				0.4831240773200989,
				-0.1261691451072693,
				-0.3434199392795563,
				0.1263648271560669
			],
			[
				-0.6428006291389465,
				0.16951191425323486,
				-0.4425390362739563,
				-0.6840937733650208
			],
			[
				-0.557592511177063,
				0.11156033724546432,
				0.12218154221773148,
				-0.2741866111755371
			],
			[
				1.5188894271850586,
				0.48823997378349304,
				1.6410658359527588,
				1.3345381021499634
			],
			[
				2.527169704437256,
				3.145371675491333,
				3.3216094970703125,
				2.967057228088379
			],
			[
				0.3395138382911682,
				0.1038203090429306,
				-0.23031176626682281,
				-0.3026524484157562
			],
			[
				0.8513012528419495,
				1.3888130187988281,
				1.5619783401489258,
				1.3107731342315674
			]
		],
		"weight_1": [
			0.13712410628795624,
			0.10219176113605499,
			0.15749245882034302,
			0.1679120510816574
		]
	},
	"layer_2": {
		"weight_0": [
			[
				1.66058349609375,
				0.08204176276922226
			],
			[
				0.8679165244102478,
				1.2773629426956177
			],
			[
				1.5295082330703735,
				0.45498695969581604
			],
			[
				1.9138940572738647,
				1.609826683998108
			]
		],
		"weight_1": [
			0.19571931660175323,
			0.2018311768770218
		]
	},
	"layer_3": {
		"weight_0": [
			[
				2.3044965267181396
			],
			[
				1.0900636911392212
			]
		],
		"weight_1": [
			0.2148943841457367
		]
	}
}