{
	"layer_0": {
		"weight_0": [
			[
				-0.11659948527812958,
				-0.49874046444892883,
				0.24234147369861603,
				0.45102038979530334,
				-0.671302080154419,
				-0.7159534692764282,
				-0.049327220767736435,
				0.3775707185268402
			],
			[
				0.7475109100341797,
				0.3554166853427887,
				-0.3682244122028351,
				-0.48029229044914246,
				-0.09162771701812744,
				0.32088935375213623,
				0.026320960372686386,
				0.6120567321777344
			]
		],
		"weight_1": [
			0.02011050097644329,
			-0.018918702378869057,
			-0.01797899790108204,
			0.018940897658467293,
			0.0,
			0.019893066957592964,
			-0.010913116857409477,
			-0.021240808069705963
		]
	},
	"layer_1": {
		"weight_0": [
			[
				-0.054053038358688354,
				0.22637951374053955,
				-0.15284450352191925,
				-0.11043602228164673
			],
			[
				0.5550205707550049,
				0.10303115844726562,
				-0.20887774229049683,
				0.16699999570846558
			],
			[
				-0.39429646730422974,
				0.45393937826156616,
				0.4800094664096832,
				0.4452107548713684
			],
			[
				0.011340955272316933,
				-0.08860903978347778,
				-0.1265564113855362,
				-0.2680675983428955
			],
			[
				0.706082284450531,
				-0.3350222706794739,
				0.22520846128463745,
				-0.28313663601875305
			],
			[
				-0.34150397777557373,
				-0.702019989490509,
				-0.5548364520072937,
				-0.10569602251052856
			],
			[
				0.6577737331390381,
				-0.5484048128128052,
				0.018342137336730957,
				0.5015450119972229
			],
			[
				0.5052335262298584,
				-0.31111016869544983,
				0.018640335649251938,
				-0.36030563712120056
			]
		],
		"weight_1": [
			-0.02225695736706257,
			0.0,
			-0.01816190592944622,
			0.0
		]
	},
	"layer_2": {
		"weight_0": [
			[
				-0.2889072895050049,
				0.055090636014938354
			],
			[
				-0.031049251556396484,
				0.8944940567016602
			],
			[
				0.10148477554321289,
				0.7196788191795349
			],
			[
				0.8919217586517334,
				-0.509021520614624
			]
		],
		"weight_1": [
			0.0,
			-0.023990551009774208
		]
	},
	"layer_3": {
		"weight_0": [
			[
				-1.0273277759552002
			],
			[
				-1.2381830215454102
			]
		],
		"weight_1": [
			57.321048736572266
		]
	}
}