{
	"layer_0": {
		"weight_0": [
			[
				-0.06183347478508949,
				0.037577226758003235,
				0.1033102497458458,
				0.7285903096199036,
				-0.559657096862793,
				-5.0871758460998535,
				1.3429564237594604,
				1.2521659135818481
			],
			[
				1.2539933919906616,
				2.341540575027466,
				3.4011056423187256,
				-6.810110569000244,
				-0.48836758732795715,
				-0.31383106112480164,
				-0.9114320278167725,
				-0.6750388145446777
			]
		],
		"weight_1": [
			0.922599732875824,
			0.01868070289492607,
			0.10386550426483154,
			0.16942891478538513,
			0.0,
			1.1103113889694214,
			0.5174012184143066,
			0.6645700931549072
		]
	},
	"layer_1": {
		"weight_0": [
			[
				0.8337529301643372,
				0.3124557435512543,
				0.20247767865657806,
				0.08353898674249649,
				0.30343833565711975,
				-0.7519044876098633
			],
			[
				1.3870348930358887,
				-0.4546419680118561,
				-0.34536150097846985,
				-0.18807491660118103,
				0.5865703225135803,
				-0.150538370013237
			],
			[
				1.8823078870773315,
				-0.8423052430152893,
				-0.14013706147670746,
				0.12183082848787308,
				0.9979320764541626,
				0.5738588571548462
			],
			[
				-1.5218816995620728,
				1.8839510679244995,
				2.247396469116211,
				1.2101155519485474,
				1.6484394073486328,
				-0.30832934379577637
			],
			[
				0.3551524877548218,
				-0.5144530534744263,
				-0.12359291315078735,
				-0.14218252897262573,
				-0.1417596936225891,
				0.5983024835586548
			],
			[
				-0.20652514696121216,
				-0.8110374212265015,
				1.0226582288742065,
				-0.6242257952690125,
				-1.6164226531982422,
				-0.18038663268089294
			],
			[
				-0.184565469622612,
				0.6099072098731995,
				0.4655175507068634,
				1.2254602909088135,
				0.2855603098869324,
				0.783423900604248
			],
			[
				0.39830872416496277,
				0.551231324672699,
				0.9101244807243347,
				1.3221678733825684,
				0.6863517165184021,
				-0.09299540519714355
			]
		],
		"weight_1": [
			-0.16828422248363495,
			0.9222758412361145,
			0.6573745608329773,
			0.584315299987793,
			0.6963293552398682,
			-0.28429344296455383
		]
	},
	"layer_2": {
		"weight_0": [
			[
				-4.82743501663208,
				-2.9633994102478027,
				-1.0985826253890991,
				-1.2559974193572998
			],
			[
				2.107224464416504,
				1.4791104793548584,
				2.009896993637085,
				2.208773374557495
			],
			[
				1.1182312965393066,
				1.072709083557129,
				0.5607527494430542,
				0.6264462471008301
			],
			[
				0.8882408738136292,
				0.5282366275787354,
				1.977980375289917,
				1.7384880781173706
			],
			[
				1.2442008256912231,
				1.8554545640945435,
				2.6393864154815674,
				2.5901594161987305
			],
			[
				-1.3079041242599487,
				-1.5319806337356567,
				-1.9904528856277466,
				-1.1483042240142822
			]
		],
		"weight_1": [
			0.6166589260101318,
			0.6007707118988037,
			0.667579710483551,
			0.7944160103797913
		]
	},
	"layer_3": {
		"weight_0": [
			[
				4.711446285247803
			],
			[
				3.269650936126709
			],
			[
				1.9638851881027222
			],
			[
				2.6230623722076416
			]
		],
		"weight_1": [
			0.6809577941894531
		]
	}
}