{
	"layer_0": {
		"weight_0": [
			[
				3.32779598236084,
				1.0083369016647339,
				-0.21094179153442383,
				-0.4828021228313446,
				0.217876598238945,
				-0.5062258243560791,
				-0.4081793427467346,
				0.3485534191131592,
				-0.04578065872192383,
				0.6277726888656616,
				4.3951640129089355,
				-0.2823002338409424,
				0.22571200132369995,
				0.018855560570955276,
				-0.24844634532928467,
				-0.08500117063522339
			],
			[
				-0.5746644735336304,
				0.09589789062738419,
				-0.06535673141479492,
				4.958476543426514,
				5.570950984954834,
				-0.20168781280517578,
				-0.1501862108707428,
				-2.492763042449951,
				-0.24221253395080566,
				-6.329870223999023,
				-0.22142182290554047,
				-0.08403953909873962,
				-1.3930617570877075,
				-0.2931336760520935,
				-0.46211695671081543,
				-0.4570416212081909
			]
		],
		"weight_1": [
			0.3119684159755707,
			0.8583113551139832,
			0.0,
			0.21466171741485596,
			-0.004739341326057911,
			0.0,
			0.0,
			0.7928727865219116,
			0.0,
			0.4686812162399292,
			0.24564315378665924,
			0.0,
			0.7742319107055664,
			-0.0016739415004849434,
			0.0,
			0.0
		]
	},
	"layer_1": {
		"weight_0": [
			[
				-0.34090593457221985,
				-1.0203845500946045,
				-2.04209041595459,
				0.020670374855399132,
				0.8582301735877991,
				0.08738896250724792,
				-0.2780149281024933,
				-0.3250843286514282,
				0.7681440114974976,
				0.19877734780311584
			],
			[
				-0.029091469943523407,
				-0.275469571352005,
				-0.13428539037704468,
				0.8082305788993835,
				-0.06470698863267899,
				0.9120990633964539,
				-0.35938194394111633,
				0.30098918080329895,
				0.6210057735443115,
				-0.02240139991044998
			],
			[
				0.35303831100463867,
				-0.2474404275417328,
				0.0816994309425354,
				-0.24606375396251678,
				-0.020980656147003174,
				0.131136953830719,
				0.18482178449630737,
				-0.06019991636276245,
				-0.38786551356315613,
				-0.42462509870529175
			],
			[
				0.5330623388290405,
				-0.5785633325576782,
				0.5200537443161011,
				-1.2866742610931396,
				-4.429495811462402,
				-0.1601973921060562,
				-0.4122905731201172,
				0.1393347829580307,
				-0.23084282875061035,
				-0.26189133524894714
			],
			[
				-0.5817961692810059,
				0.5720311403274536,
				-0.625325620174408,
				-1.507144570350647,
				-7.960161209106445,
				-0.299154132604599,
				-0.2749425768852234,
				-0.284564733505249,
				0.12964802980422974,
				0.3784863352775574
			],
			[
				0.1153753399848938,
				0.3259410858154297,
				-0.369598925113678,
				-0.0978623628616333,
				-0.026353031396865845,
				0.04171884059906006,
				-0.4102097749710083,
				-0.24130548536777496,
				-0.1336069405078888,
				0.2750895023345947
			],
			[
				-0.4284515082836151,
				0.4336763620376587,
				-0.2930765151977539,
				0.45282232761383057,
				-0.4096279740333557,
				0.2777639627456665,
				0.31055188179016113,
				-0.03297680616378784,
				-0.23425647616386414,
				0.059542834758758545
			],
			[
				0.7679948806762695,
				0.9210473895072937,
				0.06265861541032791,
				0.8703341484069824,
				0.5754312872886658,
				1.8449259996414185,
				-0.1080552265048027,
				0.1757262647151947,
				2.1226487159729004,
				0.41650405526161194
			],
			[
				-0.30219870805740356,
				0.17866510152816772,
				0.47615236043930054,
				0.12532830238342285,
				0.35278934240341187,
				0.004638671875,
				0.1951245665550232,
				-0.31080466508865356,
				0.1233748197555542,
				-0.04544997215270996
			],
			[
				-0.12964357435703278,
				0.6189660429954529,
				1.1854219436645508,
				2.8641161918640137,
				1.5795402526855469,
				2.965773820877075,
				0.42413029074668884,
				0.1895131766796112,
				2.9702913761138916,
				2.4704222679138184
			],
			[
				-1.0145483016967773,
				-1.59059476852417,
				-3.4149346351623535,
				0.07478585094213486,
				0.8130649924278259,
				0.5223811268806458,
				-0.5202957987785339,
				-0.43916383385658264,
				0.21197295188903809,
				0.26029297709465027
			],
			[
				0.16476589441299438,
				0.44767624139785767,
				0.3221242427825928,
				0.3420429825782776,
				0.0639413595199585,
				0.019218116998672485,
				-0.44600945711135864,
				0.3035714626312256,
				-0.3780151307582855,
				0.2177073359489441
			],
			[
				0.7638031244277954,
				0.7836671471595764,
				0.8448101282119751,
				1.1690398454666138,
				0.6434376239776611,
				1.5263904333114624,
				0.15312965214252472,
				0.41669392585754395,
				1.08759605884552,
				-0.5064009428024292
			],
			[
				0.43221503496170044,
				0.3194579482078552,
				0.084159255027771,
				0.12432493269443512,
				-0.45512235164642334,
				-0.00523312296718359,
				0.3077135682106018,
				-0.4709417223930359,
				0.48698708415031433,
				0.3598945140838623
			],
			[
				0.38935422897338867,
				0.11960500478744507,
				-0.23026764392852783,
				0.0369146466255188,
				-0.4105513095855713,
				0.35614949464797974,
				0.46223217248916626,
				0.19568157196044922,
				0.39021241664886475,
				-0.09193357825279236
			],
			[
				0.01044514775276184,
				0.35281360149383545,
				0.10119861364364624,
				0.25849753618240356,
				0.3390803337097168,
				-0.11172023415565491,
				0.1067284345626831,
				-0.4768591523170471,
				-0.46951866149902344,
				-0.17578941583633423
			]
		],
		"weight_1": [
			0.9245270490646362,
			0.41797733306884766,
			1.033752679824829,
			1.0058480501174927,
			0.5187811255455017,
			1.0094857215881348,
			-0.05033336579799652,
			0.9289370775222778,
			1.2183513641357422,
			-1.4584925174713135
		]
	},
	"layer_2": {
		"weight_0": [
			[
				2.8443820476531982,
				0.2431367039680481,
				-0.4024009704589844,
				-1.495602011680603,
				-1.7170588970184326,
				-0.5448992848396301
			],
			[
				2.3263766765594482,
				-0.12971559166908264,
				-0.379921019077301,
				-2.2141761779785156,
				-2.4088289737701416,
				0.18947948515415192
			],
			[
				3.7921128273010254,
				0.4078475832939148,
				-0.09897426515817642,
				-5.220342636108398,
				-5.266217231750488,
				-0.03421112149953842
			],
			[
				0.6989962458610535,
				-0.3251069188117981,
				0.5394076704978943,
				1.13018798828125,
				1.5149699449539185,
				-0.47222545742988586
			],
			[
				-1.0601422786712646,
				-0.521670937538147,
				-0.027300840243697166,
				2.449165105819702,
				2.1766815185546875,
				-0.4788198173046112
			],
			[
				-0.1444312036037445,
				-0.016863854601979256,
				-0.943243145942688,
				1.1597497463226318,
				0.8375833630561829,
				-0.9946248531341553
			],
			[
				-0.44065529108047485,
				-0.2930060029029846,
				0.3034946918487549,
				0.1016533374786377,
				0.21297791600227356,
				-0.510683536529541
			],
			[
				1.8795150518417358,
				0.08087533712387085,
				0.1378202885389328,
				-2.3741021156311035,
				-1.243592619895935,
				-1.1077264547348022
			],
			[
				-0.8041514158248901,
				-0.2277534157037735,
				0.05268603563308716,
				0.915128231048584,
				1.7752403020858765,
				0.07536052912473679
			],
			[
				-0.6239567995071411,
				0.07542704045772552,
				0.01066539715975523,
				-1.8091486692428589,
				-1.3611892461776733,
				0.0954204797744751
			]
		],
		"weight_1": [
			-0.8135611414909363,
			-0.04155576229095459,
			-0.15504276752471924,
			0.8588654398918152,
			1.2379854917526245,
			-0.16963589191436768
		]
	},
	"layer_3": {
		"weight_0": [
			[
				-4.841092586517334
			],
			[
				-0.711419403553009
			],
			[
				-0.6725242137908936
			],
			[
				3.3507957458496094
			],
			[
				2.808824300765991
			],
			[
				-1.2899246215820312
			]
		],
		"weight_1": [
			1.2460483312606812
		]
	}
}