{
	"layer_0": {
		"weight_0": [
			[
				0.850468099117279,
				-0.55864417552948,
				-0.13852828741073608,
				-0.869219958782196,
				-0.44803309440612793,
				-1.5760693550109863,
				1.4396642446517944,
				0.24205097556114197,
				3.022534132003784,
				-0.48165732622146606,
				2.9393503665924072,
				1.076238989830017,
				3.0685548782348633,
				3.7994163036346436,
				0.5585118532180786,
				5.248556137084961
			],
			[
				-4.038671493530273,
				-0.40489596128463745,
				-0.24550709128379822,
				-1.0015921592712402,
				2.920797109603882,
				-0.9790398478507996,
				-0.5528263449668884,
				0.09594495594501495,
				-0.36371785402297974,
				-0.4903850853443146,
				-0.47275638580322266,
				-10.45695686340332,
				-0.37996435165405273,
				3.1900527477264404,
				-5.7127156257629395,
				-0.1980445683002472
			]
		],
		"weight_1": [
			1.4340262413024902,
			0.0,
			0.0,
			1.925401210784912,
			0.2851717174053192,
			2.5764317512512207,
			0.50714111328125,
			1.1610568761825562,
			0.3511907756328583,
			0.0,
			0.45139333605766296,
			0.219247505068779,
			0.366268515586853,
			0.0012262178352102637,
			0.3984867334365845,
			0.19003018736839294
		]
	},
	"layer_1": {
		"weight_0": [
			[
				0.9190477728843689,
				1.0322613716125488,
				1.163583517074585,
				1.176574945449829,
				1.2853033542633057,
				0.8099637031555176,
				0.13639935851097107,
				-1.0034736394882202,
				0.30054670572280884,
				-0.7665863633155823,
				-0.20931175351142883,
				0.3969131410121918,
				1.1986169815063477,
				1.0646908283233643,
				2.465076446533203,
				0.8112773895263672
			],
			[
				-0.10294342041015625,
				-0.0211927592754364,
				0.025799661874771118,
				0.17850908637046814,
				-0.06104746460914612,
				-0.28151342272758484,
				-0.37774407863616943,
				0.24467191100120544,
				-0.32284361124038696,
				0.12147048115730286,
				-0.26248815655708313,
				0.3793206512928009,
				0.1626558005809784,
				-0.2836610674858093,
				0.09913137555122375,
				-0.1518568992614746
			],
			[
				0.3887493908405304,
				-0.03521716594696045,
				-0.08187559247016907,
				0.24386975169181824,
				0.3947403132915497,
				0.03884020447731018,
				0.3066318929195404,
				-0.09868082404136658,
				-0.1271650791168213,
				-0.42879199981689453,
				0.4141096770763397,
				0.061861515045166016,
				0.11740174889564514,
				-0.35138827562332153,
				0.024391084909439087,
				0.022065937519073486
			],
			[
				0.634390652179718,
				0.5892909169197083,
				1.184606909751892,
				0.9338346719741821,
				0.7371460795402527,
				0.9440171122550964,
				-0.32086867094039917,
				0.30083662271499634,
				1.2994614839553833,
				-0.09153271466493607,
				0.2492402344942093,
				-0.034374020993709564,
				0.696705162525177,
				0.8329105377197266,
				0.8296008706092834,
				0.5098941922187805
			],
			[
				-0.6064154505729675,
				-0.7153751254081726,
				0.3677542805671692,
				-1.0351897478103638,
				-5.523504734039307,
				-0.854026734828949,
				0.025201916694641113,
				1.2507209777832031,
				0.08298603445291519,
				1.2429972887039185,
				-0.2724435031414032,
				-0.02594408392906189,
				-1.484105110168457,
				-1.024788498878479,
				0.5849698781967163,
				-3.6086764335632324
			],
			[
				0.4839831590652466,
				0.880815327167511,
				1.886024832725525,
				0.952743411064148,
				0.7661030292510986,
				0.5417948961257935,
				0.04234689474105835,
				-0.7733941674232483,
				1.514954924583435,
				-0.6792015433311462,
				0.12309292703866959,
				-0.37954339385032654,
				0.7708225250244141,
				1.0328843593597412,
				1.5734949111938477,
				1.1422069072723389
			],
			[
				0.6551260352134705,
				0.7181534171104431,
				-0.9338197708129883,
				0.01745034195482731,
				0.06049836426973343,
				0.21901212632656097,
				-0.3010028600692749,
				-0.18439744412899017,
				0.3095599114894867,
				-0.18018633127212524,
				-0.42341455817222595,
				-0.15597060322761536,
				0.6641097068786621,
				0.6901801824569702,
				-0.48826488852500916,
				0.2523902654647827
			],
			[
				0.2581023871898651,
				0.16568522155284882,
				0.17148278653621674,
				0.4335930645465851,
				-0.5592542290687561,
				0.29247424006462097,
				-0.10495728254318237,
				0.37254226207733154,
				0.39508625864982605,
				0.5190528631210327,
				-0.08890502154827118,
				-0.18491068482398987,
				0.24503961205482483,
				0.47353482246398926,
				0.09234131872653961,
				-0.25641903281211853
			],
			[
				0.4808441400527954,
				0.24514293670654297,
				-2.5829899311065674,
				0.2943418025970459,
				0.6828323006629944,
				0.2541758716106415,
				-0.21741856634616852,
				0.12875917553901672,
				-0.4219673275947571,
				0.35533407330513,
				-0.0768226906657219,
				0.2534107565879822,
				0.5787287354469299,
				0.26736342906951904,
				-1.5811249017715454,
				0.6030898690223694
			],
			[
				-0.4248594641685486,
				-0.3917166590690613,
				-0.39653417468070984,
				0.03221943974494934,
				0.1019265353679657,
				-0.2743438482284546,
				0.42193493247032166,
				0.04390507936477661,
				-0.21015864610671997,
				0.0010531246662139893,
				-0.387205570936203,
				-0.2079242467880249,
				0.39234498143196106,
				0.32238277792930603,
				0.08386221528053284,
				0.1193104088306427
			],
			[
				1.0215668678283691,
				0.19081474840641022,
				-3.0826661586761475,
				0.7222071290016174,
				0.5650004148483276,
				0.5137643814086914,
				0.30469879508018494,
				-0.6579077839851379,
				-0.3798961937427521,
				-0.7213581204414368,
				0.1349150687456131,
				-0.1666722446680069,
				0.904486358165741,
				0.9773498177528381,
				-1.5924946069717407,
				1.1728415489196777
			],
			[
				5.1885480880737305,
				5.699041843414307,
				-1.1753408908843994,
				5.7134013175964355,
				5.519659519195557,
				5.754903316497803,
				0.4314557611942291,
				-0.22629010677337646,
				-3.2551937103271484,
				-0.9124979376792908,
				-0.20032024383544922,
				-0.32002800703048706,
				5.672524452209473,
				5.384227275848389,
				-4.24493408203125,
				5.830195903778076
			],
			[
				0.4066879153251648,
				0.22189536690711975,
				-2.360316276550293,
				0.5167921185493469,
				0.30394476652145386,
				0.3775465786457062,
				-0.18729755282402039,
				0.4270482063293457,
				0.15993422269821167,
				0.3852924704551697,
				-0.3987330496311188,
				0.10516002029180527,
				0.31034424901008606,
				0.6260894536972046,
				-1.461834192276001,
				-0.0515357069671154
			],
			[
				-0.1959988921880722,
				-0.21169528365135193,
				-7.023829460144043,
				-0.12057725340127945,
				-2.1859211921691895,
				-0.04082171246409416,
				-0.3707640469074249,
				0.858394980430603,
				-0.6350287795066833,
				0.9568449258804321,
				0.09702753275632858,
				-0.28407084941864014,
				-0.6759355664253235,
				-0.22017472982406616,
				-1.6534090042114258,
				-1.3396357297897339
			],
			[
				2.3993968963623047,
				2.5766823291778564,
				1.2276134490966797,
				3.101839542388916,
				3.052807092666626,
				3.1177074909210205,
				-0.006436288356781006,
				-1.3200570344924927,
				-3.8778481483459473,
				-0.8539230823516846,
				-0.10646310448646545,
				0.19166900217533112,
				2.8633182048797607,
				2.3077049255371094,
				0.4968319833278656,
				2.28843355178833
			],
			[
				-0.12146671861410141,
				0.49096164107322693,
				-5.325336456298828,
				0.6632242202758789,
				1.0349143743515015,
				-0.0069844527170062065,
				-0.28208214044570923,
				-0.7331634759902954,
				-1.3850444555282593,
				-0.9318116307258606,
				-0.36141982674598694,
				-0.41176989674568176,
				-0.0627911314368248,
				0.3487606644630432,
				-2.1907877922058105,
				0.5032451748847961
			]
		],