{
	"layer_0": 
	{
		"weight_0": 
		[
			[-0.3250015079975128, 6.040447235107422, -0.7497806549072266, 5.100412368774414], 
			[7.1908416748046875, -2.1014084815979004, -0.887014627456665, -3.695143461227417]
		], 
		"weight_1": [0.3196794390678406, 6.05274772644043, 0.0, 5.3613057136535645]
	}, 
	"layer_1": 
	{
		"weight_0": [
				[-7.175266265869141], 
				[5.973999500274658], 
				[-0.19175171852111816], 
				[6.022484302520752]], 
		"weight_1": [6.0354905128479]
	}
}
