{"layer_0": {"weight_0": [[7.221581935882568, 2.0957562923431396, 4.11688232421875, -0.3387342691421509, 3.1090447902679443, 1.8208760023117065, 1.5226792097091675, -0.09630230069160461, 1.645844578742981, -0.08575865626335144, -0.4496428668498993, 8.863469123840332, 3.232099771499634, 4.484287261962891, 3.057854413986206, 3.2731916904449463], [-0.1247333288192749, 2.9158010482788086, 0.8408041000366211, -0.47428789734840393, 3.430647850036621, 3.460648536682129, 7.446071147918701, -0.04886430501937866, 3.2918171882629395, -0.03825610876083374, -0.46875834465026855, -0.07451711595058441, 4.271093845367432, 3.564225196838379, 1.1778019666671753, 1.5604702234268188]], "weight_1": [0.12606719136238098, -0.13489048182964325, -0.03702809289097786, 0.0, -0.12703433632850647, 0.9753864407539368, 0.12118592858314514, 0.0, 0.8849782347679138, 0.0, 0.0, 0.07441655546426773, -4.599742412567139, -1.446247935295105, -0.16117268800735474, 0.3312225937843323]}, "layer_1": {"weight_0": [[-0.26769235730171204, 0.4314267039299011, 0.029390646144747734, 0.3345286548137665, -7.945806503295898, 1.9556777477264404, 2.246324062347412, -11.578880310058594, 1.9246479272842407, 1.8510074615478516, -0.3337283730506897, -0.2044948786497116, 1.6168497800827026, -0.1549965739250183, 2.2993788719177246, 0.5126484632492065], [-0.3591238856315613, -0.04658302292227745, -0.4647994339466095, -0.19647513329982758, 0.6442107558250427, 1.2832449674606323, 1.4701958894729614, 0.03104204311966896, -0.7881246209144592, -1.2655359506607056, -0.15552560985088348, -0.4260423481464386, 0.7596380114555359, -0.10133617371320724, 1.423482894897461, -0.028449587523937225], [-0.3739321231842041, -0.38093602657318115, -0.11311475932598114, -0.274680495262146, 0.23238931596279144, 1.6856199502944946, 2.084367275238037, -1.1742602586746216, 0.15105758607387543, 0.37550532817840576, -0.3657451868057251, -0.3705691397190094, 1.9020308256149292, -0.22829793393611908, 1.8277565240859985, 0.00940797757357359], [0.35000643134117126, -0.1409454345703125, -0.30533480644226074, 0.18384578824043274, -0.29793500900268555, 0.403979629278183, 0.00795254111289978, 0.020588189363479614, 0.3413536250591278, -0.30734437704086304, -0.34056973457336426, -0.04136696457862854, -0.0853663980960846, -0.38409438729286194, 0.08056238293647766, 0.3156006634235382], [0.13903667032718658, -0.005621856544166803, 0.10662703961133957, 0.1851160079240799, 0.7707422375679016, 1.5427117347717285, 1.4999037981033325, 0.26647239923477173, -0.6729459762573242, -0.6729179620742798, 0.05819885432720184, -0.17011180520057678, 1.7007211446762085, 0.0463089793920517, 1.3901091814041138, 1.1075246334075928], [-0.37365564703941345, 0.2936910390853882, -0.22785905003547668, -0.07055142521858215, 1.345076560974121, 0.9211759567260742, 0.8296111226081848, 1.0435711145401, -0.5872781872749329, -1.1891002655029297, -0.13617435097694397, -0.043140292167663574, 0.8623605370521545, -0.41243380308151245, 0.7866877317428589, -1.5930004119873047], [0.3179095387458801, 0.22004497051239014, -0.011059442535042763, -0.18449793756008148, 0.5897282958030701, 0.858843982219696, 1.0203919410705566, 0.3541075587272644, -0.8444880247116089, -5.141854286193848, -0.03938756510615349, -0.4273805320262909, 0.7994442582130432, 0.2566278576850891, 0.597465991973877, 1.2935444116592407], [-0.19713327288627625, -0.03544199466705322, -0.33963078260421753, -0.2482006996870041, -0.38847601413726807, 0.03806662559509277, 0.14582738280296326, 0.26278743147850037, 0.39677831530570984, -0.09203609824180603, 0.3367864787578583, 0.14583852887153625, 0.35179194808006287, 0.4216472804546356, 0.27922680974006653, -0.07966649532318115], [-0.27444666624069214, -0.3408494293689728, -0.3583928048610687, -0.4330318570137024, 1.2892659902572632, 1.0402501821517944, 1.0210835933685303, 0.6113151907920837, -0.5705540776252747, -1.3273653984069824, -0.015787934884428978, -0.32390493154525757, 1.0908006429672241, -0.3806320130825043, 0.9765992760658264, -1.772873878479004], [0.4300142228603363, -0.2502649426460266, -0.15683111548423767, 0.038728803396224976, 0.08461293578147888, 0.3233211934566498, -0.2003869265317917, 0.05197882652282715, 0.3279452621936798, 0.022633850574493408, -0.13057368993759155, 0.15497168898582458, 0.40296176075935364, 0.059014081954956055, 0.25099053978919983, -0.2525211274623871], [-0.2303895205259323, 0.38061419129371643, -0.20064285397529602, -0.27528494596481323, 0.36341699957847595, -0.36116763949394226, -0.005181849002838135, 0.11852094531059265, 0.3402152359485626, -0.35650527477264404, -0.18625134229660034, -0.2945604622364044, 0.3900850713253021, 0.2662718594074249, -0.06611451506614685, -0.269899845123291], [-0.11323890835046768, -0.7153471112251282, 0.1774105727672577, 0.09215523302555084, -5.593420028686523, 1.8189083337783813, 2.053593158721924, -17.596202850341797, 1.75297212600708, 2.09367036819458, 0.2090671807527542, 0.32147470116615295, 2.2891197204589844, -0.008494905196130276, 2.592606544494629, 0.012387889437377453], [0.23713482916355133, -0.402376651763916, 0.2512989938259125, -0.0622178316116333, 11.238446235656738, 2.5956215858459473, 2.9562342166900635, -0.3599070906639099, 6.331432342529297, 0.25395259261131287, 0.33354276418685913, 0.008252650499343872, 3.0006895065307617, -0.24635957181453705, 3.009308338165283, 2.3755900859832764], [0.20462492108345032, -0.44971951842308044, 0.24898456037044525, -0.04048125073313713, 0.46909019351005554, 0.5802053213119507, 0.3554302752017975, -0.2202967405319214, -0.2530999779701233, 0.8070852756500244, -0.3990216851234436, 0.08368906378746033, -0.1114904135465622, 0.23656298220157623, 0.0014287487138062716, 2.4767322540283203], [-0.328019917011261, 0.11827357858419418, -0.43085503578186035, 0.3419712483882904, 0.6963308453559875, 1.2868717908859253, 1.502954363822937, -0.4592488408088684, -0.2143542319536209, 0.24293771386146545, -0.1890385001897812, 0.03608176112174988, 1.5943840742111206, 0.31691062450408936, 1.7057056427001953, -0.7337172627449036], [0.2823149859905243, -0.4903397262096405, -0.16768985986709595, -0.4548335075378418, 0.35705605149269104, 1.2642987966537476, 1.126619577407837, 0.6734572649002075, 0.13330692052841187, 0.19619843363761902, 0.37666091322898865, 0.10750582814216614, 1.629085898399353, 0.30317428708076477, 1.1196238994598389, -1.1271127462387085]], "weight_1": [-0.025735100731253624, -0.03768540173768997, -0.018571538850665092, -0.028460463508963585, 0.40997299551963806, -0.6191530823707581, -0.6216321587562561, 1.2646665573120117, -0.5744251608848572, 0.8174530863761902, -0.022381668910384178, 0.0, -0.6215795874595642, -0.05130539834499359, -0.6121247410774231, -4.525018692016602]}, "layer_2": {"weight_0": [[-0.5088017582893372], [1.2372156381607056], [-0.5208061337471008], [0.26403093338012695], [-3.642350673675537], [1.6547417640686035], [1.6603196859359741], [-6.369172096252441], [-7.563758373260498], [-5.179308891296387], [-0.11864900588989258], [-0.17649737000465393], [1.565294861793518], [-0.3857595920562744], [1.5259956121444702], [-9.220035552978516]], "weight_1": [-0.593218982219696]}}