{
	"layer_0": {
		"weight_0": [
			[
				-0.5312531590461731,
				-0.2719537019729614,
				-0.09759140014648438,
				1.8045768737792969,
				1.29154634475708,
				2.387967109680176,
				4.326510429382324,
				6.3875322341918945,
				6.773591041564941,
				1.3738006353378296,
				1.6867096424102783,
				6.62105655670166,
				-0.23537209630012512,
				-0.18362000584602356,
				-0.2567879855632782,
				3.093644618988037
			],
			[
				-0.09984806180000305,
				-0.10299351811408997,
				-0.11968165636062622,
				2.4215917587280273,
				4.243011951446533,
				2.3376870155334473,
				1.2509969472885132,
				0.02641824632883072,
				0.02729075960814953,
				3.876060724258423,
				1.9153062105178833,
				-0.220184788107872,
				-0.10385975241661072,
				-0.35704928636550903,
				-0.34230726957321167,
				1.6601002216339111
			]
		],
		"weight_1": [
			0.0,
			0.0,
			0.0,
			0.06461305171251297,
			0.2197813242673874,
			0.01997547037899494,
			0.01613769866526127,
			-0.02328377589583397,
			-0.024140961468219757,
			0.12523774802684784,
			-1.3966195583343506,
			0.2203962355852127,
			0.0,
			0.0,
			0.0,
			-0.0047673494555056095
		]
	},
	"layer_1": {
		"weight_0": [
			[
				0.35718390345573425,
				0.39205053448677063,
				-0.21634642779827118,
				-0.2576190233230591,
				-0.3886329233646393,
				-0.040580183267593384,
				-0.19018131494522095,
				-0.10277092456817627,
				0.04819926619529724,
				-0.06669944524765015,
				-0.06971484422683716,
				0.0129031240940094,
				-0.24180953204631805,
				-0.3168824315071106,
				0.37933436036109924,
				0.12846991419792175
			],
			[
				-0.13350659608840942,
				-0.06430619955062866,
				0.2030879557132721,
				-0.4048149287700653,
				0.12322399020195007,
				-0.25259822607040405,
				0.2976044714450836,
				0.3350634276866913,
				-0.1806117296218872,
				0.21041861176490784,
				-0.27342355251312256,
				0.39449504017829895,
				0.4224899113178253,
				0.20072904229164124,
				-0.3627835214138031,
				0.03987401723861694
			],
			[
				0.17464253306388855,
				-0.06865674257278442,
				0.02003246545791626,
				0.35142698884010315,
				-0.24529971182346344,
				0.2604326903820038,
				0.2507319748401642,
				-0.3049383759498596,
				0.3960484564304352,
				-0.4057692587375641,
				0.18975016474723816,
				-0.32254308462142944,
				0.37285521626472473,
				-0.35938748717308044,
				-0.23850642144680023,
				0.40700003504753113
			],
			[
				-0.4100292921066284,
				1.4804855585098267,
				1.3342503309249878,
				-0.11797566711902618,
				-1.1028571128845215,
				1.1472734212875366,
				1.0965816974639893,
				1.3634350299835205,
				1.2695540189743042,
				-0.5657842755317688,
				0.008016593754291534,
				-0.3874533474445343,
				-0.7697795033454895,
				-0.1139526516199112,
				0.097995325922966,
				-1.2367898225784302
			],
			[
				0.05576128140091896,
				1.089600920677185,
				1.1258118152618408,
				-0.33282917737960815,
				-2.448261260986328,
				1.159115195274353,
				1.1681392192840576,
				1.276692271232605,
				1.78821861743927,
				-1.8681837320327759,
				-0.22887437045574188,
				0.25253599882125854,
				-1.9602019786834717,
				0.5834774971008301,
				-0.3999533951282501,
				-2.700761079788208
			],
			[
				-0.33882230520248413,
				1.5390732288360596,
				1.4515318870544434,
				-0.16959336400032043,
				-0.8125399351119995,
				0.9415746927261353,
				1.4685312509536743,
				1.1733691692352295,
				0.7499650120735168,
				-0.5671367645263672,
				0.3790719211101532,
				-0.314911425113678,
				-0.8570183515548706,
				0.10302942991256714,
				0.25911930203437805,
				-0.4940451979637146
			],
			[
				0.010715986602008343,
				1.6221506595611572,
				1.5113064050674438,
				0.03775131329894066,
				0.1915036290884018,
				-2.9071404933929443,
				1.54429030418396,
				1.9603931903839111,
				-1.6928592920303345,
				0.8431681990623474,
				0.026359910145401955,
				-0.013865530490875244,
				0.8267561793327332,
				-2.1286799907684326,
				0.2700195014476776,
				0.8601599335670471
			],
			[
				-0.024189595133066177,
				1.9526935815811157,
				1.960129737854004,
				0.2450527846813202,
				1.020408034324646,
				-8.39256477355957,
				2.3767340183258057,
				2.0053763389587402,
				-3.561330795288086,
				1.4846973419189453,
				-0.42300188541412354,
				-0.12168994545936584,
				1.5031496286392212,
				-18.184228897094727,
				-0.29525214433670044,
				1.0777384042739868
			],
			[
				0.03827153891324997,
				2.295825719833374,
				2.3540594577789307,
				-0.3797871768474579,
				0.3762083947658539,
				-8.390533447265625,
				2.344451427459717,
				1.7164757251739502,
				-4.03495454788208,
				0.9766428470611572,
				-0.12144280970096588,
				0.2276824414730072,
				1.4100360870361328,
				-18.682628631591797,
				-0.14815464615821838,
				0.5810288786888123
			],
			[
				0.31509900093078613,
				1.076435923576355,
				1.4714715480804443,
				0.29654115438461304,
				-2.4394922256469727,
				1.4580615758895874,
				1.5895192623138428,
				0.8943374156951904,
				1.3806962966918945,
				-1.0003703832626343,
				0.018858736380934715,
				-0.19600528478622437,
				-2.3805713653564453,
				0.8416489958763123,
				0.20771236717700958,
				-2.170051336288452
			],
			[
				0.1484397053718567,
				-0.15130601823329926,
				0.2859255075454712,
				0.41265881061553955,
				0.14563272893428802,
				0.5124306082725525,
				0.6941151022911072,
				0.3115634024143219,
				0.3773200809955597,
				-0.0048008868470788,
				0.17291277647018433,
				0.07996401190757751,
				-0.12128308415412903,
				-0.21941590309143066,
				-0.12714047729969025,
				0.04652520269155502
			],
			[
				0.04764267057180405,
				2.297356605529785,
				2.477367401123047,
				0.048567503690719604,
				1.1608911752700806,
				-6.771312713623047,
				2.2393760681152344,
				2.141785144805908,
				-4.476022720336914,
				2.387657642364502,
				-0.23165328800678253,
				-0.38702356815338135,
				1.6421343088150024,
				-8.317378997802734,
				0.07484417408704758,
				1.0672601461410522
			],
			[
				0.22114285826683044,
				-0.26515430212020874,
				0.28760769963264465,
				0.3769528567790985,
				0.3481805622577667,
				0.035858869552612305,
				0.3160596191883087,
				-0.2928850054740906,
				0.3458118736743927,
				0.2905292212963104,
				0.19684681296348572,
				-0.11744624376296997,
				-0.33141642808914185,
				0.2963500916957855,
				-0.21987366676330566,
				0.2445400059223175
			],
			[
				0.3759683072566986,
				0.3947279155254364,
				0.11159554123878479,
				-0.3019546866416931,
				-0.027617573738098145,
				-0.3493110239505768,
				0.0309903621673584,
				-0.17302796244621277,
				-0.34287917613983154,
				0.38910308480262756,
				-0.08427402377128601,
				-0.23403362929821014,
				-0.007956892251968384,
				-0.31850141286849976,
				0.06584495306015015,
				-0.06989148259162903
			],
			[
				-0.030033975839614868,
				-0.3737679719924927,
				-0.33474019169807434,
				-0.004785805940628052,
				-0.3159536123275757,
				0.2110806405544281,
				0.05370548367500305,
				-0.23447032272815704,
				-0.22705689072608948,
				0.30316033959388733,
				0.137364000082016,
				0.3401246964931488,
				0.07152923941612244,
				-0.07374897599220276,
				-0.2546326518058777,
				0.29655060172080994
			],
			[
				0.13481682538986206,
				1.8078584671020508,
				1.2808820009231567,
				-0.3774707019329071,
				-0.42421475052833557,
				-0.12659892439842224,
				1.2975573539733887,
				1.7842167615890503,
				0.4726026654243469,
				-0.008493988774716854,
				-0.18173706531524658,
				-0.3136737048625946,
				-0.5704317688941956,
				-0.39823219180107117,
				-0.19089986383914948,
				-0.03218109533190727
			]
		],