{
	"layer_0": {
		"weight_0": [
			[
				-0.2895870804786682,
				0.5527246594429016,
				-4.305842399597168,
				0.9680004715919495,
				0.28262338042259216,
				-0.03268403932452202,
				1.1772960424423218,
				-0.3241385221481323,
				0.8591327667236328,
				0.8401134014129639,
				1.3517705202102661,
				-0.3536290228366852,
				-0.5537868738174438,
				0.015188946388661861
			],
			[
				-0.34459033608436584,
				-0.18804968893527985,
				-0.6973146200180054,
				-3.2017529010772705,
				-0.23491020500659943,
				3.615989923477173,
				-0.6042436361312866,
				-0.11026912927627563,
				0.9470329880714417,
				-0.19817282259464264,
				0.597234308719635,
				3.854886770248413,
				4.460217475891113,
				-0.17950211465358734
			]
		],
		"weight_1": [
			0.0,
			0.7524310350418091,
			1.1240110397338867,
			1.0550745725631714,
			-0.25589218735694885,
			0.005258501507341862,
			0.8323918581008911,
			0.0,
			0.9572746753692627,
			0.7702320218086243,
			0.7170239090919495,
			0.02017131820321083,
			0.031090551987290382,
			-0.0031622452661395073
		]
	},
	"layer_1": {
		"weight_0": [
			[
				-0.3110504448413849,
				-0.04077339172363281,
				0.40453821420669556,
				0.2413986325263977,
				-0.48119935393333435,
				-0.14864066243171692
			],
			[
				0.31193867325782776,
				0.8379902839660645,
				-0.2706362307071686,
				0.3238013982772827,
				-0.30756688117980957,
				0.35863348841667175
			],
			[
				-0.28448671102523804,
				-2.5127172470092773,
				-0.4153534471988678,
				-1.207542061805725,
				0.5267645120620728,
				0.14876705408096313
			],
			[
				1.434342622756958,
				1.5841245651245117,
				-0.40026527643203735,
				0.8598484992980957,
				0.00315171480178833,
				-0.42830008268356323
			],
			[
				-0.10637596994638443,
				-0.10790330171585083,
				-0.4825316071510315,
				-0.06672798842191696,
				0.13711017370224,
				-0.31489455699920654
			],
			[
				-4.43165397644043,
				-0.29335662722587585,
				-0.42756208777427673,
				-1.1389133930206299,
				-0.412112295627594,
				-0.3790329098701477
			],
			[
				0.5903104543685913,
				0.8069157004356384,
				-0.4279552400112152,
				0.5416566729545593,
				-0.235835462808609,
				-0.17770761251449585
			],
			[
				0.190171480178833,
				0.3027395009994507,
				0.5017812252044678,
				-0.13213405013084412,
				0.4222303032875061,
				0.0037720203399658203
			],
			[
				-0.5666608810424805,
				0.3707859516143799,
				0.33846795558929443,
				-0.013720754534006119,
				-0.48981523513793945,
				-0.1275145411491394
			],
			[
				0.31520482897758484,
				0.7634969353675842,
				-0.14657513797283173,
				0.3250158131122589,
				0.022432386875152588,
				0.14695391058921814
			],
			[
				-0.23592813313007355,
				0.8002308011054993,
				-0.16571640968322754,
				-0.5820756554603577,
				0.18289458751678467,
				-0.13747265934944153
			],
			[
				-5.075880527496338,
				-0.3095008432865143,
				0.406231552362442,
				-1.2523670196533203,
				0.09311586618423462,
				-0.02899768576025963
			],
			[
				-4.187525272369385,
				-0.05792996287345886,
				-0.005232557654380798,
				-0.7438713312149048,
				0.028668344020843506,
				-0.02109076827764511
			],
			[
				-0.07652685046195984,
				-0.513181209564209,
				-0.15409255027770996,
				-0.1550573706626892,
				-0.44158047437667847,
				0.33152705430984497
			]
		],
		"weight_1": [
			1.1106911897659302,
			0.7036545872688293,
			-0.03162245824933052,
			1.1954268217086792,
			0.0,
			-0.014859572052955627
		]
	},
	"layer_2": {
		"weight_0": [
			[
				1.6366039514541626,
				1.6997840404510498,
				1.966677188873291,
				0.5512780547142029
			],
			[
				1.27565598487854,
				2.3238513469696045,
				1.011436104774475,
				-0.32466956973075867
			],
			[
				0.05277340114116669,
				0.4048675298690796,
				0.2995746433734894,
				0.3412492275238037
			],
			[
				1.7392332553863525,
				1.422463297843933,
				1.792903184890747,
				-0.4229138195514679
			],
			[
				-0.09036803245544434,
				0.10164928436279297,
				0.6910218000411987,
				0.1911054253578186
			],
			[
				-0.3876310884952545,
				-0.24966776371002197,
				-0.594865083694458,
				0.3770263195037842
			]
		],
		"weight_1": [
			0.30077964067459106,
			0.30508050322532654,
			0.3062382638454437,
			-0.09501872211694717
		]
	},
	"layer_3": {
		"weight_0": [
			[
				2.8313238620758057
			],
			[
				2.540989398956299
			],
			[
				2.735778331756592
			],
			[
				-0.33629682660102844
			]
		],
		"weight_1": [
			0.3141058683395386
		]
	}
}