{
	"layer_0": {
		"weight_0": [
			[
				2.432849884033203,
				0.19350573420524597,
				10.019989967346191,
				-0.35922253131866455,
				0.8614794015884399,
				1.137873888015747,
				10.152297019958496,
				9.456557273864746,
				0.5199217796325684,
				0.7167209982872009,
				2.211989402770996,
				0.8113941550254822,
				-0.0879669189453125,
				2.5951170921325684
			],
			[
				-21.74448013305664,
				-0.5391291975975037,
				0.4966522753238678,
				-0.5683331489562988,
				-0.6568865776062012,
				-13.385053634643555,
				-0.15122781693935394,
				-0.15219582617282867,
				-3.2270474433898926,
				-6.797207832336426,
				-1.0686215162277222,
				-3.089050054550171,
				-0.4934934973716736,
				0.09548557549715042
			]
		],
		"weight_1": [
			0.37265437841415405,
			-0.12116370350122452,
			0.038967810571193695,
			0.0,
			0.1614573746919632,
			0.923466682434082,
			0.14558130502700806,
			0.14646902680397034,
			0.8000587821006775,
			0.9529259204864502,
			0.6739524006843567,
			1.2939506769180298,
			0.0,
			-1.4165242910385132
		]
	},
	"layer_1": {},
	"layer_2": {},
	"layer_3": {},
	"layer_4": {
		"weight_0": [
			[
				-0.4213820695877075,
				7.870375633239746,
				7.593690395355225,
				-4.847086429595947,
				7.522522926330566,
				12.68887710571289,
				7.646396160125732,
				8.047797203063965,
				8.110969543457031,
				7.770319938659668,
				0.6103768348693848,
				7.502557277679443,
				9.716904640197754,
				0.33659154176712036
			],
			[
				-1.1313389539718628,
				0.4960343837738037,
				1.2509888410568237,
				1.0197862386703491,
				0.8802639842033386,
				1.2967281341552734,
				0.932035505771637,
				0.9757254123687744,
				1.3500374555587769,
				1.5075790882110596,
				-11.426328659057617,
				1.1784285306930542,
				2.60089373588562,
				1.3960694074630737
			],
			[
				0.49491801857948303,
				2.659356117248535,
				2.6754257678985596,
				-1.1971725225448608,
				2.9826109409332275,
				0.5135235786437988,
				2.5420377254486084,
				3.028369426727295,
				2.429802179336548,
				2.0657880306243896,
				5.04953145980835,
				3.0574824810028076,
				0.44795703887939453,
				-4.172878742218018
			],
			[
				0.4743916094303131,
				1.434908151626587,
				1.218506097793579,
				0.8975414633750916,
				0.931668221950531,
				1.1435043811798096,
				0.5214654803276062,
				0.7892422676086426,
				1.0886327028274536,
				1.0710142850875854,
				-10.487356185913086,
				1.3368828296661377,
				2.1282691955566406,
				-0.8334358930587769
			],
			[
				-1.0048755407333374,
				2.1407952308654785,
				2.0041427612304688,
				0.005273757968097925,
				1.6034377813339233,
				0.12489254027605057,
				2.232844114303589,
				1.8107447624206543,
				1.9565171003341675,
				1.4452990293502808,
				4.08001708984375,
				2.0864546298980713,
				-3.1212823390960693,
				0.25292283296585083
			],
			[
				-0.5230146646499634,
				0.7751778364181519,
				0.6746706962585449,
				0.8877923488616943,
				0.848818838596344,
				-2.33353590965271,
				0.2716031074523926,
				0.37329837679862976,
				-0.053442031145095825,
				0.6855104565620422,
				1.5879852771759033,
				0.37778139114379883,
				-2.003403902053833,
				-1.8954758644104004
			],
			[
				-28.256216049194336,
				-0.21376252174377441,
				-0.7492532730102539,
				1.4122025966644287,
				-0.18164753913879395,
				1.5306870937347412,
				-1.0193322896957397,
				-0.7986041307449341,
				-0.6228688955307007,
				-0.13448171317577362,
				-1.4540297985076904,
				-0.9200584292411804,
				1.4101206064224243,
				-0.06687743216753006
			]
		],
		"weight_1": [
			1.0072685480117798,
			-0.009817244485020638,
			-0.07017797231674194,
			0.2036052644252777,
			0.005610482767224312,
			-2.8649680614471436,
			-0.24252471327781677,
			-0.014569760300219059,
			0.0027163117192685604,
			-0.0019366892520338297,
			3.1274704933166504,
			0.0024196458980441093,
			-1.8568086624145508,
			0.775105357170105
		]
	},
	"layer_5": {
		"weight_0": [
			[
				8.966778755187988
			],
			[
				2.515180826187134
			],
			[
				2.0458240509033203
			],
			[
				-3.9876434803009033
			],
			[
				2.311250686645508
			],
			[
				-4.34147834777832
			],
			[
				2.3772480487823486
			],
			[
				2.6653056144714355
			],
			[
				2.6117663383483887
			],
			[
				1.975738286972046
			],
			[
				-4.797807693481445
			],
			[
				2.8143727779388428
			],
			[
				-4.2321062088012695
			],
			[
				-5.119190216064453
			]
		],
		"weight_1": [
			0.016761673614382744
		]
	}
}