{
	"layer_0": {
		"weight_0": [
			[
				-0.2895870804786682,
				0.45958906412124634,
				-5.946865081787109,
				1.27413010597229,
				0.28262338042259216,
				-0.32498684525489807,
				1.2364076375961304,
				-0.3241385221481323,
				1.0356569290161133,
				0.7696441411972046,
				1.0570621490478516,
				-1.6391018629074097,
				-6.894872188568115,
				0.015188946388661861
			],
			[
				-0.34459033608436584,
				-0.22393079102039337,
				-1.512271761894226,
				-3.090897560119629,
				-0.23491020500659943,
				4.219351768493652,
				-0.6397775411605835,
				-0.11026912927627563,
				0.9173156023025513,
				-0.23911650478839874,
				0.5782256126403809,
				4.614996433258057,
				3.4743452072143555,
				-0.17950211465358734
			]
		],
		"weight_1": [
			0.0,
			0.6610348224639893,
			1.9301396608352661,
			1.0904059410095215,
			-0.25589218735694885,
			0.031579550355672836,
			0.8004273176193237,
			0.0,
			0.9020736217498779,
			0.6357508301734924,
			1.4099810123443604,
			0.2516700029373169,
			0.46432504057884216,
			-0.0031622452661395073
		]
	},
	"layer_1": {
		"weight_0": [
			[
				-0.3110504448413849,
				-0.04077339172363281,
				0.40453821420669556,
				0.2413986325263977,
				-0.48119935393333435,
				-0.14864066243171692
			],
			[
				0.3632253408432007,
				0.4653048813343048,
				-0.27696073055267334,
				0.10309550166130066,
				-0.36132538318634033,
				0.35863348841667175
			],
			[
				0.7617948651313782,
				-0.9384055733680725,
				-0.4153534471988678,
				0.06918835639953613,
				0.473006010055542,
				0.14876705408096313
			],
			[
				1.505440592765808,
				0.91716068983078,
				-0.40026527643203735,
				0.5285758972167969,
				-0.05060699209570885,
				-0.42830008268356323
			],
			[
				-0.10637596994638443,
				-0.10790330171585083,
				-0.4825316071510315,
				-0.06672798842191696,
				0.13711017370224,
				-0.31489455699920654
			],
			[
				-5.564714431762695,
				-0.14076554775238037,
				-0.4338866174221039,
				-0.2766588032245636,
				-0.46587073802948,
				-0.3790329098701477
			],
			[
				0.17396146059036255,
				0.38095682859420776,
				-0.4342796802520752,
				0.27479198575019836,
				-0.28959402441978455,
				-0.17770761251449585
			],
			[
				0.190171480178833,
				0.3027395009994507,
				0.5017812252044678,
				-0.13213405013084412,
				0.4222303032875061,
				0.0037720203399658203
			],
			[
				-0.7148576974868774,
				0.14251628518104553,
				0.3321434259414673,
				-0.1447552591562271,
				-0.5435737371444702,
				-0.1275145411491394
			],
			[
				0.06523434817790985,
				0.3678736090660095,
				-0.1528996229171753,
				0.07706143707036972,
				-0.03132632002234459,
				0.14695391058921814
			],
			[
				-0.48723530769348145,
				0.5616967082023621,
				-0.1720409393310547,
				-0.723311185836792,
				0.1291358321905136,
				-0.13747265934944153
			],
			[
				-5.311877250671387,
				-0.1522851437330246,
				0.39990702271461487,
				-0.4290347695350647,
				0.03935723751783371,
				-0.02899768576025963
			],
			[
				-3.8142127990722656,
				-0.16382616758346558,
				-0.01155710406601429,
				-1.2347068786621094,
				-0.025090303272008896,
				-0.02109076827764511
			],
			[
				-0.07652685046195984,
				-0.513181209564209,
				-0.15409255027770996,
				-0.1550573706626892,
				-0.44158047437667847,
				0.33152705430984497
			]
		],
		"weight_1": [
			2.0684053897857666,
			0.6558783650398254,
			-0.03794698044657707,
			1.3509881496429443,
			-0.05375870317220688,
			-0.014859572052955627
		]
	},
	"layer_2": {
		"weight_0": [
			[
				1.3207677602767944,
				1.3841687440872192,
				1.6504782438278198,
				0.508497416973114
			],
			[
				1.5333142280578613,
				2.580148220062256,
				1.268563985824585,
				-0.39148613810539246
			],
			[
				0.046507589519023895,
				0.39860936999320984,
				0.29330939054489136,
				0.3412492275238037
			],
			[
				2.902099609375,
				2.58554744720459,
				2.954957962036133,
				-0.485134482383728
			],
			[
				-0.14407624304294586,
				0.04794693365693092,
				0.6373151540756226,
				0.22248388826847076
			],
			[
				-0.3876310884952545,
				-0.24966776371002197,
				-0.594865083694458,
				0.3770263195037842
			]
		],
		"weight_1": [
			0.24175746738910675,
			0.24459215998649597,
			0.2468957006931305,
			-0.11606616526842117
		]
	},
	"layer_3": {
		"weight_0": [
			[
				3.459174156188965
			],
			[
				3.0499777793884277
			],
			[
				3.431201219558716
			],
			[
				-0.8155314326286316
			]
		],
		"weight_1": [
			0.2681545913219452
		]
	}
}