{
	"layer_0": {
		"weight_0": [
			[
				-0.7062416076660156,
				1.169230580329895,
				-0.5333637595176697,
				15.46517562866211,
				-0.5941575169563293,
				4.646571159362793,
				0.4364111125469208,
				-0.48429983854293823,
				-0.17130643129348755,
				9.800108909606934,
				1.1407808065414429,
				-0.5500776171684265,
				-0.29512548446655273,
				-0.099570631980896
			],
			[
				7.918887615203857,
				-1.2632637023925781,
				-0.20408424735069275,
				1.9582178592681885,
				-0.43061599135398865,
				-0.24268774688243866,
				-1.632847785949707,
				-0.31294023990631104,
				-0.0011789798736572266,
				1.1694539785385132,
				-10.90740966796875,
				-0.01383984088897705,
				-0.5695658326148987,
				-0.0378345251083374
			]
		],
		"weight_1": [
			0.04271984100341797,
			1.6084282398223877,
			0.0,
			1.4486616849899292,
			0.0,
			0.00830988958477974,
			1.9263159036636353,
			0.0,
			0.0,
			0.6612972021102905,
			0.8777912855148315,
			0.0,
			0.0,
			0.0
		]
	},
	"layer_1": {
		"weight_0": [
			[
				-0.5831512808799744,
				-0.7871255874633789,
				-0.6549027562141418,
				-2.292344808578491,
				-4.2569780349731445,
				-0.6710189580917358,
				-17.75914764404297,
				-0.183206707239151,
				0.7589346766471863,
				-0.40522894263267517,
				-0.302362322807312,
				-0.09298752248287201,
				-0.6619163751602173,
				-0.02637423574924469
			],
			[
				0.10067852586507797,
				-0.4184468984603882,
				-0.3808547258377075,
				1.1820753812789917,
				0.47744935750961304,
				0.36234232783317566,
				0.14312845468521118,
				-0.18594646453857422,
				2.9547278881073,
				-0.4557898938655853,
				-0.2983967661857605,
				-1.0041879415512085,
				0.3541894853115082,
				-1.4971237182617188
			],
			[
				-0.26965975761413574,
				0.026023507118225098,
				-0.13590922951698303,
				0.2307596206665039,
				-0.07242020964622498,
				-0.26803815364837646,
				-0.41725271940231323,
				-0.21974636614322662,
				0.2639266848564148,
				0.1699579954147339,
				0.42526155710220337,
				-0.41512981057167053,
				0.4517889618873596,
				0.10503709316253662
			],
			[
				1.5198794603347778,
				2.1497931480407715,
				1.5434879064559937,
				-0.3213063180446625,
				-0.11083374172449112,
				2.0963144302368164,
				-0.6391294002532959,
				-0.3546923100948334,
				-1.6440110206604004,
				-0.35734882950782776,
				-0.04598084092140198,
				2.007925510406494,
				1.5761287212371826,
				0.7909537553787231
			],
			[
				0.27703267335891724,
				0.44432711601257324,
				0.07670539617538452,
				-0.29319286346435547,
				0.3327080011367798,
				0.20546168088912964,
				-0.23377127945423126,
				-0.3463679254055023,
				-0.3682880103588104,
				0.2675408720970154,
				-0.3580228388309479,
				-0.016471415758132935,
				0.14377546310424805,
				-0.08567631244659424
			],
			[
				1.559224009513855,
				1.561963438987732,
				1.4895838499069214,
				1.0829391479492188,
				1.3533111810684204,
				1.6115834712982178,
				3.8320140838623047,
				-0.36753398180007935,
				1.1427555084228516,
				-0.19416707754135132,
				-0.4400429129600525,
				1.3390120267868042,
				1.546462059020996,
				-4.604979038238525
			],
			[
				-0.06329984217882156,
				-0.5915010571479797,
				-0.0432593859732151,
				1.2247326374053955,
				1.0113493204116821,
				-0.031564198434352875,
				0.4887803792953491,
				-0.1457054316997528,
				3.1949973106384277,
				-0.20130294561386108,
				-0.2522856891155243,
				-1.5535647869110107,
				-0.3611733913421631,
				-0.4627264738082886
			],
			[
				0.12822818756103516,
				0.2975977063179016,
				-0.20082780718803406,
				0.43791359663009644,
				-0.2634648084640503,
				-0.18826359510421753,
				0.14322364330291748,
				-0.32961851358413696,
				-0.2121410369873047,
				-0.386972039937973,
				-0.10951057076454163,
				0.455783486366272,
				-0.23944102227687836,
				-0.22165681421756744
			],
			[
				0.26478004455566406,
				0.04981416463851929,
				-0.019920796155929565,
				-0.24146635830402374,
				0.10644781589508057,
				-0.06020429730415344,
				0.09025794267654419,
				-0.12979403138160706,
				0.24983763694763184,
				0.27524441480636597,
				-0.0986696183681488,
				-0.3465549945831299,
				0.43083083629608154,
				-0.3059247136116028
			],
			[
				1.6384284496307373,
				2.1244449615478516,
				2.0259251594543457,
				0.04013335704803467,
				-0.2968662679195404,
				1.4793099164962769,
				-0.6289457678794861,
				0.2733786702156067,
				-0.9888076186180115,
				-0.12165385484695435,
				0.0856626033782959,
				1.7989615201950073,
				2.0364229679107666,
				1.0039323568344116
			],
			[
				0.5410885214805603,
				0.20770007371902466,
				0.7744297981262207,
				0.21254220604896545,
				0.6433026790618896,
				0.7941485047340393,
				5.654172420501709,
				-0.41340941190719604,
				-2.27311110496521,
				-0.04090374708175659,
				0.068759024143219,
				-2.3292667865753174,
				0.7710584998130798,
				-0.16276730597019196
			],
			[
				0.46189624071121216,
				0.38067710399627686,
				0.07721751928329468,
				-0.17464879155158997,
				0.375721275806427,
				0.13173073530197144,
				-0.20046094059944153,
				0.15676981210708618,
				-0.4626845717430115,
				-0.3819180428981781,
				0.2824323773384094,
				-0.3660906255245209,
				0.23326516151428223,
				0.4097195267677307
			],
			[
				0.2318935990333557,
				-0.17850667238235474,
				-0.00019446015357971191,
				-0.11497393250465393,
				0.10134291648864746,
				-0.11859771609306335,
				-0.3457491099834442,
				-0.4408765137195587,
				-0.1255592703819275,
				0.4616272449493408,
				-0.11127600073814392,
				-0.1605038046836853,
				0.3604966998100281,
				0.03566807508468628
			],
			[
				0.04967576265335083,
				0.3877953886985779,
				-0.3046572804450989,
				-0.12649914622306824,
				0.4279569387435913,
				0.3397534489631653,
				-0.03392651677131653,
				0.028602004051208496,
				-0.2793387770652771,
				0.40277349948883057,
				-0.20958560705184937,
				0.21177184581756592,
				0.31252461671829224,
				0.20580202341079712
			]
		],
		"weight_1": [
			-0.5746169090270996,
			-0.4093741476535797,
			-0.5220825672149658,
			2.4163177013397217,
			3.041851282119751,
			-0.4717530310153961,
			0.8212834596633911,
			0.0,
			3.937258720397949,
			0.0,
			0.0,
			-4.837635517120361,
			-0.4357609152793884,
			-1.5538045167922974
		]
	},
	"layer_2": {
		"weight_0": [
			[
				1.2555303573608398
			],
			[
				2.2800652980804443
			],
			[
				1.457918405532837
			],
			[
				2.6840975284576416
			],
			[
				3.280863046646118
			],
			[
				1.594877004623413
			],
			[
				6.1893110275268555
			],
			[
				-0.32775062322616577
			],
			[
				-2.483867883682251
			],
			[
				0.11938685178756714
			],
			[
				-0.4980776607990265
			],
			[
				-7.525486946105957
			],
			[
				1.6671574115753174
			],
			[
				5.408783435821533
			]
		],
		"weight_1": [
			-0.7360568046569824
		]
	}
}