{
	"layer_0": {
		"weight_0": [
			[
				0.9984874129295349,
				-0.36808669567108154,
				1.7721073627471924,
				1.4518018960952759,
				0.8928166031837463,
				1.7912088632583618,
				1.2648439407348633,
				-1.9103118181228638,
				3.056661605834961,
				-0.12123063206672668,
				0.6879973411560059,
				3.272320508956909,
				-0.41933178901672363,
				4.825808525085449,
				-0.046702802181243896,
				1.4590635299682617
			],
			[
				-1.4654979705810547,
				-0.3449513912200928,
				-0.01690860278904438,
				-2.6627044677734375,
				-4.349564552307129,
				-10.947220802307129,
				-0.08200158178806305,
				1.8874049186706543,
				-0.01785336621105671,
				-0.5243512988090515,
				-0.6940187811851501,
				-24.000377655029297,
				-0.882107675075531,
				0.6653502583503723,
				-0.4025726914405823,
				-0.19917339086532593
			]
		],
		"weight_1": [
			0.6989925503730774,
			0.0,
			0.003181787207722664,
			0.7415758967399597,
			0.2964457869529724,
			0.3470402956008911,
			0.013590065762400627,
			1.4945110082626343,
			0.003212530631572008,
			0.0,
			0.40427032113075256,
			0.20644743740558624,
			1.007040023803711,
			0.0031047360971570015,
			0.0,
			0.022640584036707878
		]
	},
	"layer_1": {},
	"layer_2": {
		"weight_0": [
			[
				0.5364953875541687,
				-0.4732494354248047,
				-0.12779057025909424,
				0.8056477904319763,
				-0.12501108646392822,
				1.1337571144104004,
				1.1248070001602173,
				-0.6219770908355713
			],
			[
				0.15817296504974365,
				-0.3633573055267334,
				-0.1157761812210083,
				0.18947303295135498,
				0.10713768005371094,
				-0.39357638359069824,
				0.08732521533966064,
				0.17196178436279297
			],
			[
				0.07232658565044403,
				-0.11959648132324219,
				-0.40288472175598145,
				-2.7499711513519287,
				0.1356503963470459,
				0.35619279742240906,
				-9.778350830078125,
				0.5845746994018555
			],
			[
				1.7850360870361328,
				-0.2511107921600342,
				-0.1705920696258545,
				0.08977445214986801,
				0.7976601719856262,
				-0.18033774197101593,
				1.7477511167526245,
				-1.7673144340515137
			],
			[
				0.13551436364650726,
				0.3362053632736206,
				0.0766991376876831,
				0.11500412225723267,
				1.5702571868896484,
				1.2200100421905518,
				3.9513769149780273,
				0.025804368779063225
			],
			[
				0.2584182620048523,
				-0.20867860317230225,
				0.19585943222045898,
				-1.7104297876358032,
				1.2761590480804443,
				2.0375654697418213,
				2.7565371990203857,
				-0.38365280628204346
			],
			[
				-0.11792878806591034,
				-0.29207277297973633,
				-0.22179043292999268,
				3.224457263946533,
				0.24693161249160767,
				0.1571243554353714,
				-6.956611633300781,
				-0.014780442230403423
			],
			[
				-0.02167498506605625,
				-0.4956282377243042,
				-0.47391486167907715,
				1.5778231620788574,
				-0.24643723666667938,
				-0.191081240773201,
				3.152524709701538,
				0.35204869508743286
			],
			[
				0.5101979970932007,
				-0.4172464609146118,
				0.3511923551559448,
				-3.5009169578552246,
				-0.17899921536445618,
				0.31959161162376404,
				-13.343476295471191,
				0.60912024974823
			],
			[
				-0.16643810272216797,
				0.05031263828277588,
				-0.011824965476989746,
				0.22778499126434326,
				-0.16881132125854492,
				-0.05538010597229004,
				0.07719385623931885,
				0.11155343055725098
			],
			[
				-0.13403965532779694,
				0.04047250747680664,
				-0.35099923610687256,
				1.817811369895935,
				0.3261201083660126,
				0.8316794037818909,
				-0.6802207231521606,
				0.11086307466030121
			],
			[
				1.5422910451889038,
				0.2802518606185913,
				0.24503648281097412,
				-0.748852550983429,
				1.3898165225982666,
				0.5568360686302185,
				-3.7432703971862793,
				0.9460699558258057
			],
			[
				0.25759920477867126,
				-0.03188657760620117,
				-0.23843014240264893,
				0.6699760556221008,
				0.4795268476009369,
				1.122540831565857,
				-1.5328938961029053,
				1.3063830137252808
			],
			[
				-0.29198792576789856,
				0.291662335395813,
				-0.4169590473175049,
				-5.135786056518555,
				-0.26279217004776,
				-0.2537367045879364,
				-14.955958366394043,
				0.5941885113716125
			],
			[
				0.44382989406585693,
				0.22045695781707764,
				-0.43241238594055176,
				-0.4013468027114868,
				0.2971642017364502,
				-0.2255094051361084,
				-0.006322145462036133,
				0.10904371738433838
			],
			[
				0.8090885877609253,
				-0.011113643646240234,
				-0.434897780418396,
				-1.463771939277649,
				0.3384217917919159,
				0.44175732135772705,
				-3.128636360168457,
				0.48852357268333435
			]
		],
		"weight_1": [
			0.230862095952034,
			0.0,
			0.0,
			1.855131983757019,
			-0.3160935640335083,
			0.3061273694038391,
			-0.05136837810277939,
			0.9632603526115417
		]
	},
	"layer_3": {},
	"layer_4": {
		"weight_0": [
			[
				-0.8955481648445129,
				0.36948534846305847,
				1.1495143175125122,
				0.6542788743972778
			],
			[
				0.3202572464942932,
				0.4899083971977234,
				-0.6416093707084656,
				0.02831137180328369
			],
			[
				-0.1576533317565918,
				0.03505373001098633,
				0.6469106078147888,
				-0.41503703594207764
			],
			[
				-0.0212835855782032,
				0.1838863343000412,
				-0.560691773891449,
				-0.15130983293056488
			],
			[
				0.9426114559173584,
				0.19714851677417755,
				1.2880851030349731,
				2.072920799255371
			],
			[
				0.22820481657981873,
				1.0246015787124634,
				-0.4701755940914154,
				-0.3510395586490631
			],
			[
				0.07004015892744064,
				-0.46413177251815796,
				-0.03420175984501839,
				-0.17933283746242523
			],
			[
				0.901931881904602,
				0.37852901220321655,
				1.1395245790481567,
				-0.3548837900161743
			]
		],
		"weight_1": [
			2.198422908782959,
			-0.6547867655754089,
			0.5711138844490051,
			0.7794443368911743
		]
	},
	"layer_5": {},
	"layer_6": {
		"weight_0": [
			[
				-4.504647731781006
			],
			[
				8.796621322631836
			],
			[
				7.79126501083374
			],
			[
				10.566600799560547
			]
		],
		"weight_1": [
			4.502349376678467
		]
	}
}