{
	"layer_0": {
		"weight_0": [
			[
				0.8889925479888916,
				0.07692031562328339,
				0.6684157848358154,
				0.04392940551042557,
				0.18349692225456238,
				0.12151291966438293,
				-0.14901866018772125,
				0.3462969958782196,
				0.3241155743598938,
				0.6493213176727295,
				0.21386849880218506,
				0.6617995500564575,
				-0.055797263979911804,
				-0.28533005714416504,
				0.6138380765914917,
				0.6205758452415466
			],
			[
				0.7172141671180725,
				0.06582015752792358,
				-0.02676549181342125,
				-0.38966885209083557,
				0.37133753299713135,
				0.6549213528633118,
				0.04424969479441643,
				-0.22895480692386627,
				-0.7092952728271484,
				0.24833112955093384,
				-0.47668367624282837,
				0.6797888278961182,
				0.9402707815170288,
				0.19806654751300812,
				0.22722208499908447,
				-0.004942429251968861
			]
		],
		"weight_1": [
			0.4347376525402069,
			-0.14334151148796082,
			0.4347194731235504,
			-0.003162270411849022,
			0.4048018157482147,
			0.3035958707332611,
			-0.01622246764600277,
			0.3542531132698059,
			-0.2090747356414795,
			0.435146301984787,
			-0.15039774775505066,
			0.22114673256874084,
			0.4318985939025879,
			-0.16881579160690308,
			0.43248072266578674,
			0.3825448751449585
		]
	},
	"layer_1": {},
	"layer_2": {
		"weight_0": [
			[
				-0.36849820613861084,
				0.6938966512680054,
				-0.3569524884223938,
				0.1984705626964569,
				0.6948537826538086,
				0.23171919584274292,
				-0.4223212003707886,
				0.6221690773963928
			],
			[
				0.434220552444458,
				-0.36807650327682495,
				-0.1322852224111557,
				-0.46537935733795166,
				0.21652738749980927,
				-0.29820719361305237,
				0.07745063304901123,
				-0.4158804416656494
			],
			[
				-0.16841506958007812,
				0.12906405329704285,
				-0.49482107162475586,
				0.027924396097660065,
				0.7917587161064148,
				0.8302911520004272,
				0.014217495918273926,
				0.49236443638801575
			],
			[
				-0.036000847816467285,
				0.1767217516899109,
				0.3192019462585449,
				0.15981847047805786,
				0.0619073286652565,
				-0.34687626361846924,
				-0.11207413673400879,
				0.3646888732910156
			],
			[
				0.24684321880340576,
				0.7794322967529297,
				0.14122557640075684,
				0.033416684716939926,
				0.8741964101791382,
				0.36530816555023193,
				-0.10601723194122314,
				0.7148637771606445
			],
			[
				-0.06615889072418213,
				0.48534873127937317,
				0.29395410418510437,
				-0.01567823812365532,
				0.32591357827186584,
				0.2845752239227295,
				0.27283918857574463,
				0.141616553068161
			],
			[
				0.43201708793640137,
				0.13875094056129456,
				-0.5100138187408447,
				-0.15948334336280823,
				-0.4276881515979767,
				0.24057257175445557,
				0.4244335889816284,
				0.16912022233009338
			],
			[
				-0.3374509811401367,
				0.5129210948944092,
				-0.4175306260585785,
				0.3946788012981415,
				0.23492495715618134,
				0.6304445862770081,
				0.47019195556640625,
				0.5005182027816772
			],
			[
				-0.21772503852844238,
				0.047903839498758316,
				0.22202293574810028,
				0.20506441593170166,
				-0.050249133259058,
				-0.006370313931256533,
				0.38816797733306885,
				-0.08162825554609299
			],
			[
				-0.4772641658782959,
				0.438551664352417,
				0.3526301980018616,
				-0.5221900939941406,
				0.8156231045722961,
				0.7916166186332703,
				0.19179749488830566,
				0.5216028690338135
			],
			[
				-0.2752314805984497,
				-0.13364504277706146,
				-0.0698128193616867,
				0.2589985132217407,
				-0.2797909677028656,
				0.27640315890312195,
				0.03239929676055908,
				-0.3098371922969818
			],
			[
				0.04528474807739258,
				0.6230785846710205,
				0.28218701481819153,
				-0.01792348362505436,
				0.05892812833189964,
				0.6525711417198181,
				0.012343645095825195,
				-0.04553280770778656
			],
			[
				-0.4000370502471924,
				0.2443251758813858,
				-0.2865651249885559,
				-0.25554874539375305,
				0.9080528616905212,
				0.3270455300807953,
				0.18405389785766602,
				0.5757200121879578
			],
			[
				-0.30320417881011963,
				-0.10199607908725739,
				0.16970309615135193,
				0.041534241288900375,
				0.0358956940472126,
				-0.04676177352666855,
				-0.4090721607208252,
				-0.39244821667671204
			],
			[
				-0.49866390228271484,
				0.8111380934715271,
				0.04614010453224182,
				-0.15563876926898956,
				0.687662661075592,
				0.5622137188911438,
				-0.2814081907272339,
				0.7473889589309692
			],
			[
				-0.468127965927124,
				0.8698928952217102,
				0.41949403285980225,
				0.36588066816329956,
				0.6654871702194214,
				0.38752612471580505,
				-0.28522729873657227,
				0.10899826884269714
			]
		],
		"weight_1": [
			0.0,
			0.4129490852355957,
			-0.036670610308647156,
			-0.06401144713163376,
			0.40299078822135925,
			0.416248619556427,
			0.0,
			0.3178553879261017
		]
	},
	"layer_3": {},
	"layer_4": {
		"weight_0": [
			[
				0.02610105276107788,
				0.38887614011764526,
				0.4627000689506531,
				-0.4756556749343872
			],
			[
				0.5100938677787781,
				-0.7178633213043213,
				0.7309374809265137,
				-0.0957256555557251
			],
			[
				-0.26473546028137207,
				0.5796894431114197,
				0.3145366311073303,
				-0.18977603316307068
			],
			[
				-0.07128547877073288,
				0.6013064980506897,
				0.5989931225776672,
				-0.7056428790092468
			],
			[
				0.7807667851448059,
				0.6254030466079712,
				0.6269972324371338,
				-0.18201561272144318
			],
			[
				0.49622902274131775,
				-0.6570818424224854,
				0.24810606241226196,
				0.4505668580532074
			],
			[
				0.26911503076553345,
				0.09117764234542847,
				0.3633580803871155,
				0.7001819014549255
			],
			[
				0.40329936146736145,
				-0.2009590119123459,
				0.735187828540802,
				-0.5998525023460388
			]
		],
		"weight_1": [
			0.4131872057914734,
			-0.04811060056090355,
			0.17796440422534943,
			-0.03441959246993065
		]
	},
	"layer_5": {},
	"layer_6": {
		"weight_0": [
			[
				5.012330055236816
			],
			[
				-0.5987984538078308
			],
			[
				3.8826634883880615
			],
			[
				-0.9769006967544556
			]
		],
		"weight_1": [
			3.9871907234191895
		]
	}
}