{
	"layer_0": {
		"weight_0": [
			[
				3.011915683746338,
				-0.37556251883506775,
				0.8525058627128601,
				-0.7999582290649414,
				-0.00954979658126831,
				-0.29066282510757446,
				-0.15454715490341187,
				-0.23593923449516296,
				14.264531135559082,
				0.4301920235157013,
				0.34796082973480225,
				12.125093460083008,
				0.45605990290641785,
				2.700225830078125,
				0.07214392721652985,
				-0.2010475993156433
			],
			[
				-24.925174713134766,
				-0.03186619281768799,
				-8.098523139953613,
				-1.3154972791671753,
				-0.3880828619003296,
				-0.44129708409309387,
				-0.4343055188655853,
				-0.2884536385536194,
				-0.3105996251106262,
				-4.1872878074646,
				-2.5429415702819824,
				-0.32043781876564026,
				-2.5779428482055664,
				-0.7783885598182678,
				-0.38140568137168884,
				-0.12465304136276245
			]
		],
		"weight_1": [
			0.4191429615020752,
			0.0,
			0.5593171119689941,
			2.058821678161621,
			0.0,
			0.0,
			0.0,
			0.0,
			0.5304659605026245,
			0.6509268283843994,
			0.7229579091072083,
			0.8433393836021423,
			1.3153653144836426,
			0.5690606832504272,
			-0.02194923721253872,
			0.0
		]
	},
	"layer_1": {
		"weight_0": [
			[
				-0.05268973112106323,
				-0.7808623313903809,
				-0.8111756443977356,
				-1.0104998350143433,
				3.9661004543304443,
				3.9622299671173096,
				0.26247867941856384,
				-3.0681962966918945,
				4.061598300933838,
				4.125954627990723,
				3.393700122833252,
				3.752243995666504,
				3.9996511936187744,
				0.19291338324546814,
				0.28599777817726135,
				1.3703023195266724
			],
			[
				0.28111162781715393,
				0.13532409071922302,
				0.14999964833259583,
				-0.2173459827899933,
				-0.20106789469718933,
				-0.00594136118888855,
				-0.20508715510368347,
				0.4114616811275482,
				-0.004699617624282837,
				-0.38059160113334656,
				-0.2953811287879944,
				-0.17711496353149414,
				-0.07604643702507019,
				-0.06614485383033752,
				-0.3872835040092468,
				0.09573844075202942
			],
			[
				-0.04961922764778137,
				-1.4614102840423584,
				2.5854201316833496,
				-1.0118540525436401,
				2.216989040374756,
				2.5688860416412354,
				-0.42211464047431946,
				-1.318030595779419,
				-0.3568737208843231,
				0.9817094802856445,
				2.074758291244507,
				2.2064578533172607,
				2.4836819171905518,
				0.08436188101768494,
				-0.33434179425239563,
				1.502153754234314
			],
			[
				-0.4370746314525604,
				0.9318585395812988,
				1.8822077512741089,
				0.6324564218521118,
				0.791093647480011,
				0.5268844962120056,
				-0.20057573914527893,
				0.9701069593429565,
				-1.1408382654190063,
				-1.3598705530166626,
				0.7668774127960205,
				0.8086883425712585,
				0.4890294671058655,
				-0.1041128933429718,
				-0.4237695634365082,
				0.8928544521331787
			],
			[
				-0.08211582899093628,
				-0.27436602115631104,
				-0.08690401911735535,
				-0.3988833725452423,
				0.08197209239006042,
				0.21382811665534973,
				-0.250379741191864,
				0.011761844158172607,
				-0.40491196513175964,
				0.1356254518032074,
				-0.28063154220581055,
				-0.22013413906097412,
				0.034965962171554565,
				-0.42661377787590027,
				0.26530107855796814,
				-0.3686143159866333
			],
			[
				-0.28196942806243896,
				-0.42173710465431213,
				-0.3887232542037964,
				0.2599526345729828,
				0.0427933931350708,
				-0.3428936302661896,
				0.352071613073349,
				-0.13772666454315186,
				0.09399357438087463,
				-0.05870240926742554,
				-0.09346067905426025,
				0.283679336309433,
				0.2392890751361847,
				0.20785728096961975,
				0.3704409897327423,
				0.08046141266822815
			],
			[
				0.3714202344417572,
				-0.3155538737773895,
				-0.1554553508758545,
				0.11237898468971252,
				0.059793442487716675,
				0.2471618950366974,
				-0.2607717216014862,
				-0.22694817185401917,
				-0.030721336603164673,
				-0.058005452156066895,
				0.25972869992256165,
				0.23772397637367249,
				0.12358686327934265,
				-0.31375205516815186,
				0.2674432098865509,
				-0.4209115207195282
			],
			[
				-0.36609694361686707,
				-0.16308167576789856,
				0.33795180916786194,
				-0.1199275553226471,
				-0.40494921803474426,
				-0.17223531007766724,
				-0.2159959375858307,
				0.28009918332099915,
				-0.3418380320072174,
				0.36156347393989563,
				0.41469326615333557,
				0.42623254656791687,
				0.038350850343704224,
				0.1648888885974884,
				-0.1344197392463684,
				-0.35097408294677734
			],
			[
				-0.20133519172668457,
				0.1258298009634018,
				-1.892964243888855,
				0.6722133755683899,
				0.9718036651611328,
				0.463991641998291,
				-0.1840333491563797,
				0.18754349648952484,
				1.0939124822616577,
				0.8863475322723389,
				0.8076534867286682,
				0.487197607755661,
				0.4664064645767212,
				-0.053433239459991455,
				-0.11566579341888428,
				-3.3790197372436523
			],
			[
				0.3628077208995819,
				-0.43357399106025696,
				1.624523401260376,
				-0.2324293702840805,
				1.5621018409729004,
				1.996459722518921,
				-0.07352250814437866,
				0.4273286759853363,
				-2.1323065757751465,
				-1.543327808380127,
				1.6452913284301758,
				1.891808271408081,
				1.4462240934371948,
				-0.4128851592540741,
				0.016882359981536865,
				0.6566663384437561
			],
			[
				-0.0776110365986824,
				-0.07191590219736099,
				1.0816477537155151,
				0.25535982847213745,
				0.9870534539222717,
				1.1824073791503906,
				0.12848278880119324,
				0.8676846027374268,
				-1.618599534034729,
				-2.158112049102783,
				1.4295322895050049,
				1.4073190689086914,
				1.5124465227127075,
				-0.12556952238082886,
				-0.19285817444324493,
				-0.14610423147678375
			],
			[
				-0.025992153212428093,
				-0.282498300075531,
				-3.274444580078125,
				-1.0491628646850586,
				0.27932754158973694,
				0.3516930341720581,
				0.0028204014524817467,
				-1.0604352951049805,
				0.8620549440383911,
				0.8048181533813477,
				0.8912174701690674,
				0.939423143863678,
				0.24771903455257416,
				-0.3808712661266327,
				0.18194463849067688,
				-1.9504092931747437
			],
			[
				-0.13067764043807983,
				-0.014339565299451351,
				0.023432012647390366,
				0.18809135258197784,
				0.3911123275756836,
				0.9447958469390869,
				-0.20084527134895325,
				0.7954434156417847,
				-0.14018431305885315,
				-0.8968876004219055,
				1.0346616506576538,
				1.1278655529022217,
				0.6083781123161316,
				0.08769616484642029,
				-0.09326690435409546,
				0.6078545451164246
			],
			[
				0.1157689094543457,
				-0.07639918476343155,
				0.3059515953063965,
				0.1871429979801178,
				0.5836617946624756,
				0.8983144164085388,
				0.18011368811130524,
				0.19512604176998138,
				-0.00367268780246377,
				0.45096173882484436,
				0.8518451452255249,
				1.2470365762710571,
				1.1273272037506104,
				-0.007369548082351685,
				-0.3001087009906769,
				-0.27332478761672974
			],
			[
				-0.2688499391078949,
				-0.33091849088668823,
				-0.03579706326127052,
				-0.2327948659658432,
				-0.1796087920665741,
				0.2450437992811203,
				-0.3770183324813843,
				0.403234601020813,
				0.10999903082847595,
				-0.2697771489620209,
				0.1433424949645996,
				-0.2969735562801361,
				-0.15430277585983276,
				0.21187660098075867,
				0.1936507523059845,
				-0.43110939860343933
			],
			[
				-0.3532160222530365,
				0.2774300277233124,
				-0.16923043131828308,
				0.10806670784950256,
				0.11488667130470276,
				-0.20083065330982208,
				0.4079209268093109,
				-0.317185640335083,
				-0.07052269577980042,
				-0.28708499670028687,
				-0.09661686420440674,
				0.3461522161960602,
				0.19093546271324158,
				0.03380197286605835,
				-0.2964816093444824,
				-0.41141143441200256
			]
		],