{
	"layer_0": {
		"weight_0": [
			[
				2.582603693008423,
				0.7585176825523376,
				2.2121498584747314,
				2.341618299484253,
				-0.5367723703384399,
				-0.5729999542236328,
				2.135063409805298,
				1.9419567584991455,
				-0.27938711643218994,
				-0.39035022258758545,
				-0.002004086971282959,
				-0.5568998456001282,
				2.0663564205169678,
				0.7275537252426147,
				2.7152576446533203,
				1.580354928970337
			],
			[
				-0.8129246830940247,
				-2.7548396587371826,
				-8.551899909973145,
				-0.6522449851036072,
				-0.36518046259880066,
				-0.4240163564682007,
				-0.5714244842529297,
				-5.522027969360352,
				-0.3669034540653229,
				-0.024273395538330078,
				-0.2978363633155823,
				-0.3806256055831909,
				-17.530332565307617,
				-4.476927757263184,
				-0.576244592666626,
				-4.176924228668213
			]
		],
		"weight_1": [
			0.9210538268089294,
			1.882860541343689,
			1.6155948638916016,
			0.9055526256561279,
			0.0,
			0.0,
			0.8273959755897522,
			1.6793298721313477,
			0.0,
			0.0,
			0.0,
			0.0,
			0.5590695738792419,
			0.4319798946380615,
			0.8237649202346802,
			1.9325793981552124
		]
	},
	"layer_1": {},
	"layer_2": {},
	"layer_3": {},
	"layer_4": {
		"weight_0": [
			[
				-0.31496548652648926,
				-0.10610318183898926,
				1.1328468322753906,
				0.3834313154220581,
				0.4069378972053528,
				1.4496243000030518,
				0.22643470764160156,
				1.410260558128357,
				1.063152551651001,
				0.8670591115951538,
				0.9940356016159058,
				-0.31128227710723877,
				1.3929661512374878,
				0.9648966193199158,
				-0.39506757259368896,
				1.2067886590957642
			],
			[
				-0.3075448274612427,
				-0.44430243968963623,
				0.15223295986652374,
				-0.3274618983268738,
				-0.3672316074371338,
				1.898784875869751,
				0.01255190372467041,
				1.638156771659851,
				1.3542083501815796,
				1.808631420135498,
				1.7358204126358032,
				0.22905683517456055,
				1.9909746646881104,
				2.2720870971679688,
				-0.09587442874908447,
				-0.20883558690547943
			],
			[
				0.19671916961669922,
				0.2579866647720337,
				0.4051395654678345,
				0.1789015531539917,
				-0.00865936279296875,
				0.3720409870147705,
				-0.059913039207458496,
				-0.40241312980651855,
				-0.44914746284484863,
				0.027524471282958984,
				-0.4937474727630615,
				0.40325307846069336,
				-0.4307427406311035,
				-0.25172507762908936,
				-0.22268450260162354,
				0.2532520294189453
			],
			[
				0.17193496227264404,
				0.045043110847473145,
				0.300380676984787,
				-0.007741304114460945,
				-0.4603399634361267,
				1.4232817888259888,
				-0.4970123767852783,
				1.5125304460525513,
				1.4572514295578003,
				1.1012707948684692,
				1.2676936388015747,
				-0.07000613212585449,
				1.6041063070297241,
				1.1069706678390503,
				-0.11549031734466553,
				1.0857993364334106
			],
			[
				-0.18934428691864014,
				-0.19206440448760986,
				0.3796497583389282,
				-0.10147511959075928,
				-0.39082443714141846,
				-0.2519148588180542,
				-0.3789193630218506,
				-0.1682262420654297,
				-0.2813851833343506,
				-0.1868884563446045,
				0.1869724988937378,
				0.25967180728912354,
				-0.07780539989471436,
				0.19941401481628418,
				-0.47758591175079346,
				0.1878737211227417
			],
			[
				0.37543177604675293,
				0.2771385908126831,
				0.15173184871673584,
				0.4822688102722168,
				0.27366745471954346,
				-0.1754668951034546,
				0.22866010665893555,
				0.05114114284515381,
				0.47323131561279297,
				0.04915177822113037,
				-0.03122246265411377,
				0.38047361373901367,
				-0.008981108665466309,
				0.31101715564727783,
				-0.054941654205322266,
				-0.015660405158996582
			],
			[
				-0.12824738025665283,
				-0.12051355838775635,
				-7.515644073486328,
				-0.09704434871673584,
				0.23025882244110107,
				9.05616569519043,
				-0.08216273784637451,
				9.369778633117676,
				8.961048126220703,
				9.71679973602295,
				9.19676399230957,
				-0.11545050144195557,
				8.865283966064453,
				9.725202560424805,
				-0.09797537326812744,
				-7.379156112670898
			],
			[
				-0.4456326961517334,
				-0.2640925645828247,
				1.0703935623168945,
				-0.4966805577278137,
				-0.12322460860013962,
				1.1226893663406372,
				-0.4616955518722534,
				1.3164231777191162,
				1.0224339962005615,
				0.9457055926322937,
				1.2712676525115967,
				-0.49691343307495117,
				0.4988122582435608,
				1.259935975074768,
				-0.06143367290496826,
				0.6006988286972046
			]
		],
		"weight_1": [
			0.0,
			0.0,
			0.400309294462204,
			-0.018973616883158684,
			-0.04825253412127495,
			0.9079006910324097,
			0.0,
			0.90312260389328,
			0.9105628132820129,
			0.9098409414291382,
			0.9049625992774963,
			0.0,
			0.9152432084083557,
			0.9171513915061951,
			0.0,
			0.33919841051101685
		]
	},
	"layer_5": {
		"weight_0": [
			[
				-0.054419636726379395
			],
			[
				-0.33260074257850647
			],
			[
				-1.2447782754898071
			],
			[
				0.13469156622886658
			],
			[
				-0.27541863918304443
			],
			[
				1.5061311721801758
			],
			[
				0.3638002872467041
			],
			[
				1.1710790395736694
			],
			[
				1.1271514892578125
			],
			[
				1.1343564987182617
			],
			[
				1.311180591583252
			],
			[
				-0.0589868426322937
			],
			[
				1.4364163875579834
			],
			[
				1.0915645360946655
			],
			[
				-0.3976491689682007
			],
			[
				-0.7171605229377747
			]
		],
		"weight_1": [
			0.9519922733306885
		]
	}
}