{
	"layer_0": {
		"weight_0": [
			[
				-0.14385026693344116,
				6.702162742614746,
				-0.24066628515720367,
				8.325159072875977,
				1.603732705116272,
				-0.2794102430343628,
				-0.2216174602508545,
				0.7386648654937744,
				-0.2937098741531372,
				9.07392406463623,
				0.19002147018909454,
				0.697190523147583,
				0.11567948758602142,
				0.059778496623039246,
				-0.4140377640724182,
				-1.4508064985275269
			],
			[
				-0.5704478621482849,
				1.7022243738174438,
				0.33710741996765137,
				1.2119479179382324,
				-11.743494987487793,
				-0.3938666582107544,
				-0.23895502090454102,
				-0.562525749206543,
				0.3362230062484741,
				1.0134856700897217,
				-0.6330720782279968,
				3.94675874710083,
				-0.14169125258922577,
				-0.5576332807540894,
				-0.3984467387199402,
				-1.030688762664795
			]
		],
		"weight_1": [
			0.0,
			0.3554427921772003,
			0.010237211361527443,
			0.5628067851066589,
			0.8436696529388428,
			0.0,
			0.0,
			1.3625766038894653,
			0.0401923768222332,
			0.2987508177757263,
			-0.11051224917173386,
			-0.02605779469013214,
			-0.09858839213848114,
			-0.0063245538622140884,
			0.0,
			3.035661220550537
		]
	},
	"layer_1": {},
	"layer_2": {},
	"layer_3": {},
	"layer_4": {
		"weight_0": [
			[
				-0.49872010946273804,
				0.9942578077316284,
				1.9965965747833252,
				1.9932506084442139,
				0.45576927065849304,
				-0.27002596855163574,
				1.8613892793655396,
				-0.3655397891998291,
				0.10127358138561249,
				0.2647632360458374,
				-0.4619778096675873,
				1.2997431755065918,
				1.6465028524398804,
				-0.33978867530822754,
				-0.2369070053100586,
				-0.3273678719997406
			],
			[
				0.07416318356990814,
				1.2307058572769165,
				1.9521183967590332,
				2.003007650375366,
				0.2973429560661316,
				0.06481526792049408,
				1.2465389966964722,
				-0.2058732807636261,
				0.6273947954177856,
				-0.3872840106487274,
				-0.7419969439506531,
				1.61320960521698,
				1.8705507516860962,
				-0.1785874366760254,
				-0.17903268337249756,
				-0.4595434367656708
			],
			[
				0.3169820308685303,
				1.4876924753189087,
				2.1548538208007812,
				2.518259286880493,
				-1.434704303741455,
				-3.1426429748535156,
				2.293667793273926,
				-0.26864615082740784,
				2.8222877979278564,
				0.22308015823364258,
				-1.183444857597351,
				2.4815993309020996,
				0.3082250952720642,
				-0.020724177360534668,
				0.021811842918395996,
				-0.05566048622131348
			],
			[
				-0.10466986149549484,
				-0.47948887944221497,
				0.7847288250923157,
				0.9494553804397583,
				0.564882755279541,
				0.7169421315193176,
				0.5745957493782043,
				-0.41665834188461304,
				1.3328924179077148,
				0.40668579936027527,
				1.1789653301239014,
				0.8716280460357666,
				-0.18513478338718414,
				0.1433624029159546,
				-0.31512749195098877,
				0.049885984510183334
			],
			[
				0.016206473112106323,
				1.5459526777267456,
				1.9649229049682617,
				1.279505729675293,
				-0.6434271335601807,
				-0.4329551160335541,
				2.0138790607452393,
				-0.08746310323476791,
				0.5142590999603271,
				-0.47940316796302795,
				-1.9596580266952515,
				2.059614658355713,
				2.7265920639038086,
				-0.45786070823669434,
				0.3601800203323364,
				0.18170762062072754
			],
			[
				-0.06080712378025055,
				1.0431054830551147,
				-0.42179936170578003,
				-0.4576023519039154,
				-0.6102388501167297,
				-0.040687721222639084,
				0.2995626926422119,
				0.3284665048122406,
				-6.988015651702881,
				-0.20296013355255127,
				-0.07542891800403595,
				0.10511402785778046,
				1.7534286975860596,
				0.05913257598876953,
				-0.4334402084350586,
				0.09358367323875427
			],
			[
				0.09081266820430756,
				0.21749591827392578,
				-0.3692316710948944,
				-0.297345906496048,
				0.012625407427549362,
				0.33231329917907715,
				-0.2539772093296051,
				0.3452688455581665,
				-0.2882462739944458,
				0.14533352851867676,
				-0.41838085651397705,
				-0.09391018003225327,
				-0.07292623072862625,
				-0.07829296588897705,
				-0.432323694229126,
				-0.49410879611968994
			],
			[
				-0.016794893890619278,
				-1.5273715257644653,
				0.30066293478012085,
				0.597694993019104,
				1.1329721212387085,
				0.8844404220581055,
				0.33876773715019226,
				-0.34128254652023315,
				1.5140095949172974,
				-0.36098575592041016,
				1.4185621738433838,
				0.45756596326828003,
				-2.1869304180145264,
				-0.2904113531112671,
				-0.40246427059173584,
				0.04067385569214821
			]
		],
		"weight_1": [
			-0.0835835188627243,
			-1.3498437404632568,
			0.8168882727622986,
			0.8261465430259705,
			0.9124624729156494,
			0.7343801259994507,
			0.7946339249610901,
			-0.07545000314712524,
			1.530564308166504,
			-0.003162270411849022,
			2.6718761920928955,
			0.8168054819107056,
			-0.976862370967865,
			0.0,
			0.0,
			-0.0064558908343315125
		]
	},
	"layer_5": {
		"weight_0": [
			[
				-0.34800612926483154
			],
			[
				-3.0688438415527344
			],
			[
				2.3194689750671387
			],
			[
				2.1295580863952637
			],
			[
				-5.026613235473633
			],
			[
				-5.277578830718994
			],
			[
				1.8012237548828125
			],
			[
				-0.2781684994697571
			],
			[
				4.131905555725098
			],
			[
				-0.12691693007946014
			],
			[
				-3.051746129989624
			],
			[
				2.3567593097686768
			],
			[
				-4.252502918243408
			],
			[
				0.38845574855804443
			],
			[
				-0.29160112142562866
			],
			[
				-0.3754120171070099
			]
		],
		"weight_1": [
			0.8466760516166687
		]
	}
}