{
	"layer_0": {
		"weight_0": [
			[
				-0.14385026693344116,
				7.809368133544922,
				-0.24066628515720367,
				9.896905899047852,
				2.138106346130371,
				-0.2794102430343628,
				-0.2216174602508545,
				0.5773918628692627,
				-0.2937098741531372,
				10.500991821289062,
				0.19002147018909454,
				0.8073512315750122,
				0.11567948758602142,
				0.059778496623039246,
				-0.4140377640724182,
				-1.7914612293243408
			],
			[
				-0.5704478621482849,
				1.7630692720413208,
				0.33710741996765137,
				1.1358789205551147,
				-15.367477416992188,
				-0.3938666582107544,
				-0.23895502090454102,
				-0.710407555103302,
				0.3362230062484741,
				0.9235003590583801,
				-0.6330720782279968,
				3.9973232746124268,
				-0.14169125258922577,
				-0.5576332807540894,
				-0.3984467387199402,
				-1.1001758575439453
			]
		],
		"weight_1": [
			0.0,
			0.20653276145458221,
			0.010237211361527443,
			0.35546252131462097,
			1.0931512117385864,
			0.0,
			0.0,
			1.1557807922363281,
			0.0401923768222332,
			0.2200482040643692,
			-0.11051224917173386,
			-0.029044723138213158,
			-0.09858839213848114,
			-0.0063245538622140884,
			0.0,
			2.9696154594421387
		]
	},
	"layer_1": {},
	"layer_2": {},
	"layer_3": {},
	"layer_4": {
		"weight_0": [
			[
				-0.5991414189338684,
				1.142892599105835,
				2.1070024967193604,
				2.1019442081451416,
				0.4853535592556,
				-0.20752789080142975,
				1.9664169549942017,
				-0.3655397891998291,
				0.10373988747596741,
				0.2647632360458374,
				-0.40630224347114563,
				1.4104734659194946,
				1.8728262186050415,
				-0.33978867530822754,
				-0.2369070053100586,
				-0.3273678719997406
			],
			[
				-0.10370983928442001,
				1.3875505924224854,
				2.0651352405548096,
				2.1143581867218018,
				0.3211137354373932,
				0.150075763463974,
				1.3542149066925049,
				-0.2058732807636261,
				0.6575480103492737,
				-0.3872840106487274,
				-0.4277861416339874,
				1.7265784740447998,
				2.1071906089782715,
				-0.1785874366760254,
				-0.17903268337249756,
				-0.4595434367656708
			],
			[
				0.3814223110675812,
				1.102613091468811,
				1.4224984645843506,
				1.7856100797653198,
				-0.7061814665794373,
				-1.6930898427963257,
				1.5606622695922852,
				-0.26864615082740784,
				2.089541435241699,
				0.22308015823364258,
				-1.8644393682479858,
				1.7492380142211914,
				-0.3139641284942627,
				-0.020724177360534668,
				0.021811842918395996,
				-0.05566048622131348
			],
			[
				-0.0032132440246641636,
				-0.4916796088218689,
				0.7768979072570801,
				0.9400133490562439,
				0.634491503238678,
				0.6430949568748474,
				0.5619633197784424,
				-0.41665834188461304,
				1.5032399892807007,
				0.40668579936027527,
				1.525253176689148,
				0.8640697598457336,
				0.0010113270254805684,
				0.1433624029159546,
				-0.31512749195098877,
				0.049885984510183334
			],
			[
				-0.29361599683761597,
				1.722880244255066,
				2.078125,
				1.3909958600997925,
				-0.617872953414917,
				-0.3014874756336212,
				2.1217896938323975,
				-0.08746310323476791,
				0.5345287919044495,
				-0.47940316796302795,
				-1.676218032836914,
				2.173146963119507,
				2.9786860942840576,
				-0.45786070823669434,
				0.3601800203323364,
				0.18170762062072754
			],
			[
				0.4901108741760254,
				0.9883432388305664,
				-0.2835591733455658,
				-0.32108554244041443,
				-0.5938026905059814,
				0.012515454553067684,
				0.43239378929138184,
				0.3284665048122406,
				-7.277108669281006,
				-0.20296013355255127,
				-0.31210532784461975,
				0.24368995428085327,
				1.7731553316116333,
				0.05913257598876953,
				-0.4334402084350586,
				0.09358367323875427
			],
			[
				0.09081266820430756,
				0.21749591827392578,
				-0.3692316710948944,
				-0.297345906496048,
				0.012625407427549362,
				0.33231329917907715,
				-0.2539772093296051,
				0.3452688455581665,
				-0.2882462739944458,
				0.14533352851867676,
				-0.41838085651397705,
				-0.09391018003225327,
				-0.07292623072862625,
				-0.07829296588897705,
				-0.432323694229126,
				-0.49410879611968994
			],
			[
				0.14471538364887238,
				-1.7952302694320679,
				0.23212343454360962,
				0.5277324318885803,
				1.1958634853363037,
				0.6335604190826416,
				0.26628270745277405,
				-0.34128254652023315,
				1.7976270914077759,
				-0.36098575592041016,
				1.516074538230896,
				0.3891896903514862,
				-2.114591360092163,
				-0.2904113531112671,
				-0.40246427059173584,
				0.04067385569214821
			]
		],
		"weight_1": [
			0.08525646477937698,
			-1.5393426418304443,
			0.9011427760124207,
			0.9087507724761963,
			0.8913063406944275,
			0.48384857177734375,
			0.8740314841270447,
			-0.07545000314712524,
			1.7924848794937134,
			-0.003162270411849022,
			2.796137809753418,
			0.9013144969940186,
			-0.9593965411186218,
			0.0,
			0.0,
			-0.0064558908343315125
		]
	},
	"layer_5": {
		"weight_0": [
			[
				-0.9676974415779114
			],
			[
				-3.204017400741577
			],
			[
				2.4758830070495605
			],
			[
				2.299436330795288
			],
			[
				-5.026463031768799
			],
			[
				-6.847445964813232
			],
			[
				1.9692014455795288
			],
			[
				-0.2781684994697571
			],
			[
				3.7502031326293945
			],
			[
				-0.12691693007946014
			],
			[
				-2.7064220905303955
			],
			[
				2.5296192169189453
			],
			[
				-4.490584850311279
			],
			[
				0.38845574855804443
			],
			[
				-0.29160112142562866
			],
			[
				-0.3754120171070099
			]
		],
		"weight_1": [
			0.9487884640693665
		]
	}
}