{
	"layer_0": {
		"weight_0": [
			[
				-0.526130735874176,
				0.8064996600151062,
				-0.22359150648117065,
				0.6118477582931519,
				-0.2743814289569855,
				0.6553761959075928,
				0.1456802785396576,
				0.6139377355575562,
				0.4595448970794678,
				-0.36362117528915405,
				0.1968909353017807,
				0.8309357762336731,
				0.9049440026283264,
				0.7417629361152649,
				-0.11901983618736267,
				-0.1548086702823639
			],
			[
				-0.4602985680103302,
				-0.08667357265949249,
				-0.4010860323905945,
				-0.14832650125026703,
				0.5924808979034424,
				0.5478749871253967,
				0.9062058925628662,
				0.46129298210144043,
				0.9792412519454956,
				-0.009555459022521973,
				0.47344353795051575,
				0.9100977778434753,
				-0.09794425964355469,
				-0.36446794867515564,
				-0.4527556896209717,
				-0.13937193155288696
			]
		],
		"weight_1": [
			0.0,
			0.3747076094150543,
			0.0,
			0.23111987113952637,
			0.10404638200998306,
			0.44408905506134033,
			0.444582998752594,
			0.45625966787338257,
			0.45856454968452454,
			0.0,
			0.4637722074985504,
			0.44982805848121643,
			0.4490688443183899,
			0.22811777889728546,
			0.0,
			0.0
		]
	},
	"layer_1": {},
	"layer_2": {
		"weight_0": [
			[
				-0.2561391592025757,
				-0.1547839641571045,
				0.45332634449005127,
				0.08948695659637451,
				0.038958072662353516,
				-0.33999621868133545,
				0.17453491687774658,
				-0.4136587381362915
			],
			[
				-0.1314452886581421,
				0.12812523543834686,
				0.6646565794944763,
				0.21422196924686432,
				0.29265296459198,
				0.10477535426616669,
				0.3953850567340851,
				0.5512019991874695
			],
			[
				-0.23136365413665771,
				0.4902660846710205,
				0.33487653732299805,
				0.045725226402282715,
				-0.09307122230529785,
				0.46834444999694824,
				-0.37024998664855957,
				-0.4188802242279053
			],
			[
				-0.30211663246154785,
				-0.1676708459854126,
				0.43651315569877625,
				0.2351274937391281,
				-0.13581109046936035,
				-0.028795095160603523,
				0.4374527633190155,
				0.20375289022922516
			],
			[
				-0.32862138748168945,
				-0.09357163310050964,
				0.3591896891593933,
				-0.5115969777107239,
				-0.27352046966552734,
				-0.38575613498687744,
				0.380994975566864,
				-0.020593026652932167
			],
			[
				0.12015759944915771,
				-0.14272671937942505,
				0.5291021466255188,
				-0.41544976830482483,
				-0.0046329498291015625,
				-0.3468834161758423,
				0.6103495955467224,
				0.5615971088409424
			],
			[
				0.3307236433029175,
				-0.4189099371433258,
				0.3236317038536072,
				-0.3362903594970703,
				-0.468949556350708,
				-0.3634614944458008,
				0.8033679723739624,
				0.7183185815811157
			],
			[
				0.2503082752227783,
				0.2690804600715637,
				0.48888400197029114,
				0.04716363549232483,
				-0.20628118515014648,
				-0.2700473666191101,
				0.8651701807975769,
				0.513046383857727
			],
			[
				-0.2825883626937866,
				-0.05270436033606529,
				0.6473598480224609,
				0.16599620878696442,
				-0.4716681241989136,
				-0.14644679427146912,
				0.701909065246582,
				0.25973886251449585
			],
			[
				0.317928671836853,
				0.1673123836517334,
				0.3175755739212036,
				0.43978452682495117,
				0.19172155857086182,
				-0.2704869508743286,
				-0.2131655216217041,
				0.38269615173339844
			],
			[
				-0.24159955978393555,
				0.3642464876174927,
				0.355365514755249,
				0.1330520212650299,
				0.4987947940826416,
				-0.43118536472320557,
				0.47875887155532837,
				0.8229617476463318
			],
			[
				-0.2005380392074585,
				0.03544580936431885,
				0.30900081992149353,
				0.0827924907207489,
				0.022778034210205078,
				0.4699335992336273,
				0.766935408115387,
				0.7092868685722351
			],
			[
				-0.22230279445648193,
				-0.026147589087486267,
				0.9261637330055237,
				-0.057292092591524124,
				-0.328555703163147,
				-0.5025990009307861,
				0.36025261878967285,
				0.8280724883079529
			],
			[
				-0.4124847650527954,
				-0.02813730016350746,
				0.10534457862377167,
				0.15110601484775543,
				-0.44757258892059326,
				-0.18402530252933502,
				0.40009087324142456,
				0.49224454164505005
			],
			[
				-0.29944705963134766,
				-0.3973437547683716,
				0.2734783887863159,
				0.19547033309936523,
				-0.44171142578125,
				-0.1686621904373169,
				-0.2387373447418213,
				0.37666940689086914
			],
			[
				-0.4457350969314575,
				-0.4141263961791992,
				0.3920379877090454,
				-0.006283760070800781,
				-0.45326220989227295,
				-0.16477525234222412,
				-0.1612759828567505,
				0.3081098794937134
			]
		],
		"weight_1": [
			0.0,
			-0.08933445066213608,
			0.4319494962692261,
			-0.1597273200750351,
			0.0,
			-0.004630411509424448,
			0.4367818832397461,
			0.44040778279304504
		]
	},
	"layer_3": {},
	"layer_4": {
		"weight_0": [
			[
				-0.5616002082824707,
				0.17260801792144775,
				-0.3629165589809418,
				-0.6658949255943298
			],
			[
				-0.005612216889858246,
				-0.4711478054523468,
				-0.032737597823143005,
				-0.5413286685943604
			],
			[
				0.49828627705574036,
				0.2075020670890808,
				0.6615942716598511,
				0.8182304501533508
			],
			[
				-0.497073233127594,
				0.26646602153778076,
				-0.36181342601776123,
				-0.1108594685792923
			],
			[
				-0.45754700899124146,
				0.12182682752609253,
				-0.42396509647369385,
				0.213800847530365
			],
			[
				-0.14610309898853302,
				0.4933505654335022,
				-0.6606879830360413,
				-0.39903342723846436
			],
			[
				0.768496036529541,
				-0.5261155366897583,
				0.7008914351463318,
				0.9010511040687561
			],
			[
				0.7580507397651672,
				-0.590266764163971,
				0.9286569952964783,
				0.6201086640357971
			]
		],
		"weight_1": [
			0.47649726271629333,
			0.0,
			0.3818367123603821,
			0.37236353754997253
		]
	},
	"layer_5": {},
	"layer_6": {
		"weight_0": [
			[
				2.5377883911132812
			],
			[
				-0.5168478488922119
			],
			[
				3.0813498497009277
			],
			[
				3.549757957458496
			]
		],
		"weight_1": [
			2.446899652481079
		]
	}
}