{
	"layer_0": {
		"weight_0": [
			[
				2.089144229888916,
				0.6937693357467651,
				1.812728762626648,
				1.8029389381408691,
				-0.5367723703384399,
				-0.5729999542236328,
				1.6170333623886108,
				1.6605955362319946,
				-0.27938711643218994,
				-0.39035022258758545,
				-0.002004086971282959,
				-0.5568998456001282,
				1.6752784252166748,
				0.6964003443717957,
				2.221731662750244,
				1.4160377979278564
			],
			[
				-0.636056661605835,
				-2.503791093826294,
				-7.391322135925293,
				-0.5223669409751892,
				-0.36518046259880066,
				-0.4240163564682007,
				-0.4209696650505066,
				-4.863796710968018,
				-0.3669034540653229,
				-0.024273395538330078,
				-0.2978363633155823,
				-0.3806256055831909,
				-14.23916244506836,
				-4.517131328582764,
				-0.40100744366645813,
				-3.715824842453003
			]
		],
		"weight_1": [
			0.7772824168205261,
			1.704903244972229,
			1.287709355354309,
			0.7604016065597534,
			0.0,
			0.0,
			0.685121476650238,
			1.3865867853164673,
			0.0,
			0.0,
			0.0,
			0.0,
			0.44484275579452515,
			0.39605069160461426,
			0.6865333318710327,
			1.6494289636611938
		]
	},
	"layer_1": {},
	"layer_2": {},
	"layer_3": {},
	"layer_4": {
		"weight_0": [
			[
				-0.31496548652648926,
				-0.10610318183898926,
				0.9744967818260193,
				0.3834313154220581,
				0.4069378972053528,
				1.5413601398468018,
				0.22643470764160156,
				1.5074619054794312,
				1.1613253355026245,
				0.9651666283607483,
				1.0886527299880981,
				-0.31128227710723877,
				1.485744833946228,
				1.063916802406311,
				-0.39506757259368896,
				1.0519092082977295
			],
			[
				-0.3075448274612427,
				-0.44430243968963623,
				0.0068792663514614105,
				-0.3274618983268738,
				-0.3672316074371338,
				1.9627914428710938,
				0.01255190372467041,
				1.7075011730194092,
				1.4244847297668457,
				1.878846287727356,
				1.8026386499404907,
				0.22905683517456055,
				2.0560011863708496,
				2.343127489089966,
				-0.09587442874908447,
				-0.35162001848220825
			],
			[
				0.19671916961669922,
				0.2579866647720337,
				0.4051395654678345,
				0.1789015531539917,
				-0.00865936279296875,
				0.3720409870147705,
				-0.059913039207458496,
				-0.40241312980651855,
				-0.44914746284484863,
				0.027524471282958984,
				-0.4937474727630615,
				0.40325307846069336,
				-0.4307427406311035,
				-0.25172507762908936,
				-0.22268450260162354,
				0.2532520294189453
			],
			[
				0.17193496227264404,
				0.045043110847473145,
				0.13002003729343414,
				-0.007741304114460945,
				-0.4603399634361267,
				1.5194380283355713,
				-0.4970123767852783,
				1.6139805316925049,
				1.5596174001693726,
				1.2035962343215942,
				1.3666454553604126,
				-0.07000613212585449,
				1.701271414756775,
				1.2101967334747314,
				-0.11549031734466553,
				0.9184167981147766
			],
			[
				-0.18934428691864014,
				-0.19206440448760986,
				0.3796497583389282,
				-0.10147511959075928,
				-0.39082443714141846,
				-0.2519148588180542,
				-0.3789193630218506,
				-0.1682262420654297,
				-0.2813851833343506,
				-0.1868884563446045,
				0.1869724988937378,
				0.25967180728912354,
				-0.07780539989471436,
				0.19941401481628418,
				-0.47758591175079346,
				0.1878737211227417
			],
			[
				0.37543177604675293,
				0.2771385908126831,
				0.15173184871673584,
				0.4822688102722168,
				0.27366745471954346,
				-0.1754668951034546,
				0.22866010665893555,
				0.05114114284515381,
				0.47323131561279297,
				0.04915177822113037,
				-0.03122246265411377,
				0.38047361373901367,
				-0.008981108665466309,
				0.31101715564727783,
				-0.054941654205322266,
				-0.015660405158996582
			],
			[
				-0.12824738025665283,
				-0.12051355838775635,
				-6.354133129119873,
				-0.09704434871673584,
				0.23025882244110107,
				7.552894592285156,
				-0.08216273784637451,
				7.867826461791992,
				7.459348201751709,
				8.215155601501465,
				7.694187164306641,
				-0.11545050144195557,
				7.362256050109863,
				8.223763465881348,
				-0.09797537326812744,
				-6.2330522537231445
			],
			[
				-0.4456326961517334,
				-0.2640925645828247,
				0.9215996265411377,
				-0.4966805577278137,
				-0.12322460860013962,
				1.2086830139160156,
				-0.4616955518722534,
				1.4079278707504272,
				1.114923357963562,
				1.0381410121917725,
				1.3601641654968262,
				-0.49691343307495117,
				0.5858480930328369,
				1.3532902002334595,
				-0.06143367290496826,
				0.4556066691875458
			]
		],
		"weight_1": [
			0.0,
			0.0,
			0.5049232244491577,
			-0.018973616883158684,
			-0.04825253412127495,
			0.7367694973945618,
			0.0,
			0.7371799349784851,
			0.745520293712616,
			0.7446860671043396,
			0.7365382313728333,
			0.0,
			0.7450740933418274,
			0.7529025673866272,
			0.0,
			0.44698596000671387
		]
	},
	"layer_5": {
		"weight_0": [
			[
				-0.054419636726379395
			],
			[
				-0.33260074257850647
			],
			[
				-2.185828924179077
			],
			[
				0.13469156622886658
			],
			[
				-0.27541863918304443
			],
			[
				1.7683625221252441
			],
			[
				0.3638002872467041
			],
			[
				1.4380849599838257
			],
			[
				1.404815912246704
			],
			[
				1.4163484573364258
			],
			[
				1.5847502946853638
			],
			[
				-0.0589868426322937
			],
			[
				1.6993167400360107
			],
			[
				1.3615310192108154
			],
			[
				-0.3976491689682007
			],
			[
				-1.6593616008758545
			]
		],
		"weight_1": [
			0.760740339756012
		]
	}
}