{
	"layer_0": {
		"weight_0": [
			[
				0.30045291781425476,
				0.40251827239990234,
				-0.4343719184398651,
				0.16943474113941193,
				0.645057737827301,
				0.4451405704021454,
				1.5040403604507446,
				-38.84230041503906,
				-0.31255221366882324,
				1.0922644138336182,
				2.8752830028533936,
				1.5007240772247314,
				2.4346301555633545,
				-3.2801477909088135,
				0.3888016939163208,
				-23.541927337646484
			],
			[
				-3.2889177799224854,
				-2.0234415531158447,
				1.1646744012832642,
				-0.9248663783073425,
				-0.1581486463546753,
				-3.865609645843506,
				-2.3582229614257812,
				-1.5332857370376587,
				1.3191492557525635,
				-10.10423469543457,
				-23.4351749420166,
				-0.27746570110321045,
				0.22523587942123413,
				-0.9479487538337708,
				-1.6528327465057373,
				-0.20160247385501862
			]
		],
		"weight_1": [
			0.15767955780029297,
			0.5308679938316345,
			0.09644660353660583,
			0.5787938833236694,
			0.05983290821313858,
			0.4818717837333679,
			-0.002483831951394677,
			2.0977652072906494,
			-0.5156161785125732,
			0.19090208411216736,
			0.03431548923254013,
			-0.010123346000909805,
			0.24671423435211182,
			1.7192515134811401,
			0.6492778658866882,
			0.23317164182662964
		]
	},
	"layer_1": {},
	"layer_2": {
		"weight_0": [
			[
				-0.29837173223495483,
				0.19262947142124176,
				0.9707533717155457,
				1.3268623352050781,
				1.3318946361541748,
				1.605384111404419,
				0.9691981673240662,
				1.2334372997283936
			],
			[
				0.19143778085708618,
				0.18323421478271484,
				1.0111408233642578,
				0.2528700530529022,
				0.7295480966567993,
				0.19170600175857544,
				0.8171275854110718,
				0.6163251399993896
			],
			[
				0.49450063705444336,
				0.12637777626514435,
				0.2513326108455658,
				-1.5205481052398682,
				0.18817120790481567,
				-1.2164208889007568,
				-1.151117205619812,
				0.03380415588617325
			],
			[
				0.3913216292858124,
				-0.18771867454051971,
				0.46944624185562134,
				-0.13446266949176788,
				0.6667413115501404,
				-0.4594217836856842,
				0.017476005479693413,
				0.8930644392967224
			],
			[
				0.43057969212532043,
				0.2358502894639969,
				0.3243570625782013,
				-0.46344125270843506,
				0.0415521077811718,
				-1.049876093864441,
				0.2153528332710266,
				0.02742590941488743
			],
			[
				0.3568466603755951,
				0.0021871505305171013,
				1.0972397327423096,
				0.6126517653465271,
				0.7247607707977295,
				0.9797020554542542,
				0.6649081110954285,
				0.34682801365852356
			],
			[
				-0.47738099098205566,
				-0.11397502571344376,
				0.09928074479103088,
				0.5763916969299316,
				-0.1256842315196991,
				-3.9371566772460938,
				0.12058617919683456,
				-0.16654810309410095
			],
			[
				0.22541065514087677,
				0.8968330025672913,
				0.024617819115519524,
				-0.2433561086654663,
				0.12566208839416504,
				-0.2531762719154358,
				-0.21939943730831146,
				0.264514684677124
			],
			[
				-0.0454411655664444,
				-0.8049336671829224,
				-1.129835844039917,
				-0.14789415895938873,
				-0.7945016622543335,
				1.8044019937515259,
				-1.5014564990997314,
				-0.8850663900375366
			],
			[
				-1.1507399082183838,
				2.4974985122680664,
				-1.021854281425476,
				2.896005153656006,
				-1.2446672916412354,
				-0.6812297701835632,
				-0.7063987851142883,
				-0.5100474953651428
			],
			[
				-1.037131905555725,
				0.7147130370140076,
				3.359786033630371,
				-0.5865679383277893,
				3.5294981002807617,
				-5.98891019821167,
				-0.9984763264656067,
				2.666313409805298
			],
			[
				0.007860612124204636,
				-1.133602499961853,
				0.31081661581993103,
				0.4338684678077698,
				-0.298449844121933,
				0.8188043832778931,
				0.4447002410888672,
				-0.44318222999572754
			],
			[
				-0.35889238119125366,
				-0.0437420979142189,
				0.47118327021598816,
				-0.5799035429954529,
				0.37073081731796265,
				-1.6719061136245728,
				-0.6420654654502869,
				0.44701191782951355
			],
			[
				0.5476976037025452,
				-1.3768137693405151,
				-0.5060489773750305,
				0.09897306561470032,
				-0.7190808653831482,
				2.1128087043762207,
				-0.11780816316604614,
				-0.7731884717941284
			],
			[
				0.09762931615114212,
				0.46490469574928284,
				1.369486927986145,
				0.2207144796848297,
				1.3226906061172485,
				-0.6773679852485657,
				0.7559308409690857,
				1.2542750835418701
			],
			[
				1.1413849592208862,
				2.6154446601867676,
				0.3439233601093292,
				-3.5730457305908203,
				-0.30142417550086975,
				0.6826676726341248,
				-2.5677688121795654,
				0.4118496775627136
			]
		],
		"weight_1": [
			-0.6828287243843079,
			0.9697846174240112,
			0.7909470200538635,
			0.1675949990749359,
			0.7881072759628296,
			-1.1775360107421875,
			0.28752925992012024,
			0.7974119186401367
		]
	},
	"layer_3": {},
	"layer_4": {
		"weight_0": [
			[
				-1.9244602918624878,
				-1.6879361867904663,
				-2.094834089279175,
				2.0549564361572266
			],
			[
				-0.8482708930969238,
				-0.773476243019104,
				-0.4254116714000702,
				0.20006069540977478
			],
			[
				0.5469666123390198,
				0.785394012928009,
				1.4093382358551025,
				-0.7365716695785522
			],
			[
				2.9490039348602295,
				2.4530367851257324,
				2.6705498695373535,
				-1.9968658685684204
			],
			[
				1.0825170278549194,
				0.6721358895301819,
				0.9860513806343079,
				-1.2596886157989502
			],
			[
				-0.5926846265792847,
				0.23298759758472443,
				-2.714249610900879,
				2.2980916500091553
			],
			[
				0.6537286639213562,
				1.5877689123153687,
				1.4470034837722778,
				-1.3394240140914917
			],
			[
				0.22776411473751068,
				0.07003895938396454,
				0.80791175365448,
				-0.9350692629814148
			]
		],
		"weight_1": [
			0.6952577829360962,
			0.6190379858016968,
			1.0224324464797974,
			-1.0864070653915405
		]
	},
	"layer_5": {},
	"layer_6": {
		"weight_0": [
			[
				4.455081939697266
			],
			[
				4.10247278213501
			],
			[
				4.087818622589111
			],
			[
				-4.037105083465576
			]
		],
		"weight_1": [
			1.1118929386138916
		]
	}
}