{
	"layer_0": {
		"weight_0": [
			[
				0.7475458383560181,
				0.040776073932647705,
				-0.4260368049144745,
				-0.268208771944046,
				0.5396953225135803,
				0.6114704012870789,
				0.8957974910736084,
				0.7897762060165405,
				0.531584620475769,
				0.75759357213974,
				-0.210340678691864,
				0.02179315686225891,
				0.39565029740333557,
				0.707624614238739,
				0.6633390784263611,
				-0.507624626159668
			],
			[
				0.02724236622452736,
				-0.05220060050487518,
				0.2209748476743698,
				-0.3463935852050781,
				1.0134329795837402,
				0.687858521938324,
				0.0658198669552803,
				1.057267427444458,
				1.0131133794784546,
				0.9138737320899963,
				-0.3945399224758148,
				0.060467325150966644,
				0.4292380213737488,
				0.7571747899055481,
				0.9938910007476807,
				-0.1511639654636383
			]
		],
		"weight_1": [
			0.18845750391483307,
			-0.033920835703611374,
			-0.19361788034439087,
			0.0,
			0.5109716653823853,
			0.5195292234420776,
			0.4804409146308899,
			0.5208759903907776,
			0.4799327254295349,
			0.5103696584701538,
			0.0,
			-0.09028612822294235,
			0.051125723868608475,
			0.5167277455329895,
			0.4976925253868103,
			0.0
		]
	},
	"layer_1": {},
	"layer_2": {
		"weight_0": [
			[
				0.2631746530532837,
				0.8665790557861328,
				0.36312440037727356,
				-0.30659449100494385,
				-0.301344633102417,
				-0.48343777656555176,
				-0.1567518264055252,
				0.15223897993564606
			],
			[
				-0.008779644966125488,
				0.2697415351867676,
				-0.20901106297969818,
				-0.4491748809814453,
				0.12259519100189209,
				0.2728395462036133,
				0.3927426338195801,
				-0.24781829118728638
			],
			[
				-0.2726757526397705,
				0.19419679045677185,
				-0.11385291069746017,
				0.1405264139175415,
				0.39108896255493164,
				-0.32058000564575195,
				-0.22451381385326385,
				-0.10651633888483047
			],
			[
				-0.17158877849578857,
				-0.4790879487991333,
				-0.3421611785888672,
				-0.4787437915802002,
				-0.3268178701400757,
				-0.41649675369262695,
				-0.4028208255767822,
				-0.137518048286438
			],
			[
				0.13110899925231934,
				0.8154463171958923,
				-0.47144585847854614,
				-0.060907959938049316,
				-0.35317373275756836,
				-0.353218674659729,
				0.2758227288722992,
				0.7121438980102539
			],
			[
				-0.48569416999816895,
				0.5727605223655701,
				-0.13957342505455017,
				0.22584950923919678,
				-0.02180933952331543,
				-0.07742071151733398,
				0.14508861303329468,
				0.72842937707901
			],
			[
				-0.15226221084594727,
				0.17925235629081726,
				-0.2791205644607544,
				0.27459418773651123,
				-0.13169145584106445,
				-0.3945540189743042,
				0.4127274751663208,
				0.4726402461528778
			],
			[
				-0.3401561975479126,
				0.8855509161949158,
				-0.13896390795707703,
				-0.358784556388855,
				-0.4805631637573242,
				-0.1713470220565796,
				-0.12391594052314758,
				0.9253509640693665
			],
			[
				-0.22291815280914307,
				0.5188848376274109,
				0.36377641558647156,
				0.48420822620391846,
				-0.36992406845092773,
				0.1499723196029663,
				-0.046462804079055786,
				0.5575211048126221
			],
			[
				-0.02152431011199951,
				0.584203839302063,
				-0.4969540536403656,
				-0.12711167335510254,
				-0.32458245754241943,
				-0.36168980598449707,
				-0.26824066042900085,
				0.8314765095710754
			],
			[
				0.4374042749404907,
				0.027103424072265625,
				0.20905077457427979,
				-0.40564095973968506,
				0.432353138923645,
				0.4960671663284302,
				0.43171632289886475,
				-0.23665153980255127
			],
			[
				0.0013000965118408203,
				-0.23601356148719788,
				0.4764818847179413,
				0.041041016578674316,
				-0.2335824966430664,
				-0.3087266683578491,
				0.027560710906982422,
				-0.16182509064674377
			],
			[
				-0.25564467906951904,
				0.21630677580833435,
				0.17312748730182648,
				-0.22523140907287598,
				-0.2090686559677124,
				-0.2094266414642334,
				0.12380117177963257,
				0.2609407901763916
			],
			[
				0.3325899839401245,
				0.8226718902587891,
				0.15578022599220276,
				-0.26993370056152344,
				-0.28975749015808105,
				0.07599234580993652,
				-0.23999951779842377,
				0.9411379098892212
			],
			[
				-0.14659810066223145,
				0.27845102548599243,
				0.30842992663383484,
				-0.34398603439331055,
				0.4318491220474243,
				0.29938197135925293,
				-0.47106999158859253,
				0.6754383444786072
			],
			[
				-0.25060784816741943,
				-0.016419053077697754,
				-0.19157254695892334,
				-0.3579655885696411,
				-0.3736577033996582,
				0.037953853607177734,
				-0.40370285511016846,
				0.39865124225616455
			]
		],
		"weight_1": [
			0.0,
			0.43828848004341125,
			-0.014276462607085705,
			0.0,
			0.0,
			0.0,
			0.006399773061275482,
			0.5110253691673279
		]
	},
	"layer_3": {},
	"layer_4": {
		"weight_0": [
			[
				-0.2830379903316498,
				-0.05136740207672119,
				-0.0970267653465271,
				0.3476935029029846
			],
			[
				0.33080634474754333,
				-0.2303960919380188,
				-0.24650458991527557,
				0.48296302556991577
			],
			[
				0.019279826432466507,
				-0.6200480461120605,
				0.384904146194458,
				-0.3681386709213257
			],
			[
				0.35015588998794556,
				-0.42206358909606934,
				-0.3809058368206024,
				-0.5050740242004395
			],
			[
				-0.051770150661468506,
				0.37632232904434204,
				0.17146384716033936,
				-0.3742115795612335
			],
			[
				-0.4536573886871338,
				0.5569743514060974,
				-0.04294103384017944,
				-0.47859716415405273
			],
			[
				-0.6234644651412964,
				0.6543038487434387,
				0.6029265522956848,
				0.5527000427246094
			],
			[
				-0.3125669062137604,
				-0.6485416889190674,
				0.2379382699728012,
				1.1537108421325684
			]
		],
		"weight_1": [
			-0.11219149827957153,
			0.0,
			-0.28093767166137695,
			0.5006182789802551
		]
	},
	"layer_5": {},
	"layer_6": {
		"weight_0": [
			[
				-0.16747324168682098
			],
			[
				0.5049484968185425
			],
			[
				-0.34431007504463196
			],
			[
				8.33393669128418
			]
		],
		"weight_1": [
			7.3393449783325195
		]
	}
}