{
	"layer_0": {
		"weight_0": [
			[
				2.1366918087005615,
				-0.37556251883506775,
				0.6338945627212524,
				-1.3226019144058228,
				-0.00954979658126831,
				-0.29066282510757446,
				-0.15454715490341187,
				-0.23593923449516296,
				11.692558288574219,
				0.41564086079597473,
				0.5459293723106384,
				10.645065307617188,
				1.2302578687667847,
				2.7452869415283203,
				0.07214392721652985,
				-0.2010475993156433
			],
			[
				-18.473371505737305,
				-0.03186619281768799,
				-6.541441917419434,
				-1.165694236755371,
				-0.3880828619003296,
				-0.44129708409309387,
				-0.4343055188655853,
				-0.2884536385536194,
				-0.2037864327430725,
				-3.7901225090026855,
				-2.774955987930298,
				-0.11939623951911926,
				-2.2370967864990234,
				-0.9918954968452454,
				-0.38140568137168884,
				-0.12465304136276245
			]
		],
		"weight_1": [
			0.4202386736869812,
			0.0,
			0.5737549662590027,
			2.2483415603637695,
			0.0,
			0.0,
			0.0,
			0.0,
			0.4919447898864746,
			0.7140383124351501,
			0.884954571723938,
			0.7213967442512512,
			0.811232328414917,
			0.726037323474884,
			-0.02194923721253872,
			0.0
		]
	},
	"layer_1": {
		"weight_0": [
			[
				-0.05268973112106323,
				-1.7628751993179321,
				0.6238481998443604,
				-2.6792376041412354,
				3.71667742729187,
				3.712808609008789,
				0.26247867941856384,
				-3.7735440731048584,
				3.1289851665496826,
				2.5125601291656494,
				3.1446914672851562,
				3.502849817276001,
				3.750380039215088,
				0.19291338324546814,
				0.28599777817726135,
				1.5180127620697021
			],
			[
				0.28111162781715393,
				0.13532409071922302,
				0.14999964833259583,
				-0.2173459827899933,
				-0.20106789469718933,
				-0.00594136118888855,
				-0.20508715510368347,
				0.4114616811275482,
				-0.004699617624282837,
				-0.38059160113334656,
				-0.2953811287879944,
				-0.17711496353149414,
				-0.07604643702507019,
				-0.06614485383033752,
				-0.3872835040092468,
				0.09573844075202942
			],
			[
				-0.04961922764778137,
				-1.5748010873794556,
				2.3248233795166016,
				-1.0603833198547363,
				2.6538517475128174,
				3.0056707859039307,
				-0.42211464047431946,
				-0.04268641769886017,
				-0.7490289211273193,
				-0.21331676840782166,
				2.5130646228790283,
				2.643472194671631,
				2.920858383178711,
				0.08436188101768494,
				-0.33434179425239563,
				1.0223370790481567
			],
			[
				-0.4370746314525604,
				0.8825358748435974,
				1.773041009902954,
				0.8048221468925476,
				0.9540697336196899,
				0.6886200904846191,
				-0.20057573914527893,
				1.4056566953659058,
				-0.819148063659668,
				-0.8468849062919617,
				0.9361712336540222,
				0.9723340272903442,
				0.6523289084434509,
				-0.1041128933429718,
				-0.4237695634365082,
				0.7762933969497681
			],
			[
				-0.08211582899093628,
				-0.27436602115631104,
				-0.08690401911735535,
				-0.3988833725452423,
				0.08197209239006042,
				0.21382811665534973,
				-0.250379741191864,
				0.011761844158172607,
				-0.40491196513175964,
				0.1356254518032074,
				-0.28063154220581055,
				-0.22013413906097412,
				0.034965962171554565,
				-0.42661377787590027,
				0.26530107855796814,
				-0.3686143159866333
			],
			[
				-0.28196942806243896,
				-0.42173710465431213,
				-0.3887232542037964,
				0.2599526345729828,
				0.0427933931350708,
				-0.3428936302661896,
				0.352071613073349,
				-0.13772666454315186,
				0.09399357438087463,
				-0.05870240926742554,
				-0.09346067905426025,
				0.283679336309433,
				0.2392890751361847,
				0.20785728096961975,
				0.3704409897327423,
				0.08046141266822815
			],
			[
				0.3714202344417572,
				-0.3155538737773895,
				-0.1554553508758545,
				0.11237898468971252,
				0.059793442487716675,
				0.2471618950366974,
				-0.2607717216014862,
				-0.22694817185401917,
				-0.030721336603164673,
				-0.058005452156066895,
				0.25972869992256165,
				0.23772397637367249,
				0.12358686327934265,
				-0.31375205516815186,
				0.2674432098865509,
				-0.4209115207195282
			],
			[
				-0.36609694361686707,
				-0.16308167576789856,
				0.33795180916786194,
				-0.1199275553226471,
				-0.40494921803474426,
				-0.17223531007766724,
				-0.2159959375858307,
				0.28009918332099915,
				-0.3418380320072174,
				0.36156347393989563,
				0.41469326615333557,
				0.42623254656791687,
				0.038350850343704224,
				0.1648888885974884,
				-0.1344197392463684,
				-0.35097408294677734
			],
			[
				-0.20133519172668457,
				0.1480422168970108,
				-2.474036455154419,
				0.66041499376297,
				0.939333438873291,
				0.42960140109062195,
				-0.1840333491563797,
				-0.09802483767271042,
				0.9749121069908142,
				0.8050980567932129,
				0.7825349569320679,
				0.45544663071632385,
				0.43371567130088806,
				-0.053433239459991455,
				-0.11566579341888428,
				-2.5299580097198486
			],
			[
				0.3628077208995819,
				-0.08705241978168488,
				1.2199368476867676,
				0.1258404701948166,
				1.8192962408065796,
				2.2532808780670166,
				-0.07352250814437866,
				1.2783006429672241,
				-1.8979817628860474,
				-1.3863543272018433,
				1.9055308103561401,
				2.1493399143218994,
				1.7038177251815796,
				-0.4128851592540741,
				0.016882359981536865,
				0.016886843368411064
			],
			[
				-0.0776110365986824,
				0.7148721814155579,
				1.1572846174240112,
				1.3291171789169312,
				0.8174895644187927,
				1.0120519399642944,
				0.12848278880119324,
				1.5855708122253418,
				-1.0504040718078613,
				-1.459951400756836,
				1.2647285461425781,
				1.2382957935333252,
				1.343283772468567,
				-0.12556952238082886,
				-0.19285817444324493,
				-0.1156616061925888
			],
			[
				-0.025992153212428093,
				-0.22808362543582916,
				-3.620523691177368,
				-1.0823659896850586,
				0.26791319251060486,
				0.33835604786872864,
				0.0028204014524817467,
				-1.4431778192520142,
				0.731774628162384,
				0.7166100740432739,
				0.8871528506278992,
				0.9287236332893372,
				0.23608870804309845,
				-0.3808712661266327,
				0.18194463849067688,
				-1.5431801080703735
			],
			[
				-0.13067764043807983,
				-0.47277793288230896,
				-0.39184728264808655,
				-0.5763640403747559,
				0.47214481234550476,
				1.0245786905288696,
				-0.20084527134895325,
				0.04057418927550316,
				0.5132521986961365,
				0.020424803718924522,
				1.1217548847198486,
				1.2095335721969604,
				0.689660906791687,
				0.08769616484642029,
				-0.09326690435409546,
				0.2882723808288574
			],
			[
				0.1157689094543457,
				-0.5577921271324158,
				-0.17396703362464905,
				-0.05322618409991264,
				0.5851757526397705,
				0.8979739546775818,
				0.18011368811130524,
				0.1889806091785431,
				0.0022812839597463608,
				0.5241114497184753,
				0.8606542348861694,
				1.2492692470550537,
				1.1286965608596802,
				-0.007369548082351685,
				-0.3001087009906769,
				-0.2611320912837982
			],
			[
				-0.2688499391078949,
				-0.33091849088668823,
				-0.03579706326127052,
				-0.2327948659658432,
				-0.1796087920665741,
				0.2450437992811203,
				-0.3770183324813843,
				0.403234601020813,
				0.10999903082847595,
				-0.2697771489620209,
				0.1433424949645996,
				-0.2969735562801361,
				-0.15430277585983276,
				0.21187660098075867,
				0.1936507523059845,
				-0.43110939860343933
			],
			[
				-0.3532160222530365,
				0.2774300277233124,
				-0.16923043131828308,
				0.10806670784950256,
				0.11488667130470276,
				-0.20083065330982208,
				0.4079209268093109,
				-0.317185640335083,
				-0.07052269577980042,
				-0.28708499670028687,
				-0.09661686420440674,
				0.3461522161960602,
				0.19093546271324158,
				0.03380197286605835,
				-0.2964816093444824,
				-0.41141143441200256
			]
		],