{
	"layer_0": {
		"weight_0": [
			[
				-26.02627944946289,
				6.1471476554870605,
				5.2192888259887695,
				8.579863548278809,
				11.414620399475098,
				5.5367326736450195,
				6.359577655792236,
				7.346738815307617,
				-25.028141021728516,
				8.713081359863281,
				6.429956912994385,
				6.953411102294922,
				-30.13707160949707,
				9.658036231994629,
				10.722816467285156,
				-28.96573257446289
			],
			[
				5.156657695770264,
				-0.025465890765190125,
				3.2167744636535645,
				-3.658421277999878,
				-3.0360329151153564,
				0.1361878216266632,
				0.17832162976264954,
				-16.317750930786133,
				3.7837862968444824,
				-0.25794529914855957,
				-17.45848274230957,
				-11.625290870666504,
				-4.329833507537842,
				-9.97807502746582,
				-8.850401878356934,
				-0.5568147301673889
			]
		],
		"weight_1": [
			-15.285897254943848,
			0.07138532400131226,
			1.5334479808807373,
			1.8864400386810303,
			1.1509289741516113,
			2.955073118209839,
			-0.2541155517101288,
			0.453698992729187,
			-15.299025535583496,
			0.25981977581977844,
			0.27692553400993347,
			1.7859300374984741,
			-16.211942672729492,
			0.6080341935157776,
			1.0750669240951538,
			-15.732922554016113
		]
	},
	"layer_1": {},
	"layer_2": {
		"weight_0": [
			[
				0.4849638044834137,
				-0.21576963365077972,
				0.6049135327339172,
				0.2088310867547989,
				0.13418248295783997,
				14.723884582519531,
				0.17479540407657623,
				0.4296123683452606
			],
			[
				-1.633633017539978,
				0.6186414957046509,
				2.5173115730285645,
				1.904252052307129,
				1.5025075674057007,
				-20.85361671447754,
				-0.8371995687484741,
				10.924022674560547
			],
			[
				-2.5323591232299805,
				-1.1624926328659058,
				0.7233799695968628,
				-0.46434250473976135,
				-1.6415215730667114,
				-3.8817522525787354,
				-1.2107733488082886,
				0.3357420563697815
			],
			[
				-0.1520710587501526,
				-0.5452037453651428,
				1.0260759592056274,
				0.6290013790130615,
				0.5311877131462097,
				-24.114120483398438,
				-0.2957933843135834,
				0.06052570790052414
			],
			[
				-0.8052698373794556,
				0.12263486534357071,
				0.9526181221008301,
				0.6146482229232788,
				0.14929991960525513,
				-19.99557113647461,
				0.08662186563014984,
				-1.0071067810058594
			],
			[
				-1.4457356929779053,
				-0.7247819304466248,
				-1.0231777429580688,
				0.14036774635314941,
				-0.19354362785816193,
				-2.110290288925171,
				-1.302728295326233,
				-0.13527041673660278
			],
			[
				-5.422799587249756,
				-2.474123954772949,
				-5.167965412139893,
				-2.1485352516174316,
				-2.8140313625335693,
				-16.249183654785156,
				-3.3428993225097656,
				-12.343791007995605
			],
			[
				4.484465599060059,
				1.3848297595977783,
				0.5236762166023254,
				1.2895042896270752,
				0.7724606394767761,
				-35.67652130126953,
				2.7927396297454834,
				-0.279946893453598
			],
			[
				0.3302345871925354,
				-0.11290879547595978,
				0.9285009503364563,
				0.6737558841705322,
				-0.16417798399925232,
				13.547032356262207,
				0.2039882242679596,
				0.632064163684845
			],
			[
				-1.7003647089004517,
				-0.7796699404716492,
				2.1024329662323,
				-0.37819328904151917,
				0.5439112186431885,
				-19.3072452545166,
				-1.5609830617904663,
				4.609791278839111
			],
			[
				5.327258586883545,
				1.3067712783813477,
				0.15813730657100677,
				-0.8871695399284363,
				1.1107022762298584,
				-34.20958709716797,
				2.924203634262085,
				0.7202273607254028
			],
			[
				3.294806957244873,
				1.0776097774505615,
				-0.24068091809749603,
				0.5183385014533997,
				0.02720049023628235,
				-36.51252365112305,
				1.870423674583435,
				-0.9973518252372742
			],
			[
				1.6124752759933472,
				-0.5021539926528931,
				1.049683690071106,
				0.36180299520492554,
				-0.28174200654029846,
				10.561896324157715,
				0.5552880764007568,
				0.3821850121021271
			],
			[
				1.8413840532302856,
				1.3857725858688354,
				1.2411779165267944,
				0.29516005516052246,
				1.6106908321380615,
				-35.67518615722656,
				1.9851953983306885,
				0.25055477023124695
			],
			[
				1.1993846893310547,
				1.6755245923995972,
				0.011826872825622559,
				0.4434940218925476,
				0.5581234693527222,
				-34.551029205322266,
				1.2226899862289429,
				1.811940312385559
			],
			[
				1.3138760328292847,
				-0.05843814089894295,
				0.7382900714874268,
				0.8364891409873962,
				0.1097341999411583,
				11.791876792907715,
				0.02814723365008831,
				0.5871902108192444
			]
		],
		"weight_1": [
			-0.5533907413482666,
			1.3177974224090576,
			-0.5154101848602295,
			-0.07247602194547653,
			1.590256929397583,
			0.4624718129634857,
			0.2351696491241455,
			-0.9942356944084167
		]
	},
	"layer_3": {},
	"layer_4": {
		"weight_0": [
			[
				-33.85309600830078,
				-33.183677673339844,
				-33.815513610839844,
				-33.829471588134766
			],
			[
				-28.334646224975586,
				-28.45676040649414,
				-28.39339256286621,
				-28.426916122436523
			],
			[
				-24.729772567749023,
				-25.235593795776367,
				-25.22078514099121,
				-24.05781364440918
			],
			[
				-32.900421142578125,
				-33.224159240722656,
				-33.688507080078125,
				-33.353302001953125
			],
			[
				-30.582944869995117,
				-30.221336364746094,
				-30.71443748474121,
				-29.322608947753906
			],
			[
				24.150508880615234,
				23.92156410217285,
				23.561695098876953,
				23.632905960083008
			],
			[
				-28.992910385131836,
				-29.714893341064453,
				-29.684864044189453,
				-30.013748168945312
			],
			[
				-31.31769371032715,
				-31.996694564819336,
				-31.307565689086914,
				-31.499500274658203
			]
		],
		"weight_1": [
			0.45524635910987854,
			0.4673108160495758,
			0.4694597125053406,
			0.5326164960861206
		]
	},
	"layer_5": {},
	"layer_6": {
		"weight_0": [
			[
				-31.212682723999023
			],
			[
				-31.695261001586914
			],
			[
				-31.9063720703125
			],
			[
				-31.947267532348633
			]
		],
		"weight_1": [
			-0.4951609671115875
		]
	}
}