{
	"layer_0": {
		"weight_0": [
			[
				0.026788825169205666,
				1.1697393655776978,
				3.071275472640991,
				0.30939140915870667,
				3.0484814643859863,
				-0.5188740491867065,
				1.5417853593826294,
				1.2393442392349243
			],
			[
				0.15228664875030518,
				-9.70578384399414,
				-1.5754691362380981,
				-0.5519636869430542,
				-1.24600350856781,
				-0.15152478218078613,
				-4.18568754196167,
				-5.854007720947266
			]
		],
		"weight_1": [
			-0.1852731555700302,
			0.44650161266326904,
			1.8465038537979126,
			-0.2350902110338211,
			1.2567890882492065,
			0.0,
			1.4703223705291748,
			0.8281848430633545
		]
	},
	"layer_1": {
		"weight_0": [
			[
				-0.6492648720741272,
				-0.06540388613939285,
				-0.016607046127319336,
				0.38077402114868164
			],
			[
				-3.968301296234131,
				6.982850551605225,
				-0.18098396062850952,
				-0.6117545962333679
			],
			[
				0.9421765208244324,
				1.2449665069580078,
				-0.6437074542045593,
				-0.587985098361969
			],
			[
				-0.6053547859191895,
				-0.26674216985702515,
				-0.1809949278831482,
				0.5896108150482178
			],
			[
				-0.14377231895923615,
				2.0037779808044434,
				-0.42572227120399475,
				0.024600332602858543
			],
			[
				-0.19743132591247559,
				-0.2866816818714142,
				-0.1721135377883911,
				0.08450305461883545
			],
			[
				0.13747525215148926,
				2.020484209060669,
				-0.5112196803092957,
				-0.5264145135879517
			],
			[
				-0.5498797297477722,
				3.6341612339019775,
				-0.2893226146697998,
				0.22581924498081207
			]
		],
		"weight_1": [
			0.33840152621269226,
			1.109296202659607,
			0.0,
			-0.09578917175531387
		]
	},
	"layer_2": {
		"weight_0": [
			[
				-0.7750430107116699,
				-1.9473196268081665
			],
			[
				-0.6585121154785156,
				2.180241823196411
			],
			[
				0.6184179782867432,
				-0.39907288551330566
			],
			[
				-0.6713690757751465,
				-0.09944328665733337
			]
		],
		"weight_1": [
			0.0,
			1.1217362880706787
		]
	},
	"layer_3": {
		"weight_0": [
			[
				-0.876319944858551
			],
			[
				3.0799784660339355
			]
		],
		"weight_1": [
			1.1270630359649658
		]
	}
}