{
	"layer_0": {
		"weight_0": [
			[
				-0.4639242887496948,
				0.4510626494884491,
				-0.055700063705444336,
				-0.07988844811916351,
				0.266323447227478,
				-0.5303833484649658,
				0.27506157755851746,
				-0.4412953853607178
			],
			[
				-0.40303829312324524,
				0.5085996985435486,
				-0.003718852996826172,
				0.18522971868515015,
				0.19063419103622437,
				-0.3981930613517761,
				-0.560520589351654,
				0.06065916642546654
			]
		],
		"weight_1": [
			0.0,
			-0.02839377149939537,
			0.0,
			0.03889242187142372,
			-0.028802713379263878,
			0.0,
			0.030478976666927338,
			0.011249512434005737
		]
	},
	"layer_1": {
		"weight_0": [
			[
				0.2453588843345642,
				0.10403746366500854,
				0.6535406112670898,
				-0.5614272356033325,
				-0.0029489994049072266,
				-0.011766970157623291
			],
			[
				0.5487983822822571,
				0.15226110816001892,
				0.34991586208343506,
				-0.5953152179718018,
				0.4896312355995178,
				0.5817458033561707
			],
			[
				-0.435860812664032,
				-0.6300130486488342,
				-0.5497007966041565,
				-0.6096077561378479,
				-0.45906999707221985,
				0.4659745693206787
			],
			[
				0.5909987092018127,
				-0.32616549730300903,
				0.6720780730247498,
				0.03657585382461548,
				-0.4797455072402954,
				-0.6479959487915039
			],
			[
				0.3215869963169098,
				0.3897790014743805,
				-0.5896363258361816,
				0.5594877004623413,
				-0.06799636781215668,
				0.5116894245147705
			],
			[
				-0.3422051668167114,
				-0.49662119150161743,
				0.26621073484420776,
				-0.37825655937194824,
				0.2890080213546753,
				0.1237453818321228
			],
			[
				-0.07138048112392426,
				0.44875186681747437,
				0.6578091979026794,
				-0.1682817041873932,
				0.20385660231113434,
				-0.42109405994415283
			],
			[
				-0.4758998453617096,
				0.21407338976860046,
				0.2695741355419159,
				-0.11784470081329346,
				-0.05531952902674675,
				-0.5787831544876099
			]
		],
		"weight_1": [
			0.03669662028551102,
			0.03765376657247543,
			0.03499423339962959,
			0.0,
			-0.03561737760901451,
			-0.030041029676795006
		]
	},
	"layer_2": {
		"weight_0": [
			[
				-0.520010232925415,
				-0.06923040002584457,
				0.09571900963783264,
				-0.16412778198719025
			],
			[
				-0.5971693992614746,
				0.3210154175758362,
				0.7582315802574158,
				-0.5546835660934448
			],
			[
				0.6097723841667175,
				-0.24724969267845154,
				-0.6047655940055847,
				-0.27410197257995605
			],
			[
				0.33780622482299805,
				0.7065523862838745,
				-0.5965173840522766,
				0.05814391374588013
			],
			[
				-0.11580580472946167,
				-0.40499618649482727,
				-0.16412930190563202,
				0.6756110787391663
			],
			[
				0.351762056350708,
				0.22541771829128265,
				-0.6801049709320068,
				0.23334738612174988
			]
		],
		"weight_1": [
			-0.006324540823698044,
			-0.02786361426115036,
			-0.015501846559345722,
			-0.034078389406204224
		]
	},
	"layer_3": {
		"weight_0": [
			[
				-0.5504817366600037
			],
			[
				-0.5919413566589355
			],
			[
				-0.16888360679149628
			],
			[
				-0.8231734037399292
			]
		],
		"weight_1": [
			57.32920837402344
		]
	}
}