{
	"layer_0": {
		"weight_0": [
			[
				4.5763325691223145,
				-0.421383261680603,
				1.612422227859497,
				4.698112964630127,
				-0.2541731595993042,
				-0.29474252462387085,
				-0.03208285570144653,
				0.6514229774475098,
				-1.9485212564468384,
				0.5241599678993225,
				1.4656429290771484,
				0.46123912930488586,
				-0.8307386040687561,
				1.5617761611938477,
				1.0438406467437744,
				10.47903823852539
			],
			[
				-0.09807352721691132,
				-0.5113072395324707,
				-12.809653282165527,
				-0.41156676411628723,
				-0.1289418339729309,
				-0.1714879870414734,
				-0.16151133179664612,
				-4.681540489196777,
				-2.1425364017486572,
				-3.229937791824341,
				-1.067937970161438,
				-2.298361301422119,
				-1.6900306940078735,
				-0.8069837689399719,
				-7.741061210632324,
				-0.2785396873950958
			]
		],
		"weight_1": [
			0.690856397151947,
			0.0,
			0.19868670403957367,
			0.5766651630401611,
			0.0,
			0.0,
			0.0,
			0.6631383299827576,
			2.092017412185669,
			0.8894181251525879,
			0.4303872287273407,
			1.136256217956543,
			2.557537078857422,
			0.9610989093780518,
			0.45154374837875366,
			0.4711604416370392
		]
	},
	"layer_1": {
		"weight_0": [
			[
				0.7778987288475037,
				0.9968550801277161,
				-0.863076388835907,
				0.4489228129386902,
				-0.4592083692550659,
				0.7622601985931396,
				1.056712031364441,
				-0.3816070556640625,
				0.9391012191772461,
				-0.41685745120048523,
				0.27164649963378906,
				0.5401335954666138,
				-0.14457374811172485,
				-0.020647063851356506,
				0.0025223917327821255,
				-2.1529433727264404
			],
			[
				0.05751466751098633,
				0.40132245421409607,
				-0.39929506182670593,
				-0.19109869003295898,
				0.24296227097511292,
				0.1866944134235382,
				-0.07909032702445984,
				-0.10237261652946472,
				0.1242341697216034,
				-0.16722875833511353,
				-0.2790752649307251,
				-0.32450875639915466,
				-0.18480125069618225,
				0.38792040944099426,
				-0.21798430383205414,
				-0.2759397029876709
			],
			[
				5.5939621925354,
				5.162238121032715,
				-4.786468029022217,
				10.740910530090332,
				0.044179607182741165,
				3.09091854095459,
				5.206186771392822,
				-0.42051807045936584,
				5.578585147857666,
				-0.28711172938346863,
				-5.262674808502197,
				-5.069953918457031,
				-0.08679879456758499,
				-3.6963090896606445,
				-4.5925445556640625,
				-1.2670825719833374
			],
			[
				1.2693474292755127,
				1.3598222732543945,
				-1.5923227071762085,
				0.42867565155029297,
				-1.587670922279358,
				1.0636122226715088,
				1.1560014486312866,
				-0.22236570715904236,
				0.760138213634491,
				-0.07310426235198975,
				-0.2641942799091339,
				-0.10909195989370346,
				0.20280826091766357,
				-0.13830026984214783,
				0.535441517829895,
				-2.7093100547790527
			],
			[
				-0.24328966438770294,
				0.10467401146888733,
				0.14475390315055847,
				-0.30030930042266846,
				0.3181212246417999,
				-0.3492891490459442,
				0.04009649157524109,
				0.3249911963939667,
				-0.09269464015960693,
				-0.3086242079734802,
				0.410695344209671,
				-0.3963543176651001,
				-0.034464746713638306,
				-0.11788302659988403,
				0.3111591041088104,
				-0.10036051273345947
			],
			[
				-0.28100332617759705,
				0.29708173871040344,
				-0.15433016419410706,
				0.004163920879364014,
				-0.1036677360534668,
				0.30192360281944275,
				0.23436543345451355,
				0.30826398730278015,
				-0.4293373227119446,
				0.29442933201789856,
				0.27430489659309387,
				-0.2190951555967331,
				-0.25152474641799927,
				-0.3944689929485321,
				-0.33346912264823914,
				0.2957974970340729
			],
			[
				-0.4238957166671753,
				-0.2428811490535736,
				0.03838357329368591,
				-0.19366849958896637,
				0.19433769583702087,
				-0.25205790996551514,
				0.24907419085502625,
				-0.3810332417488098,
				-0.4252353310585022,
				-0.17810171842575073,
				0.012819081544876099,
				0.06142851710319519,
				-0.37512266635894775,
				-0.28981924057006836,
				0.3072708547115326,
				-0.09807738661766052
			],
			[
				2.254335641860962,
				2.5280985832214355,
				0.8720290064811707,
				1.225020408630371,
				0.7637155652046204,
				-1.4841279983520508,
				2.710541248321533,
				0.2165949046611786,
				2.714883804321289,
				-0.13550621271133423,
				-1.283835530281067,
				-0.2574654221534729,
				-0.15557923913002014,
				-0.592037558555603,
				-0.7594549059867859,
				2.273265838623047
			],
			[
				0.9913818836212158,
				0.6558840870857239,
				0.7285366654396057,
				-0.7291511297225952,
				0.3256925642490387,
				-0.6798117756843567,
				0.4652614891529083,
				-0.17974919080734253,
				1.222198724746704,
				0.025804102420806885,
				0.9817218780517578,
				0.2620328962802887,
				-0.34618639945983887,
				0.36160558462142944,
				0.25768423080444336,
				1.5661524534225464
			],
			[
				1.337247610092163,
				1.9404969215393066,
				1.7653809785842896,
				-0.6793592572212219,
				0.018084358423948288,
				-0.9009214043617249,
				2.06523060798645,
				0.00018480420112609863,
				1.973976731300354,
				0.10056355595588684,
				-0.22533373534679413,
				-0.3225177824497223,
				-0.16657134890556335,
				-0.09520185738801956,
				-0.25090572237968445,
				0.8670569062232971
			],
			[
				0.9275916218757629,
				1.1052407026290894,
				0.08973462879657745,
				-0.04599090665578842,
				0.10303147882223129,
				0.1640510857105255,
				0.7897918820381165,
				-0.035943612456321716,
				0.4961242973804474,
				-0.42896440625190735,
				0.27437639236450195,
				-0.018429221585392952,
				-0.2209574431180954,
				-0.05803777649998665,
				0.5284111499786377,
				-0.7857981324195862
			],
			[
				1.5248128175735474,
				1.5847201347351074,
				1.088678002357483,
				-0.9602664709091187,
				-0.2126881629228592,
				-0.1829683929681778,
				1.8889349699020386,
				-0.13318151235580444,
				1.7714332342147827,
				-0.28287121653556824,
				0.1862078607082367,
				0.10793893784284592,
				0.34376558661460876,
				0.719794750213623,
				0.0010858665918931365,
				0.4789336025714874
			],
			[
				0.8163937330245972,
				1.0140066146850586,
				0.7980616092681885,
				-1.3360077142715454,
				0.7064209580421448,
				-0.9674992561340332,
				1.1010613441467285,
				0.2552492618560791,
				0.8288891911506653,
				-0.3225162625312805,
				0.7068467736244202,
				0.2820942997932434,
				-0.11832383275032043,
				0.0003851578221656382,
				0.43327462673187256,
				0.8004756569862366
			],
			[
				1.1137605905532837,
				1.4639525413513184,
				0.002764673437923193,
				0.2823038697242737,
				-0.3525899648666382,
				0.8103976249694824,
				1.58791983127594,
				0.0855746865272522,
				1.0269508361816406,
				0.34345945715904236,
				0.19371724128723145,
				0.24555261433124542,
				0.054737843573093414,
				0.3681216835975647,
				0.26701369881629944,
				0.029858289286494255
			],
			[
				3.237809896469116,
				3.153932571411133,
				-1.2409998178482056,
				3.9019887447357178,
				1.6890974044799805,
				0.7683246731758118,
				3.5418715476989746,
				-0.2804592549800873,
				3.5575602054595947,
				0.18493172526359558,
				-2.6933794021606445,
				-1.8356300592422485,
				0.3525571823120117,
				-1.143761157989502,
				-1.402652382850647,
				1.664702296257019
			],
			[
				0.6634202599525452,
				0.5894472002983093,
				-1.5039998292922974,
				0.8246182203292847,
				-3.0197715759277344,
				1.0668401718139648,
				1.112933874130249,
				-0.09318563342094421,
				0.8255489468574524,
				-0.09545677900314331,
				-0.3778225779533386,
				0.5538759827613831,
				-0.42947399616241455,
				0.18217125535011292,
				-0.02934202179312706,
				-4.556570529937744
			]
		],