{
	"layer_0": {
		"weight_0": [
			[
				-0.3325406610965729,
				0.9332036375999451,
				-0.04439467191696167,
				1.3266671895980835,
				-0.1368076503276825,
				1.67776620388031,
				-0.2600013315677643,
				-0.24770081043243408,
				0.16421057283878326,
				1.511520266532898,
				1.7443650960922241,
				-0.41027700901031494,
				-0.33606866002082825,
				0.7176874876022339,
				1.4316489696502686,
				-0.36251938343048096
			],
			[
				-0.4013291597366333,
				-2.919404983520508,
				-0.5682626962661743,
				-0.6411223411560059,
				-0.5258451104164124,
				-0.8080313801765442,
				-0.46235713362693787,
				-0.3970344364643097,
				-0.16037605702877045,
				-0.7941526174545288,
				-0.3588431179523468,
				-0.1436804234981537,
				-0.48798859119415283,
				-5.163370609283447,
				-0.8236767053604126,
				-0.5381853580474854
			]
		],
		"weight_1": [
			0.0,
			0.7525004744529724,
			0.0,
			1.297905683517456,
			0.0,
			0.8874051570892334,
			0.0,
			0.0,
			-0.14590829610824585,
			0.8725506067276001,
			1.0916600227355957,
			0.0,
			0.0,
			0.4193371534347534,
			0.8535735011100769,
			0.0
		]
	},
	"layer_1": {
		"weight_0": [
			[
				0.2987060248851776,
				0.17490223050117493,
				0.3230040371417999,
				-0.35659924149513245,
				-0.167021244764328,
				0.4124979078769684,
				0.07868573069572449,
				-0.08313149213790894,
				-0.13683614134788513,
				-0.013708710670471191,
				0.18098440766334534,
				-0.2754809856414795,
				0.2835451662540436,
				-0.12789437174797058,
				0.05949962139129639,
				0.06751701235771179
			],
			[
				-0.7472072839736938,
				-0.8679247498512268,
				2.467482566833496,
				0.2768923342227936,
				-0.9344518780708313,
				0.2051776796579361,
				-0.8087269067764282,
				2.314352512359619,
				2.2603814601898193,
				-0.7206208109855652,
				2.362017869949341,
				1.800438642501831,
				-0.2651142477989197,
				-0.024093657732009888,
				0.3467065393924713,
				-0.126753568649292
			],
			[
				0.017923206090927124,
				0.3037514388561249,
				0.12498840689659119,
				0.1517656147480011,
				0.3432197868824005,
				-0.09746971726417542,
				-7.587671279907227e-05,
				-0.29560422897338867,
				0.08735498785972595,
				-0.3685646653175354,
				-0.0037586987018585205,
				0.07074126601219177,
				0.1375921666622162,
				-0.13319450616836548,
				-0.02929931879043579,
				-0.3745958209037781
			],
			[
				0.5797613263130188,
				0.6539266109466553,
				0.691773533821106,
				0.04900147020816803,
				0.7273834347724915,
				-0.35738304257392883,
				0.3884372115135193,
				0.4370206296443939,
				0.9704867005348206,
				0.2733694314956665,
				0.38515183329582214,
				0.5203405618667603,
				-0.3532501757144928,
				-0.3377903699874878,
				-0.017949499189853668,
				0.1828193962574005
			],
			[
				-0.40841948986053467,
				-0.17990311980247498,
				0.1710670292377472,
				0.017902851104736328,
				-0.06078463792800903,
				0.08877357840538025,
				0.27043554186820984,
				0.18606558442115784,
				0.33324310183525085,
				-0.11394521594047546,
				-0.2837862968444824,
				-0.21163834631443024,
				-0.43222105503082275,
				0.25471028685569763,
				-0.2713002562522888,
				0.21343162655830383
			],
			[
				0.20805640518665314,
				0.5367944836616516,
				1.550155520439148,
				0.002675379393622279,
				-0.05931420996785164,
				0.16614237427711487,
				-0.09899885952472687,
				1.6185317039489746,
				1.4433703422546387,
				0.544623076915741,
				1.4809855222702026,
				1.329874038696289,
				0.03985503315925598,
				-0.20493096113204956,
				0.14777109026908875,
				-0.39412233233451843
			],
			[
				-0.06054574251174927,
				0.0848529040813446,
				0.3425240218639374,
				0.370690256357193,
				-0.2742564082145691,
				0.3508731424808502,
				-0.19223110377788544,
				0.4136129915714264,
				-0.20455558598041534,
				-0.09685906767845154,
				0.06266933679580688,
				0.3888273537158966,
				-0.3683362901210785,
				0.22119221091270447,
				0.3685453236103058,
				-0.20979368686676025
			],
			[
				-0.40906140208244324,
				-0.375728577375412,
				0.20674416422843933,
				-0.08943438529968262,
				0.04674908518791199,
				-0.018255919218063354,
				0.3333398401737213,
				0.18264153599739075,
				-0.400521457195282,
				0.3210648000240326,
				-0.3241203725337982,
				-0.385691374540329,
				0.0871988832950592,
				-0.05300748348236084,
				-0.12778687477111816,
				-0.07721787691116333
			],
			[
				0.3727315366268158,
				-0.2092301845550537,
				-0.08824202418327332,
				0.30558258295059204,
				-0.2131813019514084,
				0.20961131155490875,
				0.1910955160856247,
				-0.17342154681682587,
				-0.034621112048625946,
				-0.40566566586494446,
				-0.2338923066854477,
				0.1594991236925125,
				-0.03706842660903931,
				-0.008382022380828857,
				-0.4278586506843567,
				-0.22540651261806488
			],
			[
				0.3818815052509308,
				-0.14487145841121674,
				1.3254300355911255,
				-0.29308679699897766,
				0.019359640777111053,
				0.18711574375629425,
				0.3531052768230438,
				1.4190192222595215,
				1.605912446975708,
				0.5504501461982727,
				1.1855229139328003,
				1.2866019010543823,
				-0.20016981661319733,
				-0.2976319193840027,
				0.03350509703159332,
				-0.18398495018482208
			],
			[
				-0.21803738176822662,
				0.5052225589752197,
				0.2734355926513672,
				-0.23070688545703888,
				0.560309112071991,
				-0.2728379964828491,
				0.5354876518249512,
				0.8236694931983948,
				0.2677338123321533,
				0.09876009076833725,
				0.8756952881813049,
				0.7236201763153076,
				-0.1589864194393158,
				-0.26985183358192444,
				-0.07547592371702194,
				-0.28552618622779846
			],
			[
				0.3653377592563629,
				-0.41733700037002563,
				0.1238386332988739,
				-0.3869270384311676,
				0.3687245547771454,
				-0.15104007720947266,
				0.3139026463031769,
				-0.024498432874679565,
				0.31200817227363586,
				0.256967157125473,
				0.02136257290840149,
				-0.1219504177570343,
				-0.24038845300674438,
				-0.28084683418273926,
				0.24478569626808167,
				-0.10683497786521912
			],
			[
				0.39752915501594543,
				0.17698416113853455,
				-0.36084553599357605,
				0.4225475490093231,
				0.18990764021873474,
				-0.04571712017059326,
				0.026623189449310303,
				-0.15001967549324036,
				0.16661325097084045,
				-0.04317590594291687,
				0.3066456615924835,
				0.18452271819114685,
				-0.211930513381958,
				0.11134383082389832,
				0.06518825888633728,
				0.2542100250720978
			],
			[
				-2.299407720565796,
				-3.1726341247558594,
				4.62398099899292,
				-0.04550204426050186,
				-2.8379926681518555,
				-0.10382843762636185,
				-2.9920926094055176,
				4.431110382080078,
				4.592735290527344,
				-3.2618508338928223,
				4.926698684692383,
				4.99677848815918,
				-0.012404292821884155,
				0.1505289375782013,
				-0.18042483925819397,
				-0.35908418893814087
			],
			[
				0.22109101712703705,
				-0.06528027355670929,
				1.4957480430603027,
				0.2664826214313507,
				0.08744382113218307,
				0.009203685447573662,
				0.29484426975250244,
				1.3251068592071533,
				1.1281423568725586,
				0.0940035805106163,
				1.0530940294265747,
				1.5281604528427124,
				-0.39851003885269165,
				0.3681601583957672,
				-0.47241872549057007,
				0.42762479186058044
			],
			[
				-0.41326260566711426,
				0.29681769013404846,
				-0.2975374460220337,
				0.35298869013786316,
				0.2487306296825409,
				0.30889859795570374,
				0.30567243695259094,
				0.21686646342277527,
				0.21897611021995544,
				0.36879435181617737,
				0.13372930884361267,
				0.2625903785228729,
				-0.4235689640045166,
				-0.15537390112876892,
				-0.22695292532444,
				-0.2433602660894394
			]
		],