{
	"layer_0": {
		"weight_0": [
			[
				0.510216474533081,
				0.6692724823951721,
				-0.17390954494476318,
				1.2510101795196533,
				0.2802058160305023,
				-0.21582195162773132,
				0.33003440499305725,
				5.398994445800781,
				-0.03095996007323265,
				0.03861069679260254,
				-0.5309953093528748,
				0.32100266218185425,
				5.1438398361206055,
				2.1092021465301514,
				0.5293371677398682,
				-0.13776928186416626
			],
			[
				-1.6891216039657593,
				-2.1288020610809326,
				-0.19639843702316284,
				-10.51554012298584,
				-0.48914626240730286,
				-0.3693148195743561,
				-3.074549436569214,
				-0.07362285256385803,
				-1.5647364854812622,
				-0.3559146523475647,
				-0.48791468143463135,
				-1.090180516242981,
				-0.1757367104291916,
				-0.3990586996078491,
				-5.319209098815918,
				-0.18389391899108887
			]
		],
		"weight_1": [
			0.6455932259559631,
			0.42133983969688416,
			0.0,
			0.19549840688705444,
			-0.21940310299396515,
			0.0,
			0.4715142548084259,
			0.00945886131376028,
			1.505017876625061,
			-0.003162275766953826,
			0.0,
			0.6120903491973877,
			0.18127818405628204,
			0.4876054525375366,
			0.3936452269554138,
			0.0
		]
	},
	"layer_1": {
		"weight_0": [
			[
				-0.018941424787044525,
				0.0707460269331932,
				-0.14119593799114227,
				0.6348941922187805,
				1.2095147371292114,
				1.0111457109451294,
				0.06720371544361115,
				1.1359752416610718
			],
			[
				0.07150356471538544,
				0.339739590883255,
				0.1072654128074646,
				0.22857418656349182,
				1.5255818367004395,
				1.923843264579773,
				0.9471568465232849,
				0.4005942940711975
			],
			[
				-0.4651705026626587,
				-0.2904634475708008,
				0.4232063293457031,
				0.041960716247558594,
				0.34963393211364746,
				-0.11542010307312012,
				0.45029783248901367,
				0.4301973581314087
			],
			[
				-0.29679548740386963,
				0.2893339991569519,
				-0.46143653988838196,
				-0.04339265078306198,
				-1.0551921129226685,
				4.430820941925049,
				5.846218585968018,
				5.977252960205078
			],
			[
				-0.350327730178833,
				0.2226841151714325,
				0.19625425338745117,
				0.15789198875427246,
				-0.0719422996044159,
				-0.22675396502017975,
				0.0604751817882061,
				-0.08280984312295914
			],
			[
				-0.3306635618209839,
				-0.21059095859527588,
				-0.18969440460205078,
				-0.3114379644393921,
				0.4140242338180542,
				-0.3275136947631836,
				0.24970078468322754,
				-0.12023448944091797
			],
			[
				-0.24040469527244568,
				-0.14829230308532715,
				0.18409214913845062,
				1.0399471521377563,
				2.851855993270874,
				3.1962788105010986,
				1.7927770614624023,
				0.735333263874054
			],
			[
				0.07640545815229416,
				-0.1537645012140274,
				-0.38081061840057373,
				-2.8900859355926514,
				-0.4069015681743622,
				-0.06043685972690582,
				-0.2032116800546646,
				0.7685960531234741
			],
			[
				0.16748596727848053,
				-0.13526946306228638,
				-0.31179535388946533,
				0.38751211762428284,
				2.3540031909942627,
				0.8234286308288574,
				-0.10462058335542679,
				-0.6257703900337219
			],
			[
				0.4866218566894531,
				0.20133158564567566,
				0.1981062889099121,
				0.4085954427719116,
				-0.4802645742893219,
				0.017050383612513542,
				-0.2030252069234848,
				0.15845350921154022
			],
			[
				0.12192428112030029,
				0.19556963443756104,
				-0.31695234775543213,
				0.3701808452606201,
				0.06723880767822266,
				-0.13300740718841553,
				0.30477845668792725,
				-0.11406266689300537
			],
			[
				-0.21697072684764862,
				-0.05082418769598007,
				0.14108586311340332,
				-0.02058294042944908,
				1.120888113975525,
				0.10785242170095444,
				0.4075733721256256,
				0.2222539186477661
			],
			[
				-0.0728992223739624,
				-0.4243697226047516,
				-0.18442241847515106,
				-2.18410325050354,
				-0.031039739027619362,
				-0.4916914105415344,
				-0.1626075804233551,
				1.4901753664016724
			],
			[
				-0.2398957461118698,
				0.27619150280952454,
				-0.21959395706653595,
				-0.9621406197547913,
				0.48503580689430237,
				0.5773606896400452,
				0.596662700176239,
				1.4426367282867432
			],
			[
				0.09355537593364716,
				-0.07691039890050888,
				0.30393266677856445,
				1.1101429462432861,
				1.332366704940796,
				3.566781520843506,
				3.580519199371338,
				2.510593891143799
			],
			[
				-0.1186743974685669,
				0.4034019708633423,
				0.3421560525894165,
				-0.221948504447937,
				-0.18120765686035156,
				0.48256003856658936,
				0.13016760349273682,
				0.2994266748428345
			]
		],
		"weight_1": [
			-0.12291114777326584,
			-0.03367934376001358,
			-0.04277360439300537,
			0.35068583488464355,
			1.2252410650253296,
			-0.363261878490448,
			0.20341649651527405,
			0.28803786635398865
		]
	},
	"layer_2": {
		"weight_0": [
			[
				-0.6104531288146973,
				0.03822502866387367,
				-0.0893108993768692,
				-0.03863120451569557
			],
			[
				0.6021514534950256,
				0.5695216059684753,
				-0.4498938322067261,
				0.08866262435913086
			],
			[
				-0.20630712807178497,
				0.027588967233896255,
				-0.31912195682525635,
				0.34530165791511536
			],
			[
				2.1696488857269287,
				-0.6489763259887695,
				-2.6176881790161133,
				2.631610631942749
			],
			[
				0.7765724658966064,
				-0.5826948285102844,
				2.114569902420044,
				0.6421632170677185
			],
			[
				0.5963707566261292,
				-0.12656106054782867,
				2.179605484008789,
				0.31546998023986816
			],
			[
				0.18249869346618652,
				1.1303291320800781,
				1.9841902256011963,
				-0.6975246667861938
			],
			[
				-1.8106138706207275,
				0.49473899602890015,
				1.8351043462753296,
				-0.7735618352890015
			]
		],
		"weight_1": [
			-0.7941699028015137,
			-2.5122647285461426,
			0.29771488904953003,
			0.8402968645095825
		]
	},
	"layer_3": {
		"weight_0": [
			[
				-5.4239115715026855
			],
			[
				-3.6915571689605713
			],
			[
				2.69173264503479
			],
			[
				-5.00485897064209
			]
		],
		"weight_1": [
			0.30120959877967834
		]
	}
}