{
	"layer_0": {
		"weight_0": 0.0,
		"weight_1": 1.0,
		"weight_2": -1
	},
	"layer_1": {
		"weight_0": [
			0.5387613773345947,
			0.3056286573410034,
			0.24576209485530853,
			0.2797916531562805,
			-0.10241500288248062,
			0.531121015548706,
			0.0,
			0.0,
			0.3373253047466278,
			0.37697634100914,
			0.4200035631656647,
			0.6034150123596191,
			0.5109430551528931,
			0.0,
			0.5229467749595642,
			0.4064381718635559
		],
		"weight_1": [
			[
				1.185028314590454,
				0.9728464484214783,
				0.6695989370346069,
				0.6538400650024414,
				-0.02212562784552574,
				0.9447411894798279,
				-0.5754604339599609,
				-0.18285617232322693,
				0.6972000598907471,
				0.9160529971122742,
				0.686225414276123,
				1.1066964864730835,
				1.0838563442230225,
				-0.14448842406272888,
				0.8774458765983582,
				0.5761946439743042
			],
			[
				-0.5463906526565552,
				-0.2855339050292969,
				-1.9960339069366455,
				-0.05887613072991371,
				0.10082868486642838,
				-0.4428402781486511,
				-0.16929122805595398,
				-0.45244914293289185,
				-1.9999290704727173,
				-0.37204667925834656,
				-1.504645824432373,
				-0.6154775023460388,
				-0.08240024745464325,
				-0.09347164630889893,
				-0.3594290614128113,
				-1.5955181121826172
			]
		],
		"weight_2": -1,
		"weight_3": -2.000638961791992,
		"weight_4": 2.000638961791992,
		"weight_5": -0.5658519268035889,
		"weight_6": 2.0280253887176514
	},
	"layer_2": {
		"weight_0": [
			0.0,
			0.42996272444725037,
			0.0,
			0.4421254098415375,
			0.5179733037948608,
			0.5099402666091919,
			0.5264923572540283,
			0.0
		],
		"weight_1": [
			[
				-0.18067240715026855,
				0.7243132591247559,
				-0.2511507272720337,
				1.0998799800872803,
				1.0462061166763306,
				0.4826542139053345,
				0.9231387972831726,
				-0.45522749423980713
			],
			[
				-0.018692493438720703,
				0.7765612602233887,
				-0.31782829761505127,
				0.1375044882297516,
				0.3235049247741699,
				0.3075048625469208,
				0.334960401058197,
				-0.3348582983016968
			],
			[
				-0.29821860790252686,
				2.2159523963928223,
				0.39083051681518555,
				1.7287012338638306,
				1.5129410028457642,
				1.5689265727996826,
				2.138460636138916,
				0.030025482177734375
			],
			[
				-0.033495187759399414,
				-0.43188151717185974,
				-0.31976091861724854,
				0.08856265246868134,
				0.34145185351371765,
				-0.3596888482570648,
				0.1902526468038559,
				-0.4701193571090698
			],
			[
				-0.2931426763534546,
				-0.1530698537826538,
				0.2967078685760498,
				-0.25356325507164,
				-0.09776833653450012,
				-0.029279807582497597,
				0.005951453931629658,
				0.11852657794952393
			],
			[
				-0.15337491035461426,
				0.3199672996997833,
				-0.25018906593322754,
				0.3343490958213806,
				0.10262563824653625,
				0.5825705528259277,
				0.6740867495536804,
				-0.4734126329421997
			],
			[
				0.26650333404541016,
				0.4064279794692993,
				0.18494534492492676,
				0.25917530059814453,
				-0.19265830516815186,
				-0.1558619737625122,
				-0.3852214813232422,
				0.45989060401916504
			],
			[
				0.2328547239303589,
				0.39166784286499023,
				0.24845027923583984,
				-0.47289812564849854,
				-0.2962632179260254,
				0.1324845552444458,
				-0.24847900867462158,
				0.21046149730682373
			],
			[
				0.1128842830657959,
				2.027787446975708,
				0.14333319664001465,
				1.969319224357605,
				1.4378756284713745,
				2.1384780406951904,
				1.6863993406295776,
				-0.28812921047210693
			],
			[
				0.38558316230773926,
				0.859652042388916,
				-0.2331928014755249,
				0.026891928166151047,
				0.2763591408729553,
				0.39501163363456726,
				0.6367512345314026,
				0.269329309463501
			],
			[
				0.014431118965148926,
				1.467913031578064,
				-0.09550642967224121,
				0.950928270816803,
				1.0910712480545044,
				1.4515210390090942,
				1.3922699689865112,
				0.4021430015563965
			],
			[
				-0.37941813468933105,
				0.570032000541687,
				-0.3007087707519531,
				0.3252333998680115,
				1.1403248310089111,
				1.0107563734054565,
				0.7524289488792419,
				-0.3656829595565796
			],
			[
				-0.2457798719406128,
				-0.5609263777732849,
				-0.21661555767059326,
				0.19066476821899414,
				0.057666901499032974,
				0.04287446290254593,
				0.38566938042640686,
				-0.03955376148223877
			],
			[
				0.16976559162139893,
				-0.43767249584198,
				-0.11018240451812744,
				-0.013147115707397461,
				0.12792503833770752,
				0.04206490516662598,
				-0.2175290584564209,
				0.3708515167236328
			],
			[
				-0.4626774787902832,
				-0.07699234038591385,
				-0.27700936794281006,
				0.3465178906917572,
				-0.02347666770219803,
				0.3606376051902771,
				0.062213800847530365,
				0.0375821590423584
			],
			[
				0.05827605724334717,
				0.8850922584533691,
				-0.13193345069885254,
				1.5811634063720703,
				0.899265706539154,
				1.266831874847412,
				1.7985541820526123,
				-0.24832534790039062
			]
		],
		"weight_2": -1,
		"weight_3": -2.2149486541748047,
		"weight_4": 2.2149486541748047,
		"weight_5": -0.5658519268035889,
		"weight_6": 10.09754753112793
	},
	"layer_3": {
		"weight_0": [
			0.5009853839874268,
			0.5016183257102966,
			-0.0733993873000145,
			-0.030814364552497864
		],
		"weight_1": [
			[
				0.6539538502693176,
				0.03893476724624634,
				-0.16230684518814087,
				-0.12109565734863281
			],
			[
				0.8529068827629089,
				1.3993481397628784,
				-0.02327589876949787,
				-0.39908480644226074
			],
			[
				-0.3034060597419739,
				-0.5077871084213257,
				-0.4838424324989319,
				0.22132205963134766
			],
			[
				0.4590839147567749,
				1.643448829650879,
				0.11991670727729797,
				-0.08067609369754791
			],
			[
				1.4594612121582031,
				0.8005466461181641,
				-0.36922043561935425,
				0.12604962289333344
			],
			[
				1.4347468614578247,
				1.3893914222717285,
				-0.21979288756847382,
				0.31019771099090576
			],
			[
				1.3179644346237183,
				1.2494738101959229,
				0.2994478642940521,
				-0.24486829340457916
			],
			[
				0.31845539808273315,
				-0.0799407958984375,
				0.5669998526573181,
				-0.690202534198761
			]
		],
		"weight_2": -1,
		"weight_3": -1.6414246559143066,
		"weight_4": 1.6414246559143066,
		"weight_5": -0.5658519268035889,
		"weight_6": 48.35744857788086
	},
	"layer_4": {
		"weight_0": [
			0.49517083168029785
		],
		"weight_1": [
			[
				1.4195479154586792
			],
			[
				1.3956646919250488
			],
			[
				-0.9304596781730652
			],
			[
				-0.6303166151046753
			]
		],
		"weight_2": -1,
		"weight_3": -1.417484998703003,
		"weight_4": 1.417484998703003,
		"weight_5": -0.5658519268035889,
		"weight_6": 97.67181396484375
	}
}