{
	"layer_0": {
		"weight_0": [
			[
				0.6853243112564087,
				0.8444587588310242,
				-0.5397140979766846,
				1.1342768669128418,
				0.9398200511932373,
				1.1467727422714233,
				0.050788719207048416,
				0.14306026697158813,
				0.6636936068534851,
				-0.19369935989379883,
				0.49780794978141785,
				0.7702023983001709,
				0.38158902525901794,
				-0.26738646626472473,
				-0.17733553051948547,
				1.076667070388794
			],
			[
				-0.4349421560764313,
				0.11456971615552902,
				-0.41552895307540894,
				-0.7262087464332581,
				1.0605063438415527,
				0.022040657699108124,
				-0.44623643159866333,
				-0.1955067217350006,
				-1.8317358493804932,
				-0.2538944184780121,
				0.06562162190675735,
				-0.2619263231754303,
				-0.5796811580657959,
				1.4937831163406372,
				-0.2368764877319336,
				-0.8727855086326599
			]
		],
		"weight_1": [
			0.7359575033187866,
			0.8313553929328918,
			0.0,
			0.7150228023529053,
			1.0069711208343506,
			0.8007064461708069,
			-0.0031622769311070442,
			-0.12000352144241333,
			0.3741701543331146,
			0.0,
			0.7748547196388245,
			0.7247997522354126,
			0.7448673248291016,
			0.221031054854393,
			0.0,
			0.45080190896987915
		]
	},
	"layer_1": {
		"weight_0": [
			[
				0.47453373670578003,
				1.0853337049484253,
				-0.08789607137441635,
				0.38143324851989746,
				0.34727299213409424,
				0.41387200355529785,
				-0.15460066497325897,
				0.3529641032218933
			],
			[
				-0.041547831147909164,
				0.754931628704071,
				-0.2893601655960083,
				-0.3665722608566284,
				-0.2099791169166565,
				-0.2812443673610687,
				-0.2197476327419281,
				0.6778114438056946
			],
			[
				-0.1679917573928833,
				0.4871335029602051,
				-0.14909374713897705,
				0.3031851053237915,
				0.21063733100891113,
				0.004194855690002441,
				0.14121496677398682,
				-0.34748005867004395
			],
			[
				1.3767569065093994,
				1.1665141582489014,
				-0.15915991365909576,
				-0.08098924160003662,
				-0.29472532868385315,
				1.0664209127426147,
				-0.26787281036376953,
				1.0087312459945679
			],
			[
				-0.23276905715465546,
				0.10009779036045074,
				0.18067313730716705,
				0.19693684577941895,
				0.3271634876728058,
				-0.5604901313781738,
				-0.18192613124847412,
				0.44052422046661377
			],
			[
				0.44695645570755005,
				0.763546347618103,
				0.0904613584280014,
				-0.36315858364105225,
				-0.3513701558113098,
				-0.310096800327301,
				0.4201963543891907,
				0.4406234920024872
			],
			[
				-0.37122973799705505,
				-0.3357815146446228,
				-0.3322981595993042,
				0.3486661911010742,
				-0.15629887580871582,
				-0.4086415767669678,
				0.14302003383636475,
				-0.20038248598575592
			],
			[
				-0.1257694959640503,
				-0.025362234562635422,
				0.21965229511260986,
				-0.41013479232788086,
				-0.3212190568447113,
				-0.27554577589035034,
				-0.07109762728214264,
				-0.12601806223392487
			],
			[
				1.7729250192642212,
				1.381896734237671,
				-0.13223333656787872,
				0.03696620464324951,
				-0.07094210386276245,
				1.8701447248458862,
				-0.1975657194852829,
				1.9268523454666138
			],
			[
				0.45978760719299316,
				-0.26978039741516113,
				0.27528607845306396,
				-0.3130272626876831,
				0.3047744035720825,
				0.3629058599472046,
				0.31314003467559814,
				0.3627980947494507
			],
			[
				-0.10814528167247772,
				0.6072093844413757,
				0.3240842819213867,
				-0.45762813091278076,
				-0.04589453712105751,
				0.007888155058026314,
				-0.42657729983329773,
				0.10598792135715485
			],
			[
				0.3810276985168457,
				0.45082584023475647,
				-0.04302128031849861,
				0.08488845825195312,
				0.12622131407260895,
				0.5034119486808777,
				-0.045302100479602814,
				0.8081492781639099
			],
			[
				0.8946033120155334,
				1.1557793617248535,
				-0.22136324644088745,
				-0.46203601360321045,
				-0.3491131067276001,
				0.6886143088340759,
				-0.11756335198879242,
				0.6213125586509705
			],
			[
				-1.5547256469726562,
				-1.305499792098999,
				-0.1901189386844635,
				0.1569889783859253,
				-0.06978017091751099,
				-1.636893391609192,
				-0.4713512659072876,
				-1.4244781732559204
			],
			[
				-0.15063011646270752,
				-0.43498694896698,
				-0.15119481086730957,
				-0.1685161590576172,
				0.33622467517852783,
				-0.4506784677505493,
				-0.28198325634002686,
				0.17859864234924316
			],
			[
				1.0485011339187622,
				0.8443233966827393,
				-0.25072234869003296,
				0.05346345901489258,
				0.3052218556404114,
				0.5701852440834045,
				0.39674416184425354,
				0.8244104385375977
			]
		],
		"weight_1": [
			0.6983072757720947,
			0.7950074076652527,
			-0.07187018543481827,
			0.0,
			-0.02918158285319805,
			0.3825792074203491,
			-0.06888534873723984,
			0.7967270016670227
		]
	},
	"layer_2": {
		"weight_0": [
			[
				1.097472071647644,
				-0.09740358591079712,
				1.7529839277267456,
				-0.3516369163990021
			],
			[
				1.3527424335479736,
				-0.5112377405166626,
				0.3554798364639282,
				-0.31109005212783813
			],
			[
				-0.03189149126410484,
				0.7063265442848206,
				-0.4826185405254364,
				-0.11753290891647339
			],
			[
				-0.17764776945114136,
				0.586245596408844,
				-0.010950922966003418,
				-0.4083286225795746
			],
			[
				-0.11307062953710556,
				0.024722516536712646,
				-0.2599608600139618,
				-0.4170664846897125
			],
			[
				1.035192847251892,
				0.4711112380027771,
				1.2225980758666992,
				0.17030632495880127
			],
			[
				-0.5106047987937927,
				-0.5064924955368042,
				0.7212487459182739,
				0.13930080831050873
			],
			[
				1.4246857166290283,
				0.26177775859832764,
				0.6171121597290039,
				-0.15188650786876678
			]
		],
		"weight_1": [
			0.7857565879821777,
			0.0,
			0.780116617679596,
			-0.004996951669454575
		]
	},
	"layer_3": {
		"weight_0": [
			[
				1.8749459981918335
			],
			[
				-0.253015398979187
			],
			[
				1.5995805263519287
			],
			[
				-0.4630158543586731
			]
		],
		"weight_1": [
			0.7756791114807129
		]
	}
}