{
	"layer_0": {
		"weight_0": 0.0,
		"weight_1": 1.0,
		"weight_2": -1
	},
	"layer_1": {
		"weight_0": [
			0.0,
			0.6959396600723267,
			0.5939412713050842,
			0.6162675619125366,
			-0.0031622550450265408,
			0.7261144518852234,
			0.0,
			0.7118639349937439,
			-0.004441550001502037,
			0.6085805296897888,
			0.0,
			0.7237843871116638,
			0.7069146037101746,
			0.0,
			0.6967754364013672,
			0.3880429267883301
		],
		"weight_1": [
			[
				-0.3765215277671814,
				2.235147714614868,
				2.1758339405059814,
				2.0139148235321045,
				0.04135379195213318,
				1.8327831029891968,
				-0.2461661398410797,
				1.670073390007019,
				0.0313057005405426,
				2.0020194053649902,
				-0.13269683718681335,
				2.4168500900268555,
				1.9424694776535034,
				-0.10716462135314941,
				2.423903465270996,
				1.3393248319625854
			],
			[
				-0.013162195682525635,
				-0.6092648506164551,
				-0.7713619470596313,
				-1.9546171426773071,
				-0.5272356271743774,
				-0.8015770316123962,
				-0.30043506622314453,
				-0.452305406332016,
				-0.21110109984874725,
				-0.9762705564498901,
				-0.2720276117324829,
				-0.9856126308441162,
				-0.515191376209259,
				-0.46243560314178467,
				-0.70253586769104,
				-0.8352675437927246
			]
		],
		"weight_2": -1,
		"weight_3": -2.423438310623169,
		"weight_4": 2.423438310623169,
		"weight_5": -0.5658519268035889,
		"weight_6": 3.076573610305786
	},
	"layer_2": {
		"weight_0": [
			-0.007500076666474342,
			0.6905177235603333,
			0.0,
			-0.03694625198841095,
			0.621202290058136,
			0.48281770944595337,
			0.0,
			0.0
		],
		"weight_1": [
			[
				-0.4034844636917114,
				0.06934595108032227,
				-0.32547593116760254,
				0.1203685998916626,
				-0.021119356155395508,
				0.4947150945663452,
				-0.12213575839996338,
				0.11796486377716064
			],
			[
				0.22457553446292877,
				1.1865262985229492,
				-0.24332880973815918,
				-0.3032550513744354,
				0.382345587015152,
				0.6538619995117188,
				0.1899961233139038,
				-0.2364572286605835
			],
			[
				0.207345113158226,
				1.0748013257980347,
				-0.1228107213973999,
				-0.45125454664230347,
				1.4176088571548462,
				1.1894464492797852,
				0.21834135055541992,
				0.4783194065093994
			],
			[
				-0.031128406524658203,
				1.9855058193206787,
				-0.2987821102142334,
				-0.41112852096557617,
				1.8767383098602295,
				1.1970221996307373,
				-0.25552666187286377,
				-0.3423130512237549
			],
			[
				-0.37756574153900146,
				-0.38833579421043396,
				-0.08223748207092285,
				-0.06157875061035156,
				0.1891247034072876,
				0.151654914021492,
				-0.024149298667907715,
				0.13083434104919434
			],
			[
				-0.42509013414382935,
				1.3766593933105469,
				0.25550639629364014,
				-0.07939422130584717,
				0.6973884105682373,
				0.9521216154098511,
				0.381331205368042,
				-0.260148286819458
			],
			[
				-0.28814542293548584,
				-0.30009615421295166,
				-0.261035680770874,
				-0.2229914665222168,
				-0.3588392734527588,
				-0.4570869207382202,
				0.09304773807525635,
				0.17840516567230225
			],
			[
				0.42647281289100647,
				0.47224995493888855,
				-0.43435657024383545,
				-0.43286824226379395,
				0.5645304918289185,
				0.4346156120300293,
				-0.47330546379089355,
				-0.2781541347503662
			],
			[
				-0.2779761552810669,
				-0.09368012845516205,
				-0.11465668678283691,
				-0.2759964168071747,
				-0.2427610158920288,
				-0.31918931007385254,
				0.12643277645111084,
				0.30816638469696045
			],
			[
				0.2418568879365921,
				1.2841167449951172,
				0.11430370807647705,
				-0.2512500584125519,
				1.831756830215454,
				0.7642675042152405,
				-0.06081688404083252,
				0.09985733032226562
			],
			[
				0.393843412399292,
				-0.23761701583862305,
				0.36669111251831055,
				-0.1089334487915039,
				-0.025183796882629395,
				0.47511184215545654,
				0.3297818899154663,
				-0.4615004062652588
			],
			[
				-0.01129928044974804,
				1.7264010906219482,
				-0.02540886402130127,
				0.05897609144449234,
				1.3109475374221802,
				1.3614388704299927,
				0.28594446182250977,
				-0.24935221672058105
			],
			[
				-0.3745969831943512,
				0.8424972891807556,
				-0.39582395553588867,
				0.2666730284690857,
				0.9564843773841858,
				0.8116568922996521,
				-0.3101668357849121,
				-0.42066216468811035
			],
			[
				-0.4456444978713989,
				-0.08400177955627441,
				-0.30500197410583496,
				-0.4965639114379883,
				-0.06141865253448486,
				-0.2746107578277588,
				-0.05834484100341797,
				-0.1878185272216797
			],
			[
				-0.486356258392334,
				1.4736086130142212,
				-0.3452937602996826,
				0.38951048254966736,
				0.7874565124511719,
				1.3073488473892212,
				-0.45582330226898193,
				-0.19436776638031006
			],
			[
				0.2174474447965622,
				0.585732638835907,
				0.011322975158691406,
				0.20568624138832092,
				0.7524231672286987,
				0.326909601688385,
				0.3477613925933838,
				0.2997877597808838
			]
		],
		"weight_2": -1,
		"weight_3": -1.9855058193206787,
		"weight_4": 1.9855058193206787,
		"weight_5": -0.5658519268035889,
		"weight_6": 26.077205657958984
	},
	"layer_3": {
		"weight_0": [
			0.0,
			-0.057281870394945145,
			0.6837952136993408,
			0.0
		],
		"weight_1": [
			[
				-0.38738059997558594,
				0.3195720314979553,
				-0.09740538150072098,
				-0.37041381001472473
			],
			[
				-0.10317140817642212,
				-0.04115607962012291,
				1.8676891326904297,
				-0.2696634531021118
			],
			[
				0.32224851846694946,
				-0.09434336423873901,
				-0.6525380611419678,
				0.31431347131729126
			],
			[
				-0.3686846196651459,
				-0.7027241587638855,
				-0.5057294964790344,
				-0.6738407611846924
			],
			[
				0.09439480304718018,
				0.5955859422683716,
				1.3871452808380127,
				0.24674129486083984
			],
			[
				-0.18565267324447632,
				-0.7634434700012207,
				0.9676649570465088,
				-0.500307023525238
			],
			[
				0.172119140625,
				-0.6963839530944824,
				0.497982919216156,
				0.3358270525932312
			],
			[
				0.16493850946426392,
				-0.3163023293018341,
				0.27242809534072876,
				0.4162113070487976
			]
		],
		"weight_2": -1,
		"weight_3": -1.8676294088363647,
		"weight_4": 1.8676294088363647,
		"weight_5": -0.5658519268035889,
		"weight_6": 78.6292724609375
	},
	"layer_4": {
		"weight_0": [
			0.6512317061424255
		],
		"weight_1": [
			[
				0.6545181274414062
			],
			[
				-0.9127852916717529
			],
			[
				1.137200117111206
			],
			[
				1.0091207027435303
			]
		],
		"weight_2": -1,
		"weight_3": -1.1371434926986694,
		"weight_4": 1.1371434926986694,
		"weight_5": -0.5658519268035889,
		"weight_6": 56.24995040893555
	}
}