{
	"layer_0": {
		"weight_0": 0.0,
		"weight_1": 1.0,
		"weight_2": -1
	},
	"layer_1": {
		"weight_0": [
			0.0,
			0.0,
			0.0,
			0.09850858151912689,
			0.0,
			1.6773251295089722,
			0.6787812113761902,
			0.5120365023612976,
			0.9568370580673218,
			1.4351974725723267,
			0.0,
			4.299053192138672,
			4.274773120880127,
			2.4214134216308594,
			0.2324378788471222,
			2.6342787742614746
		],
		"weight_1": [
			[
				-0.3205292224884033,
				-0.2543928623199463,
				-0.0508115291595459,
				1.0569944381713867,
				-0.3873513638973236,
				1.0328338146209717,
				0.8629399538040161,
				0.9085883498191833,
				1.1465728282928467,
				1.2422698736190796,
				-0.5430513620376587,
				7.938392639160156,
				4.374884605407715,
				4.119504451751709,
				1.0590254068374634,
				3.9183156490325928
			],
			[
				-0.46883705258369446,
				-0.4892827868461609,
				-0.274288535118103,
				-5.552797317504883,
				-0.49557027220726013,
				1.575184941291809,
				-2.2741215229034424,
				-3.5003907680511475,
				-1.7108943462371826,
				-0.7473472356796265,
				-0.3434346318244934,
				2.3896355628967285,
				1.7175759077072144,
				0.45166388154029846,
				-4.785285472869873,
				0.29781338572502136
			]
		],
		"weight_2": -1,
		"weight_3": -7.938392639160156,
		"weight_4": 7.938392639160156,
		"weight_5": -5.072835445404053,
		"weight_6": 13.96851921081543
	},
	"layer_2": {
		"weight_0": -1,
		"weight_1": -3.3394137455289297e-10,
		"weight_2": 13.820392608642578
	},
	"layer_3": {
		"weight_0": [
			-0.07920695841312408,
			2.9850728511810303,
			-0.10892865061759949,
			0.16618144512176514,
			0.1905481219291687,
			0.22601677477359772,
			0.1629907786846161,
			0.7295488715171814
		],
		"weight_1": [
			[
				-0.25641632080078125,
				0.03667294979095459,
				0.3391982316970825,
				-0.11528468132019043,
				0.37913477420806885,
				-0.16515874862670898,
				0.41813361644744873,
				-0.13311076164245605
			],
			[
				0.014970183372497559,
				0.09600687026977539,
				0.21403837203979492,
				-0.3170679807662964,
				0.01869058609008789,
				0.012185811996459961,
				0.3188709020614624,
				0.2832740545272827
			],
			[
				0.38405418395996094,
				0.09070754051208496,
				0.16239166259765625,
				0.21506667137145996,
				-0.06413066387176514,
				-0.1978815793991089,
				-0.05338871479034424,
				-0.15634989738464355
			],
			[
				0.40912169218063354,
				7.445041179656982,
				-0.0649084746837616,
				4.321971893310547,
				6.447282314300537,
				4.027971267700195,
				6.995163917541504,
				-7.938891410827637
			],
			[
				0.30471837520599365,
				-0.41617846488952637,
				0.06056773662567139,
				-0.1725701093673706,
				0.012302398681640625,
				0.08314716815948486,
				-0.3831092119216919,
				-0.2532463073730469
			],
			[
				-0.5578623414039612,
				2.9742610454559326,
				-0.24131515622138977,
				-0.9984851479530334,
				-1.0803707838058472,
				-0.23409202694892883,
				-0.26750776171684265,
				0.9951667189598083
			],
			[
				-0.24874278903007507,
				5.055584907531738,
				0.28305962681770325,
				1.413529396057129,
				1.57622230052948,
				1.0476731061935425,
				1.9592223167419434,
				-0.6318631768226624
			],
			[
				-0.26228633522987366,
				5.472782135009766,
				0.2844664454460144,
				2.268784284591675,
				2.334771156311035,
				1.2010802030563354,
				2.4362833499908447,
				-1.5571019649505615
			],
			[
				-0.21110856533050537,
				5.424435138702393,
				0.3445274531841278,
				1.3902937173843384,
				0.8784306645393372,
				1.0752367973327637,
				0.7805483937263489,
				-0.14114119112491608
			],
			[
				0.16530539095401764,
				4.111246109008789,
				-0.03585563600063324,
				0.026383433490991592,
				0.3640189468860626,
				0.2791099548339844,
				0.7523970007896423,
				0.04180508479475975
			],
			[
				-0.15806615352630615,
				-0.4279181957244873,
				0.12162399291992188,
				0.3822052478790283,
				0.4549903869628906,
				0.0784611701965332,
				-0.41991305351257324,
				-0.09459102153778076
			],
			[
				-0.18321479856967926,
				4.0657782554626465,
				-0.015037554316222668,
				0.5146576762199402,
				0.751785159111023,
				0.527144730091095,
				0.415334016084671,
				0.26170289516448975
			],
			[
				0.1930716633796692,
				4.992516994476318,
				-0.11227171123027802,
				0.25591370463371277,
				1.0430222749710083,
				0.583492636680603,
				0.6070671677589417,
				0.6935471296310425
			],
			[
				0.3407351076602936,
				4.896456241607666,
				-0.30677470564842224,
				0.49846693873405457,
				0.3827265202999115,
				0.5304922461509705,
				0.7258663177490234,
				0.49774810671806335
			],
			[
				-0.5342376232147217,
				5.252335071563721,
				0.1402340680360794,
				3.122767925262451,
				3.927424430847168,
				2.978696584701538,
				4.170123100280762,
				-4.183743953704834
			],
			[
				0.11989175528287888,
				5.288835048675537,
				-0.24890057742595673,
				0.24339580535888672,
				0.9333644509315491,
				0.5983436107635498,
				0.2614912986755371,
				0.44822683930397034
			]
		],
		"weight_2": -1,
		"weight_3": -7.938891410827637,
		"weight_4": 7.938891410827637,
		"weight_5": -5.678771018981934,
		"weight_6": 188.29832458496094
	},
	"layer_4": {
		"weight_0": -1,
		"weight_1": -3.3394137455289297e-10,
		"weight_2": 172.15765380859375
	},
	"layer_5": {
		"weight_0": [
			0.0,
			-0.046325985342264175,
			0.23500150442123413,
			0.7173900008201599
		],
		"weight_1": [
			[
				0.6531242728233337,
				-0.5760352611541748,
				-0.32507380843162537,
				0.33559489250183105
			],
			[
				-0.22077986598014832,
				-0.0691949799656868,
				1.2944104671478271,
				0.5320280194282532
			],
			[
				-0.43468186259269714,
				-0.5655455589294434,
				-0.48272401094436646,
				0.42953720688819885
			],
			[
				-0.4094579815864563,
				0.5133775472640991,
				1.5706316232681274,
				0.15736709535121918
			],
			[
				0.5251112580299377,
				0.0359891913831234,
				1.2856165170669556,
				-0.19494029879570007
			],
			[
				-0.4732281565666199,
				-0.6245498061180115,
				1.1308269500732422,
				0.3687615990638733
			],
			[
				-0.46127551794052124,
				0.07876516133546829,
				1.3305684328079224,
				-0.37928396463394165
			],
			[
				0.0858352780342102,
				0.15689431130886078,
				-2.552550792694092,
				2.4578616619110107
			]
		],
		"weight_2": -1,
		"weight_3": -2.551500082015991,
		"weight_4": 2.551500082015991,
		"weight_5": -48.153743743896484,
		"weight_6": 302.04583740234375
	},
	"layer_6": {
		"weight_0": -1,
		"weight_1": -3.3394137455289297e-10,
		"weight_2": 285.4477844238281
	},
	"layer_7": {
		"weight_0": [
			0.2637004256248474
		],
		"weight_1": [
			[
				-0.9014567732810974
			],
			[
				-1.0496633052825928
			],
			[
				1.411861538887024
			],
			[
				-2.3156330585479736
			]
		],
		"weight_2": -1,
		"weight_3": -2.3146722316741943,
		"weight_4": 2.3146722316741943,
		"weight_5": -3.363041234383246e-10,
		"weight_6": 144.51087951660156
	}
}