{
	"layer_0": {
		"weight_0": 0.0,
		"weight_1": 1.0,
		"weight_2": -1
	},
	"layer_1": {
		"weight_0": [
			0.46817025542259216,
			0.0,
			0.09283773601055145,
			0.3839985132217407,
			0.5643289089202881,
			0.28998062014579773,
			0.03173128888010979,
			0.0,
			0.5033172965049744,
			1.1684927940368652,
			0.4266124963760376,
			0.3336790204048157,
			0.20895619690418243,
			0.0,
			0.5710145831108093,
			0.0
		],
		"weight_1": [
			[
				1.0727771520614624,
				-0.14298734068870544,
				-0.4839365780353546,
				1.2511337995529175,
				0.3202444314956665,
				0.5527199506759644,
				0.0867658481001854,
				-0.1721305549144745,
				0.8499273061752319,
				-0.21170805394649506,
				1.0876710414886475,
				0.6179710626602173,
				1.3889771699905396,
				-0.45420587062835693,
				1.1818190813064575,
				-0.28592047095298767
			],
			[
				-0.495712012052536,
				-0.516193687915802,
				0.12448342144489288,
				-0.2578029930591583,
				-0.3775225579738617,
				-1.9163755178451538,
				-0.29298681020736694,
				-0.4209243059158325,
				-1.8099349737167358,
				-0.2934510409832001,
				-0.4444384276866913,
				-1.98695969581604,
				-0.21164795756340027,
				-0.32311928272247314,
				-0.588141918182373,
				-0.4006783366203308
			]
		],
		"weight_2": -1,
		"weight_3": -1.98695969581604,
		"weight_4": 1.98695969581604,
		"weight_5": -0.5658519268035889,
		"weight_6": 2.0145184993743896
	},
	"layer_2": {
		"weight_0": [
			0.0,
			-0.3589777946472168,
			0.498151034116745,
			0.5090141892433167,
			0.47329434752464294,
			0.5087608695030212,
			0.49818357825279236,
			0.0
		],
		"weight_1": [
			[
				-0.3382662534713745,
				-0.2685917615890503,
				0.329257994890213,
				0.8706479668617249,
				-0.5830952525138855,
				1.0717853307724,
				0.43475326895713806,
				-0.4620828628540039
			],
			[
				0.1379021406173706,
				0.10361742973327637,
				0.1961381435394287,
				0.23570799827575684,
				0.43524062633514404,
				0.4740309715270996,
				0.031446218490600586,
				0.39653337001800537
			],
			[
				0.06371939182281494,
				-0.13527274131774902,
				-0.5635862350463867,
				-0.18236404657363892,
				0.4255063533782959,
				0.18272005021572113,
				0.08241736888885498,
				-0.35811400413513184
			],
			[
				-0.09197020530700684,
				0.403582900762558,
				0.6864124536514282,
				-0.060735829174518585,
				-0.6207109689712524,
				-0.1468065232038498,
				0.5228996276855469,
				-0.1748051643371582
			],
			[
				-0.3906862735748291,
				0.17232045531272888,
				0.24773064255714417,
				0.5159046053886414,
				0.29266834259033203,
				0.32680168747901917,
				0.06457541882991791,
				0.18074524402618408
			],
			[
				0.2623194456100464,
				0.1414870321750641,
				2.14215350151062,
				1.6373039484024048,
				-0.287870854139328,
				2.0537502765655518,
				2.126721143722534,
				-0.24198925495147705
			],
			[
				0.45167481899261475,
				0.22364751994609833,
				-0.10277778655290604,
				0.251850962638855,
				-0.2557630240917206,
				0.16105350852012634,
				0.30707159638404846,
				-0.01381826400756836
			],
			[
				0.3457980155944824,
				-0.37704169750213623,
				0.1475750207901001,
				0.4736062288284302,
				0.1492992639541626,
				-0.37085235118865967,
				-0.19658184051513672,
				0.11182570457458496
			],
			[
				-0.40859949588775635,
				0.13269618153572083,
				1.4553471803665161,
				1.5817371606826782,
				0.41879841685295105,
				1.671372652053833,
				1.72932767868042,
				-0.39319348335266113
			],
			[
				-0.10790741443634033,
				-0.8016393780708313,
				0.6214593052864075,
				-0.27492791414260864,
				0.720533549785614,
				-0.23711052536964417,
				0.5117560625076294,
				-0.27956390380859375
			],
			[
				-0.1010352373123169,
				0.5247157216072083,
				0.2548756003379822,
				0.8833709359169006,
				-0.4972827434539795,
				0.8765032887458801,
				0.9402869343757629,
				-0.4349757432937622
			],
			[
				0.2525418996810913,
				-0.47350454330444336,
				2.4687678813934326,
				1.5079560279846191,
				-0.4153464436531067,
				2.3970720767974854,
				1.8335157632827759,
				-0.49353110790252686
			],
			[
				-0.3842806816101074,
				0.6372480988502502,
				0.0905439630150795,
				0.49834540486335754,
				-0.3865276873111725,
				-0.06788919866085052,
				-0.16697658598423004,
				0.27625393867492676
			],
			[
				0.1996399164199829,
				-0.32137131690979004,
				0.2921764850616455,
				-0.3996701240539551,
				0.054574012756347656,
				-0.0364990234375,
				0.23746776580810547,
				-0.3827406167984009
			],
			[
				-0.06849777698516846,
				0.42333322763442993,
				1.063268780708313,
				0.41934871673583984,
				-0.1431981474161148,
				0.8938992023468018,
				0.9480980634689331,
				0.07038986682891846
			],
			[
				0.0609205961227417,
				0.1907055377960205,
				0.24567067623138428,
				-0.37500429153442383,
				0.00781857967376709,
				0.12078237533569336,
				-0.020095467567443848,
				0.20092475414276123
			]
		],
		"weight_2": -1,
		"weight_3": -2.4687678813934326,
		"weight_4": 2.4687678813934326,
		"weight_5": -0.5658519268035889,
		"weight_6": 8.787402153015137
	},
	"layer_3": {
		"weight_0": [
			0.4919542074203491,
			0.3854740560054779,
			0.4939746856689453,
			0.0
		],
		"weight_1": [
			[
				-0.22837403416633606,
				0.21337854862213135,
				0.44694358110427856,
				-0.36695387959480286
			],
			[
				-1.292001485824585,
				-0.7772426605224609,
				-0.6723747253417969,
				0.11347615718841553
			],
			[
				1.6812269687652588,
				0.5459935665130615,
				1.2977198362350464,
				-0.21981385350227356
			],
			[
				1.0555167198181152,
				1.2921092510223389,
				1.2568913698196411,
				-0.6865975856781006
			],
			[
				-1.768842339515686,
				-0.9500995874404907,
				-1.7771344184875488,
				-0.19214767217636108
			],
			[
				1.6136749982833862,
				1.2719866037368774,
				0.9739916920661926,
				0.5811503529548645
			],
			[
				1.434562087059021,
				1.2563201189041138,
				0.526503324508667,
				-0.16814517974853516
			],
			[
				-0.4033021628856659,
				-0.24140197038650513,
				0.4695276618003845,
				-0.17959296703338623
			]
		],
		"weight_2": -1,
		"weight_3": -1.7756654024124146,
		"weight_4": 1.7756654024124146,
		"weight_5": -0.5658519268035889,
		"weight_6": 41.29066467285156
	},
	"layer_4": {
		"weight_0": [
			0.47920671105384827
		],
		"weight_1": [
			[
				1.3882827758789062
			],
			[
				0.9353687167167664
			],
			[
				1.2582435607910156
			],
			[
				-0.7315115928649902
			]
		],
		"weight_2": -1,
		"weight_3": -1.388363003730774,
		"weight_4": 1.388363003730774,
		"weight_5": -0.5658519268035889,
		"weight_6": 98.89698028564453
	}
}