{
	"layer_0": {
		"weight_0": [
			[
				-0.547459065914154,
				-0.2770725190639496,
				0.4480094909667969,
				0.363086998462677,
				-0.2682071030139923,
				-0.06584241986274719,
				0.09680558741092682,
				0.21428658068180084,
				0.6359233260154724,
				0.7617433071136475,
				0.12745337188243866,
				0.7166270017623901,
				0.42786478996276855,
				0.4427337050437927,
				0.7718175649642944,
				-0.21773460507392883
			],
			[
				-0.0633993148803711,
				-0.3491479754447937,
				0.5465632081031799,
				-0.26131904125213623,
				-0.22752654552459717,
				0.9109030365943909,
				0.6251754760742188,
				-0.5111138224601746,
				0.8024909496307373,
				-0.0511561781167984,
				0.7571253180503845,
				0.006501476280391216,
				0.9087677001953125,
				0.8358286023139954,
				0.27017247676849365,
				-0.021891474723815918
			]
		],
		"weight_1": [
			0.0,
			0.0,
			0.35633349418640137,
			0.324829638004303,
			0.0,
			0.3745836615562439,
			0.14855249226093292,
			-0.145750492811203,
			0.359397292137146,
			0.338460236787796,
			0.3868754804134369,
			0.2401246875524521,
			0.3726792335510254,
			0.3702349066734314,
			0.3832238018512726,
			0.0
		]
	},
	"layer_1": {},
	"layer_2": {
		"weight_0": [
			[
				0.188562273979187,
				-0.34749114513397217,
				-0.4514874219894409,
				0.018602967262268066,
				-0.4743281602859497,
				-0.37406039237976074,
				-0.03128516674041748,
				-0.42315757274627686
			],
			[
				0.48072922229766846,
				0.34512877464294434,
				0.37161004543304443,
				0.10247242450714111,
				-0.3732513189315796,
				-0.3950573205947876,
				-0.13099825382232666,
				0.0679696798324585
			],
			[
				0.40104082226753235,
				-0.2819870710372925,
				0.3679521679878235,
				0.6103255152702332,
				0.49895989894866943,
				-0.36963748931884766,
				-0.3505162000656128,
				0.1967487335205078
			],
			[
				0.5860785245895386,
				-0.328730046749115,
				0.29686734080314636,
				0.5524629950523376,
				0.4013780355453491,
				-0.3848409652709961,
				-0.49629223346710205,
				0.5562967658042908
			],
			[
				-0.03200054168701172,
				0.4958939552307129,
				0.3059122562408447,
				-0.476598858833313,
				0.30443787574768066,
				-0.3067817687988281,
				0.4694582223892212,
				0.2841794490814209
			],
			[
				0.1483498364686966,
				0.36996886134147644,
				0.7990079522132874,
				0.19369739294052124,
				0.6103766560554504,
				-0.488297700881958,
				-0.030585169792175293,
				0.5129353404045105
			],
			[
				-0.09558320790529251,
				0.4622688591480255,
				0.24798107147216797,
				0.24806857109069824,
				0.1929025948047638,
				0.07085669040679932,
				-0.4224148988723755,
				0.35079631209373474
			],
			[
				-0.2878877520561218,
				0.37215352058410645,
				-0.1762956976890564,
				-0.32595109939575195,
				0.03126773610711098,
				0.2869940996170044,
				-0.06576061248779297,
				-0.23030875623226166
			],
			[
				0.7042330503463745,
				0.2865262031555176,
				-0.13095034658908844,
				0.5646715760231018,
				0.4613662362098694,
				-0.25584864616394043,
				-0.43106329441070557,
				0.533963143825531
			],
			[
				0.019900187849998474,
				0.14725565910339355,
				-0.058540597558021545,
				0.35382190346717834,
				0.6405125260353088,
				-0.327364444732666,
				-0.2857248783111572,
				0.13050585985183716
			],
			[
				0.7361536622047424,
				0.21980075538158417,
				0.6636784672737122,
				0.874808132648468,
				0.038782160729169846,
				-0.12531137466430664,
				0.22293472290039062,
				0.2952381372451782
			],
			[
				0.5920732021331787,
				-0.2739427983760834,
				0.5885310173034668,
				-0.11302396655082703,
				0.3260800242424011,
				-0.2587324380874634,
				-0.4730879068374634,
				0.3959001898765564
			],
			[
				0.481419175863266,
				-0.006229055114090443,
				0.4275536835193634,
				0.18386882543563843,
				0.5284987688064575,
				-0.3393632173538208,
				0.2909383773803711,
				0.49854233860969543
			],
			[
				0.2085859328508377,
				0.2773210406303406,
				0.2815650999546051,
				0.6788100600242615,
				0.6161425709724426,
				-0.26022088527679443,
				-0.1695922613143921,
				0.14216402173042297
			],
			[
				0.3438267111778259,
				-0.2727256715297699,
				0.3924316465854645,
				0.582416296005249,
				0.19156414270401,
				0.0002988576889038086,
				-0.3962891101837158,
				0.6361545920372009
			],
			[
				-0.38248300552368164,
				-0.013924002647399902,
				0.2843242883682251,
				0.443905234336853,
				-0.25405430793762207,
				-0.27761542797088623,
				-0.03399920463562012,
				-0.21787786483764648
			]
		],
		"weight_1": [
			0.3701240122318268,
			0.14985297620296478,
			0.3051089644432068,
			0.3648506999015808,
			0.35189753770828247,
			0.0,
			0.0,
			0.29269686341285706
		]
	},
	"layer_3": {},
	"layer_4": {
		"weight_0": [
			[
				0.6344528794288635,
				0.004933714866638184,
				-0.6461546421051025,
				0.8875969052314758
			],
			[
				0.8855119347572327,
				-0.08356672525405884,
				-0.44030508399009705,
				-0.2114592343568802
			],
			[
				-0.06985337287187576,
				-0.27957993745803833,
				-0.04156249761581421,
				1.0076591968536377
			],
			[
				0.6466849446296692,
				0.12690603733062744,
				-0.07958316802978516,
				0.7294195294380188
			],
			[
				0.9071274399757385,
				-0.39341554045677185,
				-0.45106956362724304,
				0.5166810750961304
			],
			[
				-0.02803558111190796,
				0.469973623752594,
				0.23107635974884033,
				-0.28051525354385376
			],
			[
				-0.15995925664901733,
				0.28159624338150024,
				-0.1524355411529541,
				0.6424567103385925
			],
			[
				0.9164521098136902,
				-0.5208379030227661,
				-0.5072861909866333,
				0.01362806186079979
			]
		],
		"weight_1": [
			0.2915327548980713,
			0.0,
			0.0,
			0.3650592267513275
		]
	},
	"layer_5": {},
	"layer_6": {
		"weight_0": [
			[
				3.1001808643341064
			],
			[
				0.27764856815338135
			],
			[
				-0.4016032814979553
			],
			[
				2.761873483657837
			]
		],
		"weight_1": [
			2.3435275554656982
		]
	}
}