{
	"layer_0": {
		"weight_0": [
			[
				1.4387357234954834,
				2.8934056758880615,
				-0.8955488204956055,
				2.0558042526245117
			],
			[
				3.105746030807495,
				2.0975685119628906,
				-0.9377408027648926,
				2.7723567485809326
			]
		],
		"weight_1": [
			2.3740317821502686,
			1.968151569366455,
			0.0,
			2.3758177757263184
		]
	},
	"layer_1": {
		"weight_0": [
			[
				2.8647263050079346
			],
			[
				2.1460227966308594
			],
			[
				-0.027229785919189453
			],
			[
				2.571769952774048
			]
		],
		"weight_1": [
			2.3476414680480957
		]
	}
}