{
	"layer_0": {
		"weight_0": 0.0,
		"weight_1": 1.0,
		"weight_2": -1
	},
	"layer_1": {
		"weight_0": [
			0.0,
			0.02906269021332264,
			0.0,
			-0.022334368899464607,
			0.03087499924004078,
			0.0,
			-0.03034261055290699,
			0.039227426052093506,
			-0.006246055942028761,
			-0.005543873645365238,
			-0.024338198825716972,
			-0.02778344228863716,
			-0.015675708651542664,
			0.0,
			0.006699464749544859,
			0.0
		],
		"weight_1": [
			[
				-0.2512742578983307,
				0.282749205827713,
				-0.19333335757255554,
				-0.2540270984172821,
				-0.4035305678844452,
				0.004001259803771973,
				0.4848485589027405,
				-0.043859802186489105,
				-0.4652678668498993,
				0.23448705673217773,
				0.006084194406867027,
				-0.4389721751213074,
				-0.4550132751464844,
				-0.2889753580093384,
				-0.047967903316020966,
				-0.2773860991001129
			],
			[
				-0.3815499246120453,
				0.4810929000377655,
				-0.1272457242012024,
				0.43648701906204224,
				0.3016510605812073,
				-0.3670441210269928,
				0.45475053787231445,
				0.4580327868461609,
				0.44511160254478455,
				-0.50591641664505,
				0.369010865688324,
				0.27775463461875916,
				0.33279621601104736,
				-0.1283452808856964,
				0.19656814634799957,
				-0.10307130217552185
			]
		],
		"weight_2": -1,
		"weight_3": -0.50591641664505,
		"weight_4": 0.50591641664505,
		"weight_5": -1.1747631106841295e-35,
		"weight_6": 0.8416277766227722
	},
	"layer_2": {
		"weight_0": [
			0.011334100738167763,
			0.0,
			-0.02435171976685524,
			0.05026567727327347,
			0.010694002732634544,
			0.0,
			-0.03491047024726868,
			-0.027098163962364197
		],
		"weight_1": [
			[
				-0.05986809730529785,
				-0.16895484924316406,
				0.4717133045196533,
				0.22636234760284424,
				0.4456549882888794,
				0.20805704593658447,
				0.04377138614654541,
				-0.12378048896789551
			],
			[
				0.22264444828033447,
				-0.35137295722961426,
				0.17097727954387665,
				0.2089472860097885,
				-0.08869445323944092,
				0.005553126335144043,
				0.2083221673965454,
				-0.2781096398830414
			],
			[
				0.4236494302749634,
				-0.2648334503173828,
				0.17356181144714355,
				0.0944756269454956,
				0.3448512554168701,
				0.2202821969985962,
				0.4222973585128784,
				0.07467401027679443
			],
			[
				0.024076540023088455,
				-0.1650601625442505,
				0.0909750685095787,
				0.15510518848896027,
				0.08902430534362793,
				-0.10444104671478271,
				0.3707689046859741,
				-0.27266040444374084
			],
			[
				0.11927437782287598,
				-0.4323040246963501,
				-0.3497300148010254,
				0.21810464560985565,
				0.15217089653015137,
				0.44802379608154297,
				-0.5000637769699097,
				-0.2538907527923584
			],
			[
				-0.49550163745880127,
				0.4346102476119995,
				0.11711394786834717,
				-0.19180738925933838,
				0.09223949909210205,
				-0.2937769889831543,
				-0.1956791877746582,
				0.14284217357635498
			],
			[
				0.19884629547595978,
				0.12084388732910156,
				-0.41665714979171753,
				-0.23344171047210693,
				0.012421231716871262,
				-0.14734423160552979,
				0.407015860080719,
				0.453993558883667
			],
			[
				-0.13112559914588928,
				-0.06067311763763428,
				0.12146902084350586,
				0.4109615981578827,
				0.22906619310379028,
				0.04878520965576172,
				-0.19711834192276,
				-0.3468424379825592
			],
			[
				0.09075809270143509,
				-0.38461148738861084,
				-0.1557331681251526,
				-0.3263046145439148,
				-0.44722557067871094,
				0.18941855430603027,
				-0.17070257663726807,
				-0.1098187044262886
			],
			[
				0.32076817750930786,
				0.21963906288146973,
				-0.36807119846343994,
				0.30451086163520813,
				0.45026805996894836,
				-0.2986485958099365,
				-0.09378685057163239,
				0.31198206543922424
			],
			[
				-0.4137747585773468,
				-0.02900540828704834,
				0.438483327627182,
				-0.048445917665958405,
				0.2980997860431671,
				-0.024541020393371582,
				0.24356158077716827,
				-0.18478941917419434
			],
			[
				-0.16578970849514008,
				-0.13934361934661865,
				0.446408212184906,
				-0.2198217511177063,
				0.3461649715900421,
				0.005151033401489258,
				0.29229483008384705,
				-0.014429807662963867
			],
			[
				0.39246901869773865,
				0.2268507480621338,
				0.3931872546672821,
				0.41624021530151367,
				-0.38516733050346375,
				-0.2373296022415161,
				0.46645021438598633,
				0.16267645359039307
			],
			[
				0.4166780710220337,
				0.2986031770706177,
				-0.33774125576019287,
				-0.3863372802734375,
				0.0030137300491333008,
				0.4650917053222656,
				-0.07419002056121826,
				-0.3908637762069702
			],
			[
				0.44478800892829895,
				0.2271890640258789,
				-0.08250201493501663,
				-0.137858048081398,
				-0.24559386074543,
				-0.4356729984283447,
				0.14736317098140717,
				-0.24762879312038422
			],
			[
				0.24107885360717773,
				0.10396385192871094,
				0.368430495262146,
				-0.0006810426712036133,
				-0.31903886795043945,
				0.36459648609161377,
				0.34045207500457764,
				-0.25188612937927246
			]
		],
		"weight_2": -1,
		"weight_3": -0.5000637769699097,
		"weight_4": 0.5000637769699097,
		"weight_5": -1.1747631106841295e-35,
		"weight_6": 0.5277643203735352
	},
	"layer_3": {
		"weight_0": [
			-0.022023119032382965,
			0.0,
			-0.034124042838811874,
			0.0
		],
		"weight_1": [
			[
				0.4361690878868103,
				-0.3460790514945984,
				-0.14839419722557068,
				-0.2355078160762787
			],
			[
				-0.007708847522735596,
				0.3972926735877991,
				-0.07713347673416138,
				-0.5186501741409302
			],
			[
				-0.07696467638015747,
				-0.3814453184604645,
				0.6073893308639526,
				-0.08575010299682617
			],
			[
				-0.5524852871894836,
				-0.3545527756214142,
				-0.5872806906700134,
				-0.6782585978507996
			],
			[
				-0.32769978046417236,
				0.34392231702804565,
				0.02845807932317257,
				-0.10390007495880127
			],
			[
				0.34957355260849,
				-0.06423771381378174,
				-0.13669806718826294,
				0.05855005979537964
			],
			[
				-0.2180115133523941,
				-0.2785620093345642,
				0.24727410078048706,
				-0.2655453681945801
			],
			[
				0.33561956882476807,
				0.42870908975601196,
				0.3249640166759491,
				0.49616771936416626
			]
		],
		"weight_2": -1,
		"weight_3": -0.6782585978507996,
		"weight_4": 0.6782585978507996,
		"weight_5": -1.1747631106841295e-35,
		"weight_6": 5.327664212018135e-07
	},
	"layer_4": {
		"weight_0": [
			57.326141357421875
		],
		"weight_1": [
			[
				-0.907073438167572
			],
			[
				-0.6480088829994202
			],
			[
				-0.7091671824455261
			],
			[
				-0.12496805191040039
			]
		],
		"weight_2": -1,
		"weight_3": -0.907073438167572,
		"weight_4": 0.907073438167572,
		"weight_5": -1.1747631106841295e-35,
		"weight_6": 57.32423400878906
	}
}