{
	"layer_0": {
		"weight_0": 0.0,
		"weight_1": 1.0,
		"weight_2": -1
	},
	"layer_1": {
		"weight_0": [
			0.4584636688232422,
			0.3639256954193115,
			0.681591808795929,
			0.4366026222705841,
			0.0,
			0.6688947677612305,
			-0.15792469680309296,
			0.5109972953796387,
			0.6511862277984619,
			0.6744178533554077,
			0.7123929262161255,
			0.42327335476875305,
			0.0,
			0.6848184466362,
			0.5086008906364441,
			0.658405065536499
		],
		"weight_1": [
			[
				-0.22660745680332184,
				1.2676769495010376,
				1.0215080976486206,
				0.7915799617767334,
				-0.00345611572265625,
				1.990186095237732,
				0.1702945977449417,
				1.0758028030395508,
				1.2820230722427368,
				0.7249603271484375,
				0.9461947679519653,
				0.6011291146278381,
				-0.24308648705482483,
				1.300872802734375,
				1.011730670928955,
				1.1612563133239746
			],
			[
				1.6861029863357544,
				1.2220897674560547,
				0.10620031505823135,
				-1.9895358085632324,
				-0.5205321907997131,
				-0.49343958497047424,
				-0.13476431369781494,
				-0.6093495488166809,
				-0.1599600613117218,
				-0.7410463094711304,
				0.1278052031993866,
				-1.376900553703308,
				-0.4686906039714813,
				-0.09484793245792389,
				-1.876327633857727,
				-0.4447193741798401
			]
		],
		"weight_2": -1,
		"weight_3": -1.989752173423767,
		"weight_4": 1.989752173423767,
		"weight_5": -0.5658519268035889,
		"weight_6": 2.8846242427825928
	},
	"layer_2": {
		"weight_0": [
			0.656731903553009,
			0.6435439586639404,
			0.5948071479797363,
			0.7410417199134827,
			0.0,
			-0.045213159173727036,
			0.6422073245048523,
			0.39973920583724976
		],
		"weight_1": [
			[
				-0.5463425517082214,
				-0.5076572299003601,
				-0.3165753483772278,
				0.18287229537963867,
				-0.44126367568969727,
				-0.16551625728607178,
				-0.360207736492157,
				-1.6406607627868652
			],
			[
				-0.0639733299612999,
				0.41528990864753723,
				-0.32931604981422424,
				0.43116495013237,
				-0.11630523204803467,
				0.41768309473991394,
				0.21008487045764923,
				-0.7564077377319336
			],
			[
				-0.09228238463401794,
				0.6952306032180786,
				0.605283260345459,
				0.5976455211639404,
				-0.3760089874267578,
				-0.3098619878292084,
				-0.0675976425409317,
				-0.19047744572162628
			],
			[
				1.794993281364441,
				2.1162776947021484,
				1.9806642532348633,
				1.024610161781311,
				-0.32008278369903564,
				0.3845219612121582,
				2.1120548248291016,
				1.3981518745422363
			],
			[
				0.22722196578979492,
				0.4168587923049927,
				0.47764313220977783,
				-0.07652783393859863,
				0.3049362897872925,
				-0.029048919677734375,
				0.08812284469604492,
				0.20123505592346191
			],
			[
				0.6163150072097778,
				1.0192813873291016,
				0.9243938326835632,
				0.7830373048782349,
				-0.20909440517425537,
				-0.05113688483834267,
				0.4132428765296936,
				0.2520377039909363
			],
			[
				-0.07230979949235916,
				-0.3358427584171295,
				0.3100826144218445,
				-0.19017930328845978,
				0.16621851921081543,
				0.03754330426454544,
				0.10980028659105301,
				-0.4962267577648163
			],
			[
				-0.050113216042518616,
				0.39304399490356445,
				0.5445563793182373,
				0.72462397813797,
				0.4983835220336914,
				-0.2903931438922882,
				-0.12501759827136993,
				0.38627833127975464
			],
			[
				0.2319350689649582,
				0.6395872235298157,
				0.29202505946159363,
				0.20751847326755524,
				-0.14701080322265625,
				-0.39366447925567627,
				0.23626932501792908,
				0.08865375071763992
			],
			[
				0.742697536945343,
				0.11108118295669556,
				0.7506317496299744,
				0.9522659182548523,
				0.37171196937561035,
				-0.04459056630730629,
				0.8007280826568604,
				0.8233226537704468
			],
			[
				0.4063650369644165,
				0.4490288496017456,
				0.20521096885204315,
				0.6783235669136047,
				0.4275531768798828,
				0.09693840891122818,
				0.5746505856513977,
				-0.2834649682044983
			],
			[
				0.5063702464103699,
				0.9411129951477051,
				0.4033164083957672,
				1.5634127855300903,
				0.12472367286682129,
				0.07750190049409866,
				1.1008741855621338,
				0.919718861579895
			],
			[
				0.04705774784088135,
				0.16788244247436523,
				0.4566386938095093,
				-0.1921226978302002,
				-0.19931364059448242,
				0.09845685958862305,
				-0.06660306453704834,
				0.08037185668945312
			],
			[
				0.8692938089370728,
				0.7010244727134705,
				0.508537769317627,
				0.7226058840751648,
				-0.3273582458496094,
				-0.14628861844539642,
				0.6479077339172363,
				-0.2677936851978302
			],
			[
				1.4634881019592285,
				0.7676891684532166,
				1.213638424873352,
				1.0427494049072266,
				-0.35719597339630127,
				0.30623793601989746,
				1.5367085933685303,
				1.4956262111663818
			],
			[
				0.8213692903518677,
				0.38784071803092957,
				0.32337144017219543,
				0.6019935011863708,
				-0.344921350479126,
				-0.11218685656785965,
				0.9034863114356995,
				0.2237764447927475
			]
		],
		"weight_2": -1,
		"weight_3": -2.1159725189208984,
		"weight_4": 2.1159725189208984,
		"weight_5": -0.5658519268035889,
		"weight_6": 12.586447715759277
	},
	"layer_3": {
		"weight_0": [
			0.64511638879776,
			0.1617642343044281,
			0.6407554745674133,
			0.07253030687570572
		],
		"weight_1": [
			[
				1.1465126276016235,
				0.059467583894729614,
				0.9695316553115845,
				-0.09734658151865005
			],
			[
				1.1310423612594604,
				-0.13305290043354034,
				1.3097563982009888,
				0.22138768434524536
			],
			[
				0.2740793824195862,
				-0.39772674441337585,
				1.409016728401184,
				-0.1719788759946823
			],
			[
				0.5984979271888733,
				0.7654269933700562,
				0.503606915473938,
				0.7407768368721008
			],
			[
				-0.21834713220596313,
				-0.4493730664253235,
				-0.42484965920448303,
				-0.0686531662940979
			],
			[
				-0.22613658010959625,
				-0.48083752393722534,
				-0.3044304847717285,
				-0.598074197769165
			],
			[
				1.4989347457885742,
				0.13109056651592255,
				1.1259926557540894,
				-0.36649367213249207
			],
			[
				2.313617467880249,
				-1.7109274864196777,
				1.6915911436080933,
				-1.4930059909820557
			]
		],
		"weight_2": -1,
		"weight_3": -2.313337564468384,
		"weight_4": 2.313337564468384,
		"weight_5": -0.5658519268035889,
		"weight_6": 56.10808563232422
	},
	"layer_4": {
		"weight_0": [
			0.6412831544876099
		],
		"weight_1": [
			[
				1.263612151145935
			],
			[
				-1.645147681236267
			],
			[
				1.1195355653762817
			],
			[
				-1.5442403554916382
			]
		],
		"weight_2": -1,
		"weight_3": -1.6449003219604492,
		"weight_4": 1.6449003219604492,
		"weight_5": -0.5658519268035889,
		"weight_6": 93.79936981201172
	}
}