{
	"layer_0": {
		"weight_0": 0.0,
		"weight_1": 1.0,
		"weight_2": -1
	},
	"layer_1": {
		"weight_0": [
			0.4886234402656555,
			0.6371457576751709,
			0.0,
			0.4607645869255066,
			0.19098737835884094,
			0.09842807799577713,
			0.290926456451416,
			-0.021393002942204475,
			0.8502852916717529,
			0.0,
			-0.032987602055072784,
			0.1246936172246933,
			0.0,
			1.7108330726623535,
			0.6327374577522278,
			0.0
		],
		"weight_1": [
			[
				0.8371700644493103,
				5.342076778411865,
				-0.445040225982666,
				1.2161041498184204,
				0.8872064352035522,
				5.284961223602295,
				0.9985210299491882,
				0.026070626452565193,
				1.4630156755447388,
				-0.34120771288871765,
				0.0408066064119339,
				0.9997817873954773,
				-0.2541709840297699,
				-1.506611704826355,
				1.820845127105713,
				-0.12486821413040161
			],
			[
				-2.0929532051086426,
				-0.6640916466712952,
				-0.31878504157066345,
				-1.230027198791504,
				-4.613682746887207,
				-0.13205507397651672,
				-3.3741283416748047,
				-0.037086084485054016,
				-0.99113929271698,
				-0.4453533887863159,
				-0.06310498714447021,
				-7.258498191833496,
				-0.05760115385055542,
				-1.754357099533081,
				-0.4702049195766449,
				-0.030209720134735107
			]
		],
		"weight_2": -1,
		"weight_3": -7.258498191833496,
		"weight_4": 7.258498191833496,
		"weight_5": -6.661915302276611,
		"weight_6": 5.534204483032227
	},
	"layer_2": {
		"weight_0": -1,
		"weight_1": -3.3394137455289297e-10,
		"weight_2": 5.449056148529053
	},
	"layer_3": {
		"weight_0": [
			0.3117184340953827,
			0.5166957378387451,
			0.7539577484130859,
			0.1649678498506546,
			-1.0223984718322754,
			-0.8831830620765686,
			1.1836260557174683,
			0.3239328861236572
		],
		"weight_1": [
			[
				-1.4728922843933105,
				1.4706610441207886,
				0.8808760046958923,
				0.8111313581466675,
				0.901574432849884,
				-0.2999168932437897,
				1.529313564300537,
				0.1503084897994995
			],
			[
				0.9221113920211792,
				0.7278841137886047,
				1.3269520998001099,
				1.0358511209487915,
				0.21945829689502716,
				1.3570328950881958,
				0.6992641091346741,
				0.34527039527893066
			],
			[
				-0.42773711681365967,
				-0.175706148147583,
				-0.3159909248352051,
				-0.2747899293899536,
				-0.24827659130096436,
				0.11831557750701904,
				-0.10088562965393066,
				-0.3277599811553955
			],
			[
				0.5001721382141113,
				0.8884471654891968,
				1.1187078952789307,
				0.6566845774650574,
				0.1393386274576187,
				0.3236214220523834,
				0.503134548664093,
				-0.021337201818823814
			],
			[
				0.7334604263305664,
				3.129020929336548,
				2.379032611846924,
				2.601064920425415,
				3.313204288482666,
				-0.3159863352775574,
				3.1406335830688477,
				-2.425722122192383
			],
			[
				0.9664875268936157,
				0.8537011742591858,
				1.3219350576400757,
				1.2201542854309082,
				0.46192464232444763,
				1.3618371486663818,
				0.05774086341261864,
				0.31523168087005615
			],
			[
				-1.3695077896118164,
				1.8644524812698364,
				1.6085584163665771,
				1.8391213417053223,
				2.7359700202941895,
				-0.13348019123077393,
				1.5989636182785034,
				-0.8685614466667175
			],
			[
				-0.20768988132476807,
				0.3675227761268616,
				-0.3627210855484009,
				-0.1547175943851471,
				0.4106895625591278,
				-0.39864107966423035,
				-0.03715156763792038,
				-0.49963581562042236
			],
			[
				0.17483898997306824,
				1.009661316871643,
				1.1802804470062256,
				0.5287910103797913,
				-0.4785973131656647,
				0.28410911560058594,
				1.1800308227539062,
				-0.16623973846435547
			],
			[
				-0.4695615768432617,
				0.36659109592437744,
				0.005582094192504883,
				0.24707937240600586,
				0.20967626571655273,
				0.26355791091918945,
				0.11876308917999268,
				0.3562908172607422
			],
			[
				0.364909291267395,
				-0.057909250259399414,
				-0.32159343361854553,
				-0.07548245042562485,
				-0.4830416440963745,
				-0.15963533520698547,
				0.16885225474834442,
				-0.16127312183380127
			],
			[
				0.4570523798465729,
				4.759725570678711,
				5.337653160095215,
				4.8644328117370605,
				2.976029872894287,
				-0.9136762022972107,
				5.57940149307251,
				-4.133320331573486
			],
			[
				-0.07533085346221924,
				0.4158787727355957,
				-0.10716617107391357,
				-0.49762964248657227,
				-0.19802701473236084,
				-0.4110950231552124,
				-0.38599133491516113,
				0.12873268127441406
			],
			[
				-1.2919644117355347,
				-0.2032315582036972,
				-0.22963950037956238,
				-0.9157570004463196,
				-1.6282191276550293,
				-1.8415491580963135,
				0.3535282611846924,
				1.310558795928955
			],
			[
				0.20079179108142853,
				0.6571617722511292,
				0.43100738525390625,
				0.6027881503105164,
				-0.5486377477645874,
				0.7436451315879822,
				0.6962541937828064,
				-0.34388241171836853
			],
			[
				0.3590850830078125,
				-0.4124406576156616,
				0.10040032863616943,
				0.49463093280792236,
				-0.3506077527999878,
				0.05192553997039795,
				0.28862202167510986,
				-0.08250558376312256
			]
		],
		"weight_2": -1,
		"weight_3": -5.57940149307251,
		"weight_4": 5.57940149307251,
		"weight_5": -3.3230109214782715,
		"weight_6": 21.41596221923828
	},
	"layer_4": {
		"weight_0": -1,
		"weight_1": -3.3394137455289297e-10,
		"weight_2": 20.89089584350586
	},
	"layer_5": {
		"weight_0": [
			0.7541121244430542,
			0.8122984170913696,
			1.193217396736145,
			0.0
		],
		"weight_1": [
			[
				-0.30682477355003357,
				-0.8841094970703125,
				1.5789144039154053,
				-0.6720362305641174
			],
			[
				1.8630071878433228,
				0.9058371782302856,
				-0.19324800372123718,
				-0.6217079758644104
			],
			[
				1.4069281816482544,
				1.6355042457580566,
				-0.20890983939170837,
				-0.4035457968711853
			],
			[
				1.2330634593963623,
				1.1872743368148804,
				-1.416433572769165,
				0.5363218188285828
			],
			[
				-2.169515371322632,
				-1.510165810585022,
				-2.7115261554718018,
				0.020739436149597168
			],
			[
				-2.834611177444458,
				-2.612761974334717,
				-0.5896472930908203,
				0.5625224709510803
			],
			[
				0.6459883451461792,
				1.7620954513549805,
				0.8335254788398743,
				0.089610755443573
			],
			[
				-2.4609885215759277,
				-1.6335933208465576,
				1.1823500394821167,
				-0.41856828331947327
			]
		],
		"weight_2": -1,
		"weight_3": -2.8330533504486084,
		"weight_4": 2.8330533504486084,
		"weight_5": -21.986082077026367,
		"weight_6": 41.281219482421875
	},
	"layer_6": {
		"weight_0": -1,
		"weight_1": -3.3394137455289297e-10,
		"weight_2": 39.53886413574219
	},
	"layer_7": {
		"weight_0": [
			0.8008116483688354
		],
		"weight_1": [
			[
				1.5955336093902588
			],
			[
				1.9696117639541626
			],
			[
				-4.339848518371582
			],
			[
				0.23340749740600586
			]
		],
		"weight_2": -1,
		"weight_3": -4.33815336227417,
		"weight_4": 4.33815336227417,
		"weight_5": -1.190263810713077e-05,
		"weight_6": 135.45860290527344
	}
}