{
	"layer_0": {
		"weight_0": [
			[
				1.1948672533035278,
				-0.37493279576301575,
				1.0479148626327515,
				-0.22479501366615295,
				0.15028300881385803,
				2.805158853530884,
				0.7980053424835205,
				-0.1837378442287445,
				-0.34058085083961487,
				0.22605015337467194,
				0.38206028938293457,
				3.0763134956359863,
				2.3131771087646484,
				-0.3456137776374817,
				0.49687135219573975,
				-0.351370632648468
			],
			[
				1.5960767269134521,
				0.04946989566087723,
				1.6100218296051025,
				3.7274770736694336,
				3.0256927013397217,
				0.22056137025356293,
				2.3204565048217773,
				-0.3659156560897827,
				-0.4616185128688812,
				-0.7305180430412292,
				2.0576179027557373,
				0.15276077389717102,
				0.6556356549263,
				-0.07486814260482788,
				3.213564872741699,
				-0.11183196306228638
			]
		],
		"weight_1": [
			-0.06329534202814102,
			-0.05065837875008583,
			-0.21401634812355042,
			0.2417130023241043,
			-0.061972785741090775,
			-0.000451650790637359,
			-0.05725177004933357,
			0.0,
			0.0,
			-0.22944460809230804,
			-0.23456601798534393,
			-0.00121931335888803,
			-0.0201968215405941,
			0.0,
			-0.04927220940589905,
			0.0
		]
	},
	"layer_1": {
		"weight_0": [
			[
				-0.687168538570404,
				0.16130676865577698,
				1.0125620365142822,
				0.16361989080905914,
				0.18691235780715942,
				1.2462140321731567,
				0.2309027910232544,
				0.1478297859430313
			],
			[
				-0.21445226669311523,
				-0.24628114700317383,
				-0.43787816166877747,
				0.43931901454925537,
				-0.5141097903251648,
				0.04165203124284744,
				0.25117751955986023,
				0.2648113965988159
			],
			[
				0.1309080570936203,
				-0.11066345870494843,
				0.4174681603908539,
				0.05385144427418709,
				-0.379703551530838,
				1.2582793235778809,
				0.3727830648422241,
				0.10357063263654709
			],
			[
				1.1196733713150024,
				0.8090530633926392,
				1.3879932165145874,
				1.473733901977539,
				1.1717848777770996,
				1.7736021280288696,
				0.9757285118103027,
				-0.12001091986894608
			],
			[
				0.6314541101455688,
				-0.3971649706363678,
				1.6793180704116821,
				1.474078893661499,
				1.1265515089035034,
				1.83749258518219,
				0.41623654961586,
				0.13921459019184113
			],
			[
				-4.462332725524902,
				-0.09451115131378174,
				0.6372030377388,
				-1.4324339628219604,
				-1.5539225339889526,
				0.7047145366668701,
				-2.7532565593719482,
				-0.2909245789051056
			],
			[
				-0.2154269963502884,
				0.26253122091293335,
				1.2371532917022705,
				0.8721539378166199,
				0.46250098943710327,
				1.3061803579330444,
				-0.14691327512264252,
				-0.4676628112792969
			],
			[
				0.32245051860809326,
				0.36825132369995117,
				-0.057183146476745605,
				0.47449421882629395,
				0.3962390422821045,
				0.4699662923812866,
				0.12305629253387451,
				-0.48513567447662354
			],
			[
				0.14651954174041748,
				-0.4333488941192627,
				-0.022783756256103516,
				0.34169042110443115,
				0.42103099822998047,
				0.10074377059936523,
				-0.42401206493377686,
				0.32048332691192627
			],
			[
				-0.012650132179260254,
				-0.3727071285247803,
				-0.25347161293029785,
				-0.29485654830932617,
				-0.24984979629516602,
				-0.12940193712711334,
				0.16169247031211853,
				-0.34077656269073486
			],
			[
				-0.10066499561071396,
				-0.5726651549339294,
				1.0349332094192505,
				0.17688120901584625,
				0.5677455067634583,
				1.2411820888519287,
				0.5867584347724915,
				0.16112753748893738
			],
			[
				-4.226151943206787,
				-0.5647768378257751,
				-0.05445770546793938,
				-0.6943753957748413,
				-1.7512379884719849,
				0.49803537130355835,
				-2.4341530799865723,
				0.46500521898269653
			],
			[
				-1.967952847480774,
				0.191804438829422,
				0.30416786670684814,
				-0.18209505081176758,
				-0.7074934244155884,
				0.6544573307037354,
				-1.095659613609314,
				-0.5184561610221863
			],
			[
				0.03808152675628662,
				-0.44036853313446045,
				0.26658904552459717,
				0.3709540367126465,
				0.20614731311798096,
				0.16524899005889893,
				-0.028827667236328125,
				0.24092090129852295
			],
			[
				0.12438759207725525,
				0.05857386440038681,
				1.7245134115219116,
				0.7921108603477478,
				0.5016632080078125,
				1.3309099674224854,
				0.1613534539937973,
				0.1960965096950531
			],
			[
				0.2845972776412964,
				0.35550880432128906,
				0.16918432712554932,
				0.17823374271392822,
				0.1960374116897583,
				0.1275714635848999,
				0.25606799125671387,
				0.19258689880371094
			]
		],
		"weight_1": [
			-0.20987537503242493,
			1.3763046264648438,
			-0.3216191828250885,
			0.6661707162857056,
			0.3490082621574402,
			-0.41322922706604004,
			0.16517379879951477,
			-0.1398448646068573
		]
	},
	"layer_2": {
		"weight_0": [
			[
				-5.391506195068359,
				-4.618528366088867,
				-3.8835532665252686,
				-5.025261402130127
			],
			[
				3.775404214859009,
				3.291200637817383,
				3.544196844100952,
				3.4475724697113037
			],
			[
				0.7453669905662537,
				1.6943204402923584,
				1.3584898710250854,
				1.6912107467651367
			],
			[
				-1.6589694023132324,
				-2.495332717895508,
				-1.9603086709976196,
				-2.389019012451172
			],
			[
				-1.4587267637252808,
				-1.8750007152557373,
				-1.5098912715911865,
				-1.7216264009475708
			],
			[
				1.4480023384094238,
				1.0633671283721924,
				1.0278874635696411,
				1.5513989925384521
			],
			[
				-1.8095930814743042,
				-1.1630481481552124,
				-2.1420114040374756,
				-2.6946487426757812
			],
			[
				-0.2386266589164734,
				-0.5576888918876648,
				0.2955285608768463,
				-0.20172914862632751
			]
		],
		"weight_1": [
			-0.5296050310134888,
			-0.19694557785987854,
			-0.6578904390335083,
			-0.5211250185966492
		]
	},
	"layer_3": {
		"weight_0": [
			[
				1.9239940643310547
			],
			[
				1.9464495182037354
			],
			[
				1.4861267805099487
			],
			[
				2.6753087043762207
			]
		],
		"weight_1": [
			-0.523558497428894
		]
	}
}