{
	"layer_0": {
		"weight_0": [
			[
				-0.2698161005973816,
				1.7898563146591187,
				1.9453197717666626,
				1.8042898178100586,
				2.581770420074463,
				1.5711948871612549,
				-0.599066972732544,
				-0.3789776563644409,
				-0.4117193818092346,
				-0.14645642042160034,
				-0.12672419846057892,
				-0.2468896508216858,
				1.444808006286621,
				0.09252384305000305,
				-0.49462851881980896,
				1.7295646667480469
			],
			[
				-0.45715805888175964,
				-1.2562371492385864,
				-1.2168951034545898,
				-0.594802975654602,
				1.2160203456878662,
				-0.8693104386329651,
				3.339792490005493,
				-0.3106476664543152,
				0.05156397446990013,
				-0.3108479678630829,
				0.011928079649806023,
				-0.5255597233772278,
				0.2789318561553955,
				-0.046450406312942505,
				0.009045355021953583,
				2.561113119125366
			]
		],
		"weight_1": [
			0.0,
			1.3743581771850586,
			1.4359056949615479,
			1.3474007844924927,
			1.0209813117980957,
			1.3026926517486572,
			0.08891972154378891,
			0.0,
			-0.05684702843427658,
			0.0,
			-0.015462921932339668,
			0.0,
			1.0205950736999512,
			-0.08932235091924667,
			-0.014687793329358101,
			0.6284686923027039
		]
	},
	"layer_1": {
		"weight_0": [
			[
				0.4523109197616577,
				-0.18593645095825195,
				0.3369271755218506,
				-0.4728444814682007,
				-0.49165475368499756,
				-0.2448420524597168,
				-0.22513067722320557,
				0.4794456958770752
			],
			[
				-0.11343909054994583,
				0.005696341395378113,
				1.1290998458862305,
				0.02233719825744629,
				-0.33131611347198486,
				-0.3475441038608551,
				0.9889093041419983,
				-0.19415171444416046
			],
			[
				-0.3049711287021637,
				-0.34986844658851624,
				1.063775897026062,
				-0.12040042877197266,
				-0.3028870224952698,
				-0.3239847421646118,
				1.3347077369689941,
				-0.49530667066574097
			],
			[
				-0.001176575431600213,
				-0.1410413682460785,
				0.9149352312088013,
				-0.21561050415039062,
				-0.3540823459625244,
				0.22663114964962006,
				1.2869762182235718,
				-0.365009605884552
			],
			[
				0.2866489291191101,
				0.044988080859184265,
				0.6663123369216919,
				-0.05626809597015381,
				0.26213350892066956,
				0.704972505569458,
				0.9117885828018188,
				-0.015648718923330307
			],
			[
				-0.30977553129196167,
				0.20449303090572357,
				1.2499881982803345,
				-0.2942352294921875,
				-0.07591807842254639,
				-0.18256708979606628,
				0.9833278059959412,
				0.1150340735912323
			],
			[
				-0.258773535490036,
				2.6486380100250244,
				-1.824852466583252,
				-0.17741894721984863,
				0.21797452867031097,
				3.2058541774749756,
				-1.490558385848999,
				-0.054108716547489166
			],
			[
				0.48259449005126953,
				0.11520934104919434,
				-0.393246054649353,
				0.4495886564254761,
				-0.1710517406463623,
				-0.2927960157394409,
				-0.08492064476013184,
				0.4905688762664795
			],
			[
				-0.007915802299976349,
				0.31697800755500793,
				0.05441905930638313,
				-0.3352705240249634,
				0.19323915243148804,
				0.3731527626514435,
				-0.4161323606967926,
				0.37787628173828125
			],
			[
				-0.07201230525970459,
				-0.4364701509475708,
				0.237709641456604,
				-0.07462728023529053,
				-0.2096419334411621,
				0.36549174785614014,
				-0.23071789741516113,
				0.2594956159591675
			],
			[
				-0.05652309209108353,
				-0.3100506365299225,
				-0.45249825716018677,
				0.11838662624359131,
				0.45121678709983826,
				-0.3345738649368286,
				-0.34126850962638855,
				-0.02720808982849121
			],
			[
				0.162176251411438,
				0.02094888687133789,
				0.08882033824920654,
				0.13771510124206543,
				0.20951008796691895,
				-0.18810391426086426,
				0.1642524003982544,
				-0.4669002294540405
			],
			[
				-0.39734894037246704,
				0.5687499642372131,
				1.356872320175171,
				-0.4970914125442505,
				-0.08326563239097595,
				0.071575827896595,
				0.6279719471931458,
				0.391617089509964
			],
			[
				0.2945209741592407,
				-0.42929673194885254,
				-0.3688572943210602,
				-0.27684080600738525,
				-0.37810176610946655,
				-0.021549567580223083,
				-0.27433520555496216,
				-0.39852118492126465
			],
			[
				-0.14330804347991943,
				0.1648578941822052,
				0.43034765124320984,
				-0.17487168312072754,
				0.10018815845251083,
				0.3611965477466583,
				-0.21695496141910553,
				-0.033640265464782715
			],
			[
				0.32671868801116943,
				0.5359310507774353,
				0.9454009532928467,
				0.009091734886169434,
				-0.45040327310562134,
				0.8573322892189026,
				1.001643419265747,
				0.02003803662955761
			]
		],
		"weight_1": [
			-0.10117767006158829,
			-0.7313348650932312,
			1.4258131980895996,
			0.0,
			-0.015844041481614113,
			-0.7765504717826843,
			1.4068002700805664,
			-0.018966849893331528
		]
	},
	"layer_2": {
		"weight_0": [
			[
				-0.23521853983402252,
				0.4004153609275818,
				-0.18236178159713745,
				-0.3782268762588501
			],
			[
				-4.063403606414795,
				0.30218786001205444,
				-0.4723769724369049,
				0.5494081377983093
			],
			[
				0.7343464493751526,
				0.04403942823410034,
				1.3769618272781372,
				0.580904483795166
			],
			[
				0.29416459798812866,
				0.05366408824920654,
				-0.3455527424812317,
				0.6222435832023621
			],
			[
				-0.4947912395000458,
				-0.6813221573829651,
				-0.6080782413482666,
				-0.621725857257843
			],
			[
				-4.09859037399292,
				-0.2357122302055359,
				-0.32375794649124146,
				-0.3548622131347656
			],
			[
				0.9801333546638489,
				-0.1444796323776245,
				1.7044892311096191,
				-0.5662916302680969
			],
			[
				-0.09229689836502075,
				-0.3842111825942993,
				0.6652820110321045,
				0.6226919889450073
			]
		],
		"weight_1": [
			0.9180008769035339,
			-0.0031622746028006077,
			1.3923038244247437,
			-0.29837191104888916
		]
	},
	"layer_3": {
		"weight_0": [
			[
				2.4532690048217773
			],
			[
				-0.016002442687749863
			],
			[
				1.3298921585083008
			],
			[
				-7.361031020991504e-05
			]
		],
		"weight_1": [
			1.401857614517212
		]
	}
}