{
	"layer_0": {
		"weight_0": [
			[
				-0.19955545663833618,
				0.5222837924957275,
				0.3994975984096527,
				1.4038454294204712,
				-0.24001705646514893,
				0.28092339634895325,
				1.4739724397659302,
				1.275304913520813,
				1.057536005973816,
				0.47107765078544617,
				0.8389278650283813,
				0.515498161315918,
				1.4830632209777832,
				1.6325438022613525,
				-0.1661621332168579,
				-0.18068087100982666
			],
			[
				-0.4039244055747986,
				-2.8793628215789795,
				0.02266627922654152,
				0.06963092088699341,
				0.7202397584915161,
				-1.5348199605941772,
				-0.20905764400959015,
				-0.5081003308296204,
				0.3326171338558197,
				0.35832759737968445,
				-5.354624271392822,
				-0.06553009897470474,
				0.024356771260499954,
				0.12115628272294998,
				-0.3389279246330261,
				-0.306308776140213
			]
		],
		"weight_1": [
			0.0,
			0.17775863409042358,
			0.0008213946130126715,
			0.08673691004514694,
			0.3235580027103424,
			0.31342148780822754,
			0.14110611379146576,
			0.21343450248241425,
			0.09524814784526825,
			0.144552081823349,
			0.09347264468669891,
			0.4203159511089325,
			0.09997708350419998,
			-0.3865068554878235,
			0.0,
			0.0
		]
	},
	"layer_1": {},
	"layer_2": {
		"weight_0": [
			[
				0.4131847620010376,
				-0.42844951152801514,
				-0.3368215560913086,
				-0.173781156539917,
				0.0982438325881958,
				0.28353214263916016,
				0.2012718915939331,
				-0.1113593578338623
			],
			[
				-0.3227808475494385,
				2.1398253440856934,
				0.21341052651405334,
				0.19121015071868896,
				-0.15568077564239502,
				0.3114185333251953,
				0.46038901805877686,
				1.7038713693618774
			],
			[
				-0.04571795463562012,
				0.005712605081498623,
				-0.2184668481349945,
				-0.006965041160583496,
				-0.4574562907218933,
				-0.48591315746307373,
				-0.11720561981201172,
				0.49937009811401367
			],
			[
				-0.04287845641374588,
				0.2969951927661896,
				-0.5301761031150818,
				0.12191157042980194,
				-0.002404146594926715,
				-0.369581937789917,
				-0.4813598394393921,
				0.16944994032382965
			],
			[
				-0.4202001690864563,
				-0.6409680247306824,
				-0.4808124005794525,
				-0.2728010416030884,
				0.10237108916044235,
				0.1040923148393631,
				0.29313576221466064,
				-1.0382051467895508
			],
			[
				0.28796494007110596,
				0.8663103580474854,
				-0.06933948397636414,
				0.46101218461990356,
				-0.2039508819580078,
				-0.0854826420545578,
				-0.07629597187042236,
				1.2046313285827637
			],
			[
				0.30254295468330383,
				0.9265880584716797,
				0.02562345564365387,
				-0.11132107675075531,
				0.14848336577415466,
				-0.21651999652385712,
				-0.2872811555862427,
				0.7614394426345825
			],
			[
				-0.019730666652321815,
				0.6859269738197327,
				0.03739732876420021,
				-0.23441201448440552,
				-0.1517154723405838,
				-0.0525384284555912,
				-0.49941468238830566,
				1.0529199838638306
			],
			[
				-0.4793050289154053,
				0.49699246883392334,
				0.3412508964538574,
				-0.3677397668361664,
				-0.26943904161453247,
				-0.4495737552642822,
				-0.07391345500946045,
				0.08390272408723831
			],
			[
				-0.37949618697166443,
				0.46843597292900085,
				-0.5193265676498413,
				-0.22674572467803955,
				0.17013119161128998,
				-0.21005110442638397,
				-0.446506142616272,
				-0.14207887649536133
			],
			[
				-0.24416697025299072,
				4.0738348960876465,
				0.35337164998054504,
				0.1529049277305603,
				0.07715165615081787,
				-0.1524835079908371,
				0.13211333751678467,
				4.460869312286377
			],
			[
				0.10384534299373627,
				-0.22347034513950348,
				-0.48832976818084717,
				-0.18389709293842316,
				0.06606390327215195,
				0.1846645623445511,
				-0.38686907291412354,
				-0.025826143100857735
			],
			[
				0.3288373053073883,
				0.7079746127128601,
				0.0664556622505188,
				-0.18290597200393677,
				-0.5223537087440491,
				0.2893418073654175,
				0.015125036239624023,
				-0.014465412124991417
			],
			[
				-0.5125422477722168,
				-1.9767568111419678,
				0.11572542041540146,
				-0.40023112297058105,
				-0.33233582973480225,
				-0.028508543968200684,
				0.08811354637145996,
				-1.6298285722732544
			],
			[
				0.47665154933929443,
				-0.45977723598480225,
				0.49530160427093506,
				0.1086130142211914,
				0.39888083934783936,
				-0.3067774772644043,
				-0.03602325916290283,
				0.3891223669052124
			],
			[
				-0.47200822830200195,
				0.059781789779663086,
				0.2968069314956665,
				-0.48538970947265625,
				-0.06444120407104492,
				0.09227097034454346,
				-0.35811078548431396,
				-0.09557139873504639
			]
		],
		"weight_1": [
			-0.09959734976291656,
			0.11823391169309616,
			-0.043530162423849106,
			-0.024717897176742554,
			-0.033924002200365067,
			-0.009486831724643707,
			0.0,
			0.015387233346700668
		]
	},
	"layer_3": {},
	"layer_4": {
		"weight_0": [
			[
				-0.6649110317230225,
				0.4565931558609009,
				-0.21505415439605713,
				-0.02534095011651516
			],
			[
				-0.04791301488876343,
				-0.13863325119018555,
				2.020167350769043,
				0.9963720440864563
			],
			[
				0.6451262831687927,
				-0.09128719568252563,
				0.7036359310150146,
				-0.3972933292388916
			],
			[
				-0.2494012713432312,
				-0.051930807530879974,
				-0.3090238869190216,
				-0.499015748500824
			],
			[
				-0.2924429774284363,
				0.5952305197715759,
				-0.12930996716022491,
				0.5579737424850464
			],
			[
				0.02887094020843506,
				-0.2932801842689514,
				-0.33475396037101746,
				0.45643454790115356
			],
			[
				-0.010506212711334229,
				-0.4899882972240448,
				0.10454356670379639,
				0.5575777888298035
			],
			[
				-0.44533151388168335,
				-0.04186025634407997,
				1.2974977493286133,
				1.229128122329712
			]
		],
		"weight_1": [
			0.0,
			-0.025589829310774803,
			-0.002339147264137864,
			-0.010932210832834244
		]
	},
	"layer_5": {},
	"layer_6": {
		"weight_0": [
			[
				-0.044875264167785645
			],
			[
				-0.17896483838558197
			],
			[
				10.940055847167969
			],
			[
				11.787288665771484
			]
		],
		"weight_1": [
			8.882291793823242
		]
	}
}