{
	"layer_0": {
		"weight_0": 0.0,
		"weight_1": 1.0,
		"weight_2": -1
	},
	"layer_1": {
		"weight_0": [
			0.0,
			0.4751999080181122,
			0.3405325710773468,
			0.30792322754859924,
			0.3005430996417999,
			0.5126752853393555,
			0.2262047976255417,
			0.49536028504371643,
			0.0,
			0.5587941408157349,
			0.3000822365283966,
			0.47067394852638245,
			0.48927977681159973,
			0.0,
			0.47037848830223083,
			0.5317613482475281
		],
		"weight_1": [
			[
				-0.3030032217502594,
				1.1710001230239868,
				0.3507654666900635,
				0.665105402469635,
				0.6529850363731384,
				0.7030424475669861,
				0.6093060374259949,
				1.0821715593338013,
				-0.18346306681632996,
				1.212454915046692,
				1.2059738636016846,
				0.16892606019973755,
				0.36427462100982666,
				-0.03962516784667969,
				0.7384231686592102,
				1.179730772972107
			],
			[
				-0.39360910654067993,
				0.052956465631723404,
				0.2847612202167511,
				-2.1630399227142334,
				-2.1691651344299316,
				-1.7409031391143799,
				-0.23677639663219452,
				-0.44581252336502075,
				-0.4817141890525818,
				-0.5501090884208679,
				-0.10178428143262863,
				0.7498218417167664,
				-0.2373819351196289,
				-0.061339378356933594,
				0.04281551018357277,
				-0.48446348309516907
			]
		],
		"weight_2": -1,
		"weight_3": -2.169661521911621,
		"weight_4": 2.169661521911621,
		"weight_5": -0.5658519268035889,
		"weight_6": 2.122720718383789
	},
	"layer_2": {
		"weight_0": [
			0.4906240701675415,
			-0.08686885982751846,
			0.0,
			0.47597822546958923,
			0.45993080735206604,
			0.4683515429496765,
			0.46224018931388855,
			0.46932095289230347
		],
		"weight_1": [
			[
				0.22975826263427734,
				0.2726098299026489,
				-0.191078782081604,
				0.14058434963226318,
				-0.040477752685546875,
				-0.21127104759216309,
				-0.10353994369506836,
				-0.16181731224060059
			],
			[
				0.365853875875473,
				0.2617814540863037,
				-0.30796730518341064,
				0.0670367181301117,
				0.21603432297706604,
				-0.1968962550163269,
				0.09092861413955688,
				0.20130857825279236
			],
			[
				-0.20296718180179596,
				0.1633424609899521,
				0.45917487144470215,
				0.274236798286438,
				-0.3927169740200043,
				0.04194892942905426,
				-0.07380319386720657,
				-0.04176311939954758
			],
			[
				1.8234467506408691,
				0.2758830189704895,
				0.28110063076019287,
				1.8396387100219727,
				1.3522558212280273,
				1.570723295211792,
				2.1417102813720703,
				2.0433828830718994
			],
			[
				2.149019479751587,
				-0.5696471929550171,
				0.08642411231994629,
				1.605743408203125,
				1.5770682096481323,
				1.561876893043518,
				1.5755647420883179,
				2.056920051574707
			],
			[
				1.6057262420654297,
				-0.15394356846809387,
				-0.45067036151885986,
				1.810171127319336,
				1.2578628063201904,
				1.1086652278900146,
				1.450445532798767,
				1.41183340549469
			],
			[
				-0.2659137547016144,
				0.14376337826251984,
				-0.07031762599945068,
				-0.09792853891849518,
				-0.28451430797576904,
				0.2654743790626526,
				0.4862578511238098,
				-0.08082658797502518
			],
			[
				0.7321248054504395,
				-0.5410661697387695,
				-0.3474595546722412,
				0.317279189825058,
				0.7492586970329285,
				0.04612221568822861,
				0.6638789176940918,
				0.5002016425132751
			],
			[
				0.2828482389450073,
				0.33559978008270264,
				-0.0006172657012939453,
				0.3981766700744629,
				0.19716501235961914,
				-0.48594772815704346,
				-0.10249781608581543,
				-0.06346547603607178
			],
			[
				1.0670111179351807,
				0.2095395177602768,
				0.4052121639251709,
				0.6535142064094543,
				0.9891794323921204,
				0.7309647798538208,
				0.38574734330177307,
				0.248264342546463
			],
			[
				-0.39963239431381226,
				-0.03804969787597656,
				-0.3819706439971924,
				-0.247146338224411,
				0.4847172796726227,
				0.3545314371585846,
				-0.21553495526313782,
				-0.29168060421943665
			],
			[
				-0.5318235158920288,
				-0.40028247237205505,
				-0.2708272933959961,
				-0.4309210479259491,
				0.1491626352071762,
				-0.19561508297920227,
				0.005349299870431423,
				-0.2707383334636688
			],
			[
				0.16522344946861267,
				-0.5355397462844849,
				-0.1493462324142456,
				0.6098026037216187,
				0.255189448595047,
				0.2584807574748993,
				0.3881339132785797,
				0.32967284321784973
			],
			[
				0.04162025451660156,
				0.020071744918823242,
				0.0795520544052124,
				-0.2854427099227905,
				-0.15112769603729248,
				-0.46730363368988037,
				0.2622939348220825,
				0.2593194246292114
			],
			[
				-0.01595555990934372,
				-0.37288138270378113,
				-0.18773126602172852,
				-0.16130627691745758,
				-0.0033786664716899395,
				0.44594600796699524,
				0.025890380144119263,
				0.46427664160728455
			],
			[
				0.3563280999660492,
				0.27672430872917175,
				0.2808494567871094,
				1.061851978302002,
				0.867536187171936,
				0.7220344543457031,
				1.0527616739273071,
				0.9221478700637817
			]
		],
		"weight_2": -1,
		"weight_3": -2.1489040851593018,
		"weight_4": 2.1489040851593018,
		"weight_5": -0.5658519268035889,
		"weight_6": 7.875921249389648
	},
	"layer_3": {
		"weight_0": [
			0.48245856165885925,
			-0.07615543156862259,
			0.4525020122528076,
			0.46962735056877136
		],
		"weight_1": [
			[
				1.3160319328308105,
				-0.40267282724380493,
				0.9569388031959534,
				1.0417327880859375
			],
			[
				-0.4730580449104309,
				0.34360238909721375,
				0.018661484122276306,
				-0.19394364953041077
			],
			[
				0.7005043625831604,
				-0.360233336687088,
				0.0564083456993103,
				0.3641698956489563
			],
			[
				1.2079676389694214,
				0.5415434837341309,
				1.117535948753357,
				0.5327559113502502
			],
			[
				0.9288358688354492,
				-0.3889422118663788,
				1.147727608680725,
				0.3709544241428375
			],
			[
				1.2250375747680664,
				-0.23735587298870087,
				0.9981480240821838,
				1.2161970138549805
			],
			[
				0.3834083676338196,
				0.06173544377088547,
				1.1562273502349854,
				1.1265501976013184
			],
			[
				1.1561708450317383,
				0.390564501285553,
				1.2076537609100342,
				0.333491712808609
			]
		],
		"weight_2": -1,
		"weight_3": -1.3151267766952515,
		"weight_4": 1.3151267766952515,
		"weight_5": -0.5658519268035889,
		"weight_6": 41.40678024291992
	},
	"layer_4": {
		"weight_0": [
			0.44928106665611267
		],
		"weight_1": [
			[
				0.8300122022628784
			],
			[
				-0.13475240767002106
			],
			[
				1.6646029949188232
			],
			[
				0.9699808955192566
			]
		],
		"weight_2": -1,
		"weight_3": -1.6634570360183716,
		"weight_4": 1.6634570360183716,
		"weight_5": -0.5658519268035889,
		"weight_6": 101.1045150756836
	}
}