{
	"layer_0": {
		"weight_0": [
			[
				0.994431734085083,
				4.837337970733643,
				0.24628156423568726,
				1.6892421245574951,
				1.979098916053772,
				4.018146991729736,
				1.41488778591156,
				0.5724598169326782,
				2.6951828002929688,
				3.663383960723877,
				0.36224326491355896,
				-1.3148146867752075,
				-0.11441141366958618,
				-0.10630831122398376,
				0.4091643989086151,
				0.43074527382850647
			],
			[
				-1.04563570022583,
				0.5412977933883667,
				-1.8230559825897217,
				-0.20139847695827484,
				-0.359684020280838,
				-0.0540275052189827,
				-11.917180061340332,
				-0.8172484636306763,
				-2.1065051555633545,
				-0.08075745403766632,
				-2.7377405166625977,
				-1.2016156911849976,
				-0.26542559266090393,
				-0.11092415452003479,
				-1.985925555229187,
				-4.713559627532959
			]
		],
		"weight_1": [
			0.5865371227264404,
			0.05161788687109947,
			1.5107488632202148,
			0.17060033977031708,
			0.32532671093940735,
			0.04864644259214401,
			0.2357936054468155,
			0.6598978042602539,
			0.08728116750717163,
			0.0744742751121521,
			0.46507689356803894,
			2.5519509315490723,
			0.0,
			0.0,
			0.5633957386016846,
			0.43495798110961914
		]
	},
	"layer_1": {
		"weight_0": [
			[
				0.8767530918121338,
				0.7983490824699402,
				2.0815093517303467,
				1.5258111953735352,
				-0.4746297597885132,
				0.08125292509794235,
				-0.4065951406955719,
				1.585286021232605
			],
			[
				-0.14998604357242584,
				3.100220203399658,
				-1.128494143486023,
				0.16829538345336914,
				-0.32183003425598145,
				0.6802094578742981,
				0.23860977590084076,
				-0.05333574116230011
			],
			[
				0.8827250003814697,
				0.6247469782829285,
				1.1350336074829102,
				1.6371146440505981,
				-0.17745327949523926,
				-0.03445218876004219,
				-0.23162785172462463,
				1.9803272485733032
			],
			[
				0.2368585616350174,
				1.1545161008834839,
				0.2501106560230255,
				0.5927034020423889,
				-0.13891935348510742,
				0.1610972285270691,
				0.3399847447872162,
				0.30114981532096863
			],
			[
				0.5371612906455994,
				2.1593358516693115,
				0.4146701395511627,
				0.4701603651046753,
				-0.329409122467041,
				1.18201744556427,
				0.7030882835388184,
				1.3542472124099731
			],
			[
				-0.4295600652694702,
				3.3780641555786133,
				0.24965240061283112,
				-0.20953534543514252,
				-0.22748792171478271,
				1.2061545848846436,
				0.5876336693763733,
				0.074280746281147
			],
			[
				6.58131742477417,
				4.0000739097595215,
				4.645357608795166,
				2.8007912635803223,
				-0.08089590072631836,
				6.18535852432251,
				6.534124374389648,
				0.8013893961906433
			],
			[
				0.41014498472213745,
				0.613915741443634,
				1.3405406475067139,
				0.7568774223327637,
				-0.29369056224823,
				-0.16202537715435028,
				-0.11118359118700027,
				1.116894245147705
			],
			[
				0.31020739674568176,
				3.4136571884155273,
				0.8019301295280457,
				-0.014583821408450603,
				0.14934730529785156,
				0.26793429255485535,
				-0.40569186210632324,
				-0.4227244555950165
			],
			[
				-0.21977493166923523,
				2.6185483932495117,
				0.22534160315990448,
				0.3408335745334625,
				-0.31437158584594727,
				0.5632725358009338,
				0.10747724771499634,
				0.0906410664319992
			],
			[
				2.818922519683838,
				1.0603843927383423,
				5.685736179351807,
				2.790844202041626,
				-0.2288188934326172,
				1.8623721599578857,
				2.4895522594451904,
				3.0468060970306396
			],
			[
				0.9013288617134094,
				-0.23664048314094543,
				0.03861283138394356,
				1.6316306591033936,
				-0.3268561363220215,
				-0.16750185191631317,
				-0.765669584274292,
				2.2340638637542725
			],
			[
				0.076255202293396,
				-0.05292654037475586,
				0.19118404388427734,
				0.04686760902404785,
				-0.3620774745941162,
				-0.38641810417175293,
				0.32556748390197754,
				0.023244738578796387
			],
			[
				0.09822046756744385,
				0.4373987913131714,
				-0.45844483375549316,
				-0.03023242950439453,
				0.13764166831970215,
				0.3035163879394531,
				0.25876498222351074,
				-0.38747119903564453
			],
			[
				1.7622475624084473,
				0.6006380319595337,
				3.8551137447357178,
				3.0319056510925293,
				0.012881755828857422,
				1.285149097442627,
				0.6707668304443359,
				2.3686559200286865
			],
			[
				2.4577548503875732,
				2.342475414276123,
				5.744623184204102,
				3.412872791290283,
				-0.36607205867767334,
				2.9314348697662354,
				5.171454429626465,
				2.493969440460205
			]
		],
		"weight_1": [
			0.9613680839538574,
			-0.6989722847938538,
			-0.7114316821098328,
			1.3740673065185547,
			0.0,
			0.11003793030977249,
			-0.5961197018623352,
			1.687476634979248
		]
	},
	"layer_2": {
		"weight_0": [
			[
				1.272467017173767,
				-0.04777400195598602,
				0.4888996183872223,
				0.5052974224090576
			],
			[
				1.4446502923965454,
				0.40796640515327454,
				-2.4311091899871826,
				0.3260398209095001
			],
			[
				1.448547124862671,
				-0.3253977596759796,
				1.0595707893371582,
				-0.17858387529850006
			],
			[
				0.9230723977088928,
				0.4417076110839844,
				0.28893953561782837,
				-0.19983725249767303
			],
			[
				-0.40651679039001465,
				0.11662942171096802,
				-0.5763996243476868,
				-0.398997962474823
			],
			[
				1.5735483169555664,
				-0.5977157354354858,
				-0.20736442506313324,
				0.7093021869659424
			],
			[
				2.12074613571167,
				-1.309509038925171,
				-0.9233895540237427,
				1.0087635517120361
			],
			[
				1.16197669506073,
				0.31462347507476807,
				0.42394763231277466,
				-0.7295306324958801
			]
		],
		"weight_1": [
			0.30456387996673584,
			0.6155146360397339,
			-0.1493525356054306,
			-2.0269367694854736
		]
	},
	"layer_3": {
		"weight_0": [
			[
				1.4881011247634888
			],
			[
				-2.9683003425598145
			],
			[
				-2.8923211097717285
			],
			[
				-3.58369779586792
			]
		],
		"weight_1": [
			0.32359427213668823
		]
	}
}