{
	"layer_0": {
		"weight_0": [
			[
				1.2806111574172974,
				-0.1466168463230133,
				0.3974819779396057,
				1.0812053680419922,
				-0.2752455770969391,
				0.898368775844574,
				0.9897102117538452,
				0.6149734854698181,
				-0.4041721820831299,
				0.7876171469688416,
				0.7442497611045837,
				0.31090763211250305,
				-0.09533888101577759,
				-0.13933271169662476,
				1.1266459226608276,
				-0.5602203011512756
			],
			[
				-0.588966429233551,
				0.0707276314496994,
				-0.07075456529855728,
				-0.2662789523601532,
				1.3044688701629639,
				-0.604586660861969,
				-1.6477328538894653,
				-0.399135023355484,
				-0.46069473028182983,
				-0.2759820520877838,
				0.9182693958282471,
				-0.34905317425727844,
				-0.3277689814567566,
				-0.02924478054046631,
				-0.24841637909412384,
				-0.17849814891815186
			]
		],
		"weight_1": [
			0.8357133865356445,
			-0.07516783475875854,
			0.8525919914245605,
			0.6547513604164124,
			0.16069750487804413,
			0.8467812538146973,
			0.40381374955177307,
			0.8536254167556763,
			0.0,
			0.8629003167152405,
			0.6882124543190002,
			0.8216984868049622,
			0.0,
			0.0,
			0.8464242219924927,
			0.0
		]
	},
	"layer_1": {
		"weight_0": [
			[
				1.0613234043121338,
				1.3861231803894043,
				-0.19262024760246277,
				1.1068181991577148,
				-0.49220097064971924,
				0.3127824366092682,
				0.07570725679397583,
				0.015228185802698135
			],
			[
				-0.1621861308813095,
				0.06993837654590607,
				-0.4818404018878937,
				-0.04982088878750801,
				0.17645251750946045,
				0.07186175882816315,
				0.0020265253260731697,
				-0.4764808714389801
			],
			[
				0.6138100028038025,
				0.7133012413978577,
				-0.09357166290283203,
				0.09703376144170761,
				-0.4065358638763428,
				-0.03448934480547905,
				-0.0006374891381710768,
				0.1589651256799698
			],
			[
				0.6087915301322937,
				0.2167564034461975,
				0.39229634404182434,
				0.678050696849823,
				-0.48960351943969727,
				-0.3946175277233124,
				0.13855671882629395,
				0.21611738204956055
			],
			[
				-1.5867550373077393,
				-1.5818266868591309,
				0.8676174879074097,
				-0.8683417439460754,
				-0.10474777221679688,
				0.8089845180511475,
				-0.1487780660390854,
				-0.27886736392974854
			],
			[
				1.4213179349899292,
				1.3224482536315918,
				-0.7091942429542542,
				1.3147495985031128,
				-0.4609663486480713,
				0.12838633358478546,
				-0.002083603758364916,
				-0.33752021193504333
			],
			[
				1.908486008644104,
				1.064784288406372,
				-0.6193808317184448,
				1.8709697723388672,
				0.12840163707733154,
				-0.28321385383605957,
				0.18327738344669342,
				-0.13672026991844177
			],
			[
				0.8669021725654602,
				0.9150766730308533,
				0.32594218850135803,
				0.43639665842056274,
				-0.21650218963623047,
				-0.16591636836528778,
				0.31974366307258606,
				-0.2949615716934204
			],
			[
				-0.19091057777404785,
				0.16690611839294434,
				0.47763633728027344,
				-0.34864556789398193,
				0.07432317733764648,
				-0.4639754295349121,
				0.35205328464508057,
				-0.4431886672973633
			],
			[
				0.57979816198349,
				0.5924138426780701,
				0.3300415575504303,
				0.42598089575767517,
				-0.38788390159606934,
				0.2448517233133316,
				-0.4915924668312073,
				0.2660766839981079
			],
			[
				0.08362143486738205,
				0.4385403096675873,
				1.015696406364441,
				0.20851044356822968,
				0.20006442070007324,
				0.7276376485824585,
				-0.44663742184638977,
				-0.467173308134079
			],
			[
				0.5477505326271057,
				0.44376030564308167,
				0.425696462392807,
				0.38067492842674255,
				-0.13618874549865723,
				-0.22403322160243988,
				-0.49804261326789856,
				-0.2053583860397339
			],
			[
				0.15046656131744385,
				0.40881335735321045,
				-0.128676176071167,
				-0.32771003246307373,
				0.015761375427246094,
				-0.4756026268005371,
				0.14736175537109375,
				-0.13770198822021484
			],
			[
				0.26027095317840576,
				0.15848052501678467,
				-0.12934696674346924,
				0.3522442579269409,
				-0.3614243268966675,
				-0.16555118560791016,
				0.48454904556274414,
				0.38270628452301025
			],
			[
				0.4921884834766388,
				1.0900437831878662,
				-0.16943210363388062,
				1.0250182151794434,
				-0.28809666633605957,
				0.01505651231855154,
				-0.03714694082736969,
				-0.25700628757476807
			],
			[
				-0.4898982048034668,
				-0.04646193981170654,
				0.1630563735961914,
				0.1693708896636963,
				-0.39320600032806396,
				0.3486521244049072,
				-0.21260762214660645,
				0.426227331161499
			]
		],
		"weight_1": [
			0.8602232336997986,
			0.850336492061615,
			-0.22209300100803375,
			0.8603355288505554,
			0.0,
			-0.14040525257587433,
			-0.1410273164510727,
			-0.01173506397753954
		]
	},
	"layer_2": {
		"weight_0": [
			[
				-0.01751280017197132,
				0.660685658454895,
				-0.001426100730895996,
				1.661783218383789
			],
			[
				-0.006589953787624836,
				1.2540003061294556,
				-0.03040909767150879,
				1.4914416074752808
			],
			[
				1.3534331321716309,
				-1.5949219465255737,
				-0.6553711891174316,
				-1.1061480045318604
			],
			[
				-0.06117906793951988,
				0.8150321841239929,
				-0.48615798354148865,
				1.3136768341064453
			],
			[
				0.11738604307174683,
				-0.6887749433517456,
				0.6015720963478088,
				0.4676561951637268
			],
			[
				0.7137261033058167,
				-0.5324186682701111,
				0.34417349100112915,
				-0.23521941900253296
			],
			[
				0.014544792473316193,
				0.17677581310272217,
				-0.6524672508239746,
				-0.13268952071666718
			],
			[
				0.5446820855140686,
				-0.5163843035697937,
				-0.0643661618232727,
				0.13320395350456238
			]
		],
		"weight_1": [
			-0.2568083107471466,
			0.8462542295455933,
			0.0,
			0.8352399468421936
		]
	},
	"layer_3": {
		"weight_0": [
			[
				-1.5985051393508911
			],
			[
				1.003753662109375
			],
			[
				-0.09133195877075195
			],
			[
				1.4675027132034302
			]
		],
		"weight_1": [
			0.8280013799667358
		]
	}
}