{
	"layer_0": {
		"weight_0": [
			[
				-0.3038441240787506,
				0.02717827446758747,
				2.3829355239868164,
				2.5373339653015137,
				1.7748149633407593,
				2.1652591228485107,
				-0.3812641501426697,
				0.10389005392789841,
				2.151205539703369,
				-0.2971463203430176,
				2.3507368564605713,
				2.1119654178619385,
				-0.3386717736721039,
				-0.5572856664657593,
				1.5220791101455688,
				2.2096750736236572
			],
			[
				-0.1905016005039215,
				-0.41638055443763733,
				1.4653313159942627,
				1.446079134941101,
				1.8671791553497314,
				1.9966009855270386,
				-0.36895281076431274,
				-0.45158395171165466,
				1.4621695280075073,
				-0.08020278811454773,
				1.7272108793258667,
				2.2476022243499756,
				-0.2418832778930664,
				-0.04564851522445679,
				1.7992461919784546,
				1.3588831424713135
			]
		],
		"weight_1": [
			0.0,
			-0.028184685856103897,
			0.02832447551190853,
			0.058700647205114365,
			-1.753936529159546,
			0.0010029224213212729,
			0.0,
			-0.10604151338338852,
			0.020830228924751282,
			0.0,
			0.0032489814329892397,
			-0.010220840573310852,
			0.0,
			0.0,
			0.020150505006313324,
			0.010379823856055737
		]
	},
	"layer_1": {
		"weight_0": [
			[
				-0.34370434284210205,
				-0.17857754230499268,
				0.1575489044189453,
				0.004037618637084961,
				-0.49179184436798096,
				0.03793001174926758,
				-0.20072436332702637,
				0.03237783908843994
			],
			[
				-0.23417602479457855,
				0.004565578885376453,
				0.4700366258621216,
				0.17630533874034882,
				0.17305856943130493,
				-0.14837442338466644,
				0.15781450271606445,
				0.4367929697036743
			],
			[
				1.2209888696670532,
				0.9911597967147827,
				-0.3027174174785614,
				0.5640708208084106,
				-0.23306146264076233,
				1.0338069200515747,
				-0.39458030462265015,
				-0.30390965938568115
			],
			[
				0.8881196975708008,
				1.1514211893081665,
				-0.3218500018119812,
				0.4864124059677124,
				0.40217843651771545,
				1.4032922983169556,
				-0.15029557049274445,
				-0.429856538772583
			],
			[
				5.366300106048584,
				5.80832576751709,
				-0.2837201952934265,
				4.929201126098633,
				0.2529613971710205,
				5.494523048400879,
				0.2057342529296875,
				0.28047800064086914
			],
			[
				1.2188217639923096,
				0.878473699092865,
				0.3601222634315491,
				1.3273643255233765,
				-0.053232014179229736,
				0.8803048133850098,
				0.23213306069374084,
				0.18218660354614258
			],
			[
				0.45477473735809326,
				0.34756970405578613,
				-0.38928699493408203,
				-0.4031028747558594,
				-0.19381415843963623,
				0.4272651672363281,
				-0.19269371032714844,
				0.412050724029541
			],
			[
				-0.10479475557804108,
				-0.31741827726364136,
				0.10993343591690063,
				-0.26251503825187683,
				0.09583520889282227,
				-0.3461078703403473,
				-0.333948016166687,
				0.4092695713043213
			],
			[
				0.786324143409729,
				0.7447709441184998,
				-0.2696715295314789,
				1.0909419059753418,
				-0.16015750169754028,
				1.2137556076049805,
				-0.4355027973651886,
				-0.2723032236099243
			],
			[
				0.31808602809906006,
				0.22020769119262695,
				-0.2748682498931885,
				0.30024003982543945,
				-0.4244861602783203,
				-0.43746912479400635,
				-0.3992037773132324,
				0.21210026741027832
			],
			[
				0.6684167981147766,
				0.8844197392463684,
				-0.2594338059425354,
				0.9835753440856934,
				0.1844777911901474,
				1.0369467735290527,
				-0.5631335377693176,
				0.16102588176727295
			],
			[
				1.1231845617294312,
				0.524040699005127,
				0.16291594505310059,
				1.1174226999282837,
				-0.41100436449050903,
				0.6417997479438782,
				0.07373621314764023,
				-0.4341691732406616
			],
			[
				-0.3392258882522583,
				-0.27789294719696045,
				0.3122371435165405,
				-0.4844396114349365,
				0.01170957088470459,
				-0.3306150436401367,
				0.005890250205993652,
				0.14269554615020752
			],
			[
				0.009642601013183594,
				-0.07514405250549316,
				-0.097054123878479,
				0.09017789363861084,
				0.32249975204467773,
				-0.06576526165008545,
				0.48320257663726807,
				-0.06874549388885498
			],
			[
				1.0218290090560913,
				0.6034129858016968,
				-0.06981714069843292,
				0.953629732131958,
				0.09691561758518219,
				0.9361357092857361,
				0.08030819892883301,
				-0.05948007106781006
			],
			[
				0.7827109694480896,
				0.7520699501037598,
				-0.49744346737861633,
				1.2936254739761353,
				-0.30407488346099854,
				1.0931379795074463,
				-0.02159428596496582,
				-0.1937021017074585
			]
		],
		"weight_1": [
			-0.05099485442042351,
			0.09717775136232376,
			-0.09118618071079254,
			-0.1957877278327942,
			-0.016304561868309975,
			0.17014499008655548,
			-0.06673823297023773,
			0.0
		]
	},
	"layer_2": {
		"weight_0": [
			[
				1.3762234449386597,
				-0.09832634031772614,
				-0.20101714134216309,
				1.2338340282440186
			],
			[
				0.9053861498832703,
				0.28147241473197937,
				0.2633819282054901,
				1.09701406955719
			],
			[
				-0.2124093472957611,
				-0.6044471263885498,
				0.1636853814125061,
				0.17959155142307281
			],
			[
				0.9223388433456421,
				-0.03173527866601944,
				-0.4142358601093292,
				1.089207649230957
			],
			[
				0.001215540338307619,
				0.14175458252429962,
				0.2988658845424652,
				-0.23651938140392303
			],
			[
				1.099966287612915,
				-0.12266683578491211,
				0.2916332483291626,
				1.1103848218917847
			],
			[
				-0.37709635496139526,
				0.44042983651161194,
				0.3941815495491028,
				-0.0325380377471447
			],
			[
				0.6114545464515686,
				-0.14148378372192383,
				0.5160214304924011,
				0.5523452162742615
			]
		],
		"weight_1": [
			0.06462178379297256,
			-0.09712336212396622,
			1.8495473861694336,
			0.06193453446030617
		]
	},
	"layer_3": {
		"weight_0": [
			[
				1.846938133239746
			],
			[
				-0.6506540775299072
			],
			[
				4.343914031982422
			],
			[
				1.552914023399353
			]
		],
		"weight_1": [
			0.06973531097173691
		]
	}
}