{
	"layer_0": {
		"weight_0": [
			[
				-0.16214877367019653,
				0.6514923572540283,
				-0.4380401372909546,
				1.2766615152359009,
				-0.10830038785934448,
				-0.2105322778224945,
				-0.5020574927330017,
				1.0027085542678833,
				2.2333126068115234,
				1.4230023622512817,
				-0.21563643217086792,
				1.0289790630340576,
				-0.4405375123023987,
				0.5811328291893005,
				0.10912635177373886,
				1.533333420753479
			],
			[
				-0.12874871492385864,
				-0.7340878844261169,
				-0.27214834094047546,
				-0.4552946388721466,
				-0.3771766126155853,
				-0.1437707245349884,
				-0.43614137172698975,
				-1.0019800662994385,
				2.8649933338165283,
				-0.5412895679473877,
				2.304574966430664,
				-2.35337495803833,
				-0.49548354744911194,
				-4.631361961364746,
				-0.4731045961380005,
				-0.805580735206604
			]
		],
		"weight_1": [
			0.0,
			0.871497392654419,
			0.0,
			0.9088220596313477,
			0.0,
			0.0,
			0.0,
			0.9185272455215454,
			0.7659863829612732,
			0.6913087964057922,
			0.3784613609313965,
			0.8457486629486084,
			0.0,
			0.41480860114097595,
			-0.04550297185778618,
			0.9471725821495056
		]
	},
	"layer_1": {
		"weight_0": [
			[
				0.4970654249191284,
				0.0908583402633667,
				-0.21800684928894043,
				0.09698975086212158,
				-0.11281001567840576,
				-0.4034677743911743,
				-0.197015643119812,
				-0.3085273504257202
			],
			[
				0.3703240752220154,
				1.1307520866394043,
				-0.06560325622558594,
				0.607012152671814,
				0.4334125816822052,
				0.6613898873329163,
				0.12726324796676636,
				0.5306375026702881
			],
			[
				-0.4429605007171631,
				0.19490671157836914,
				0.44181275367736816,
				-0.40989959239959717,
				-0.12331891059875488,
				0.48468971252441406,
				0.40912866592407227,
				0.15870130062103271
			],
			[
				0.6722510457038879,
				0.22794800996780396,
				-0.09657015651464462,
				1.13284432888031,
				1.2101699113845825,
				-0.3298436999320984,
				1.2334026098251343,
				1.2318564653396606
			],
			[
				0.3325657844543457,
				0.011251449584960938,
				0.03673529624938965,
				0.07550406455993652,
				0.38016557693481445,
				-0.08713078498840332,
				0.46665072441101074,
				0.0871427059173584
			],
			[
				0.022969484329223633,
				-0.13245177268981934,
				-0.3036060333251953,
				0.47126293182373047,
				-0.19910752773284912,
				-0.29310178756713867,
				0.3416222333908081,
				-0.3703429698944092
			],
			[
				-0.2053215503692627,
				0.43298935890197754,
				0.03525972366333008,
				-0.18409192562103271,
				-0.257144570350647,
				-0.13099873065948486,
				0.42392539978027344,
				-0.18840765953063965
			],
			[
				1.388689398765564,
				0.17402593791484833,
				0.2783181071281433,
				0.5049845576286316,
				0.8725054264068604,
				0.6030467748641968,
				1.2931427955627441,
				1.0954608917236328
			],
			[
				-1.0666275024414062,
				0.5329406261444092,
				-0.1646345853805542,
				0.7535942792892456,
				0.28285589814186096,
				0.40526100993156433,
				1.2872258424758911,
				1.1230342388153076
			],
			[
				0.39548876881599426,
				0.545844554901123,
				-0.476185142993927,
				0.9009518027305603,
				1.2245925664901733,
				0.18045543134212494,
				0.8092994093894958,
				1.2839397192001343
			],
			[
				-3.461115598678589,
				0.9843148589134216,
				-0.17116975784301758,
				-0.7056620717048645,
				-0.5120850801467896,
				0.5278373956680298,
				-1.1901038885116577,
				-1.273208737373352
			],
			[
				1.3206124305725098,
				0.0032659026328474283,
				0.27786940336227417,
				1.2876441478729248,
				1.3952866792678833,
				-0.33217066526412964,
				1.5501689910888672,
				1.3767943382263184
			],
			[
				0.1767798662185669,
				-0.4455958604812622,
				-0.053415536880493164,
				0.4387890100479126,
				-0.11336755752563477,
				0.4688376188278198,
				0.3840113878250122,
				-0.29605376720428467
			],
			[
				3.4357407093048096,
				-1.451735496520996,
				-0.039702292531728745,
				3.042553424835205,
				3.3482296466827393,
				-2.1045494079589844,
				3.338283061981201,
				3.2849180698394775
			],
			[
				-0.47002068161964417,
				0.29464009404182434,
				0.33556991815567017,
				0.1941276490688324,
				0.2096504122018814,
				-0.12999093532562256,
				-0.4085686504840851,
				-0.3692379891872406
			],
			[
				0.8819376826286316,
				-0.4519929885864258,
				0.1315133273601532,
				1.0796184539794922,
				1.1938109397888184,
				-0.07971610873937607,
				1.2330876588821411,
				1.355832576751709
			]
		],
		"weight_1": [
			0.691321611404419,
			0.010303688235580921,
			-0.15496140718460083,
			1.1123907566070557,
			0.8710209131240845,
			-0.1359477937221527,
			1.144405484199524,
			0.9439736604690552
		]
	},
	"layer_2": {
		"weight_0": [
			[
				-1.2057992219924927,
				1.7265738248825073,
				0.22687888145446777,
				2.7099788188934326
			],
			[
				0.6445178389549255,
				1.4228333234786987,
				-0.5566222667694092,
				-0.7579801082611084
			],
			[
				0.27489981055259705,
				0.35879307985305786,
				-0.29631155729293823,
				-0.12531088292598724
			],
			[
				0.33659592270851135,
				-0.5947396159172058,
				0.32886505126953125,
				1.1235665082931519
			],
			[
				0.16669480502605438,
				0.568224310874939,
				-0.26344695687294006,
				1.0388967990875244
			],
			[
				1.115395188331604,
				0.5935328602790833,
				0.6376797556877136,
				-1.2345821857452393
			],
			[
				0.5281789302825928,
				0.25852301716804504,
				-0.10443836450576782,
				1.2001932859420776
			],
			[
				-0.5156534910202026,
				-0.13901874423027039,
				-0.27771082520484924,
				1.215739369392395
			]
		],
		"weight_1": [
			-0.10078763216733932,
			-0.44844353199005127,
			-0.015162319876253605,
			1.0783469676971436
		]
	},
	"layer_3": {
		"weight_0": [
			[
				-1.4118200540542603
			],
			[
				1.2265790700912476
			],
			[
				-0.5768889784812927
			],
			[
				1.6354583501815796
			]
		],
		"weight_1": [
			1.0766888856887817
		]
	}
}