{
	"layer_0": {
		"weight_0": [
			[
				1.5906565189361572,
				1.552824854850769,
				1.385222315788269,
				1.2368121147155762,
				0.1230681762099266,
				-0.05836278200149536,
				0.4899343252182007,
				0.6507681012153625,
				1.4479252099990845,
				1.4883941411972046,
				1.1545614004135132,
				1.0266809463500977,
				0.8820505142211914,
				-0.1611914336681366,
				-0.25579097867012024,
				-0.32648271322250366
			],
			[
				-0.49130457639694214,
				-0.7036387324333191,
				-0.7903733849525452,
				-0.6689481735229492,
				-0.0643286406993866,
				-0.19980597496032715,
				-0.6415203213691711,
				-0.2665538489818573,
				-0.8685910105705261,
				-0.43443116545677185,
				-0.9319021105766296,
				-0.8374389410018921,
				-0.7646020650863647,
				-0.37430399656295776,
				-0.2234143614768982,
				1.9753003120422363
			]
		],
		"weight_1": [
			0.9668007493019104,
			0.939812183380127,
			0.9457157254219055,
			0.9441763162612915,
			-0.1193547397851944,
			0.0,
			0.9019467830657959,
			0.9605657458305359,
			0.9104178547859192,
			0.9612249135971069,
			0.4423409402370453,
			0.9440674185752869,
			0.9785075187683105,
			0.0,
			0.0,
			0.2652464807033539
		]
	},
	"layer_1": {},
	"layer_2": {
		"weight_0": [
			[
				-0.27021199464797974,
				1.050788164138794,
				0.3236663043498993,
				1.0500856637954712,
				0.46661704778671265,
				0.029242634773254395,
				0.5830426216125488,
				1.0884283781051636
			],
			[
				-0.020249411463737488,
				0.7823845148086548,
				-0.08953036367893219,
				1.3752059936523438,
				-0.10919670015573502,
				-0.42552292346954346,
				-0.14155037701129913,
				1.0246131420135498
			],
			[
				-0.502591609954834,
				0.9172477126121521,
				-0.6041622757911682,
				1.0867730379104614,
				-0.057424213737249374,
				-0.31780457496643066,
				-0.04580407589673996,
				1.047145128250122
			],
			[
				-0.35794031620025635,
				0.7618547081947327,
				0.36554983258247375,
				0.9832021594047546,
				0.27499520778656006,
				0.1374068260192871,
				-0.18231314420700073,
				0.6216976642608643
			],
			[
				-0.15775319933891296,
				-0.37745219469070435,
				0.283282995223999,
				-0.2477940171957016,
				-0.005609393119812012,
				-0.3304356336593628,
				0.3759170174598694,
				0.2850196659564972
			],
			[
				0.17405378818511963,
				0.10965228080749512,
				-0.37087130546569824,
				0.4821474552154541,
				0.39187073707580566,
				0.44617795944213867,
				-0.46174395084381104,
				0.0030875205993652344
			],
			[
				-0.35322698950767517,
				0.6337622404098511,
				0.020523540675640106,
				0.6687313318252563,
				-0.37967345118522644,
				0.19153809547424316,
				-0.3070095181465149,
				0.27949804067611694
			],
			[
				0.39795565605163574,
				0.2952708601951599,
				-0.5671576857566833,
				0.6958891153335571,
				-0.33566731214523315,
				-0.24385321140289307,
				0.16087758541107178,
				0.7656395435333252
			],
			[
				-0.2620905935764313,
				1.2582069635391235,
				0.38679713010787964,
				1.0308361053466797,
				-0.46298348903656006,
				0.26911747455596924,
				-0.022066153585910797,
				1.5005661249160767
			],
			[
				0.3634505569934845,
				0.8736337423324585,
				-0.20511318743228912,
				1.0101163387298584,
				-0.14924928545951843,
				-0.29845333099365234,
				0.5794106125831604,
				0.5625806450843811
			],
			[
				0.023550355806946754,
				0.9203041791915894,
				0.29510733485221863,
				0.9782657623291016,
				-0.23610541224479675,
				-0.20231032371520996,
				-0.41371089220046997,
				0.9751196503639221
			],
			[
				0.2956393361091614,
				0.7490937113761902,
				0.018876701593399048,
				1.4902796745300293,
				-0.3189104199409485,
				-0.3548157215118408,
				-0.1531831920146942,
				0.8271059393882751
			],
			[
				0.018595241010189056,
				1.2941237688064575,
				-0.43591010570526123,
				1.2545071840286255,
				0.4062117636203766,
				-0.01646578311920166,
				-0.1094256192445755,
				1.5285353660583496
			],
			[
				-0.12405836582183838,
				0.4174884557723999,
				0.4078030586242676,
				-0.32902729511260986,
				0.10265660285949707,
				-0.16316556930541992,
				0.3592935800552368,
				0.1819167137145996
			],
			[
				0.1373523473739624,
				-0.49154138565063477,
				-0.4176921844482422,
				-0.19603502750396729,
				-0.3657665252685547,
				0.057917237281799316,
				-0.35055482387542725,
				0.28766655921936035
			],
			[
				0.5623685717582703,
				-2.005784511566162,
				0.07894207537174225,
				-2.108513832092285,
				0.4205085039138794,
				0.08710885047912598,
				0.8084638714790344,
				-1.4883625507354736
			]
		],
		"weight_1": [
			0.11313855648040771,
			0.9245399236679077,
			-0.09926395863294601,
			0.9109691381454468,
			0.14698515832424164,
			0.0,
			0.04652554914355278,
			1.0581879615783691
		]
	},
	"layer_3": {},
	"layer_4": {
		"weight_0": [
			[
				0.12552513182163239,
				0.2878170609474182,
				-0.5832629203796387,
				-0.20882448554039001
			],
			[
				1.29352605342865,
				-0.3201782703399658,
				-0.12409313023090363,
				-0.6151949167251587
			],
			[
				-0.027012672275304794,
				0.3810442090034485,
				0.07645944505929947,
				-0.6373807191848755
			],
			[
				1.7027448415756226,
				-0.44308486580848694,
				-0.17680713534355164,
				-0.1949765682220459
			],
			[
				0.8832816481590271,
				-0.2977871894836426,
				-0.6312940716743469,
				-0.2809153199195862
			],
			[
				0.5638877749443054,
				-0.4512519836425781,
				-0.25539422035217285,
				-0.5327500104904175
			],
			[
				-0.5170382261276245,
				0.2131248265504837,
				0.8670012354850769,
				-0.5890892148017883
			],
			[
				1.1647528409957886,
				0.6369280815124512,
				0.2684103846549988,
				0.46968668699264526
			]
		],
		"weight_1": [
			0.934692919254303,
			0.18901455402374268,
			0.026441216468811035,
			0.0
		]
	},
	"layer_5": {},
	"layer_6": {
		"weight_0": [
			[
				1.3203742504119873
			],
			[
				0.6595668792724609
			],
			[
				-1.750379204750061
			],
			[
				0.4814819097518921
			]
		],
		"weight_1": [
			0.9221919775009155
		]
	}
}