{
	"layer_0": {
		"weight_0": [
			[
				0.295230507850647,
				-0.008409380912780762,
				-0.15521061420440674,
				0.5488852262496948,
				0.4357842803001404,
				-0.3054392337799072,
				0.6705148816108704,
				-0.2193404883146286,
				0.756585419178009,
				0.891701877117157,
				-0.05610867589712143,
				0.6571540236473083,
				0.30229297280311584,
				0.17560069262981415,
				0.912101686000824,
				0.4001605212688446
			],
			[
				0.40349358320236206,
				-0.5005401372909546,
				-0.549700140953064,
				0.06487160176038742,
				0.42134401202201843,
				-0.2527754604816437,
				-0.16724593937397003,
				0.5692285299301147,
				0.23916803300380707,
				0.18871544301509857,
				0.22557765245437622,
				0.9296623468399048,
				0.551095187664032,
				-0.6383572816848755,
				0.05748136341571808,
				0.4459262788295746
			]
		],
		"weight_1": [
			0.427059531211853,
			0.0,
			0.0,
			0.4222395718097687,
			0.3781331777572632,
			0.0,
			0.4272255301475525,
			0.29172343015670776,
			0.4241477847099304,
			0.42979589104652405,
			-0.22596481442451477,
			0.41502073407173157,
			0.4262045919895172,
			-0.08982802927494049,
			0.4258423447608948,
			0.2924692928791046
		]
	},
	"layer_1": {},
	"layer_2": {
		"weight_0": [
			[
				0.24897824227809906,
				0.35303595662117004,
				-0.12476038932800293,
				0.18651427328586578,
				0.8407690525054932,
				0.8371642231941223,
				0.13604754209518433,
				-0.13646578788757324
			],
			[
				0.41754257678985596,
				-0.1765049695968628,
				0.4189159870147705,
				0.1947019100189209,
				-0.24963688850402832,
				0.005143165588378906,
				-0.056168317794799805,
				-0.022211432456970215
			],
			[
				-0.21895694732666016,
				0.25668466091156006,
				0.4353499412536621,
				-0.14819812774658203,
				0.3302367925643921,
				0.3936206102371216,
				0.0004038810729980469,
				0.1945323944091797
			],
			[
				0.8918981552124023,
				0.6516202688217163,
				-0.10714328289031982,
				0.3629588484764099,
				0.28978362679481506,
				0.4575831890106201,
				-0.3085992634296417,
				-0.47345125675201416
			],
			[
				0.09304813295602798,
				-0.018294870853424072,
				-0.17184138298034668,
				0.28419196605682373,
				-0.024109195917844772,
				0.9159680008888245,
				0.24764880537986755,
				-0.48305031657218933
			],
			[
				0.44524717330932617,
				-0.05432116985321045,
				-0.011374473571777344,
				0.31095409393310547,
				0.26963722705841064,
				-0.47008752822875977,
				0.14193212985992432,
				0.1762707233428955
			],
			[
				0.5796510577201843,
				0.8588556051254272,
				-0.08432984352111816,
				0.1625274419784546,
				0.8741634488105774,
				0.3173716068267822,
				0.26646900177001953,
				-0.11316525936126709
			],
			[
				-0.12055911868810654,
				0.3479864299297333,
				0.30731654167175293,
				-0.5354315042495728,
				-0.05227499082684517,
				0.8827850818634033,
				0.1398121863603592,
				0.41271522641181946
			],
			[
				0.6349411606788635,
				0.3296761214733124,
				0.10408687591552734,
				-0.49298861622810364,
				0.29698458313941956,
				0.7934468984603882,
				-0.4169686734676361,
				-0.48972639441490173
			],
			[
				0.415383905172348,
				0.14802409708499908,
				-0.31126976013183594,
				-0.5171965956687927,
				0.843942403793335,
				0.8176681995391846,
				0.007554665207862854,
				0.40611088275909424
			],
			[
				-0.10591133683919907,
				-0.34349653124809265,
				-0.23054790496826172,
				-0.2690560221672058,
				-0.29939740896224976,
				-0.02487579733133316,
				-0.11483471840620041,
				0.002151471097022295
			],
			[
				-0.028026189655065536,
				-0.028750814497470856,
				0.12866568565368652,
				0.037961188703775406,
				0.7916100025177002,
				0.6912575364112854,
				0.26427027583122253,
				0.1001964583992958
			],
			[
				0.30609142780303955,
				0.76155024766922,
				-0.35514700412750244,
				0.36133792996406555,
				0.5904874801635742,
				0.16005928814411163,
				-0.37542301416397095,
				-0.2582766115665436
			],
			[
				-0.43105432391166687,
				-0.011204682290554047,
				0.4764528274536133,
				0.06497049331665039,
				-0.3890513777732849,
				-0.18374130129814148,
				0.012507251463830471,
				-0.36973249912261963
			],
			[
				0.8014101386070251,
				0.47909635305404663,
				0.05071723461151123,
				-0.04691210016608238,
				0.5501511096954346,
				0.5874181389808655,
				-0.40221914649009705,
				-0.16165193915367126
			],
			[
				0.4277324378490448,
				0.38624051213264465,
				0.055168747901916504,
				-0.35663890838623047,
				-0.012803316116333008,
				0.5786303877830505,
				-0.008609986864030361,
				-0.16461308300495148
			]
		],
		"weight_1": [
			0.4211626350879669,
			0.3897588551044464,
			0.0,
			-0.03474019095301628,
			0.4226858615875244,
			0.4177362620830536,
			-0.0984337329864502,
			-0.02403024025261402
		]
	},
	"layer_3": {},
	"layer_4": {
		"weight_0": [
			[
				-0.5042968988418579,
				-0.004002928733825684,
				-0.3051016926765442,
				0.4375179708003998
			],
			[
				-0.62801194190979,
				0.478393018245697,
				0.6597073674201965,
				0.5092446804046631
			],
			[
				-0.34894537925720215,
				-0.015448987483978271,
				-0.625491738319397,
				0.667624294757843
			],
			[
				0.35909390449523926,
				0.5800871253013611,
				-0.015967071056365967,
				-0.538703203201294
			],
			[
				0.5425532460212708,
				-0.62762051820755,
				-0.5809049606323242,
				0.5635907053947449
			],
			[
				-0.4299353361129761,
				-0.002485990524291992,
				-0.4909817576408386,
				0.6719908118247986
			],
			[
				-0.16249868273735046,
				-0.31567180156707764,
				-0.3786278963088989,
				-0.5598940253257751
			],
			[
				0.6236459612846375,
				0.4260891079902649,
				-0.0008658766746520996,
				-0.3672221899032593
			]
		],
		"weight_1": [
			-0.026599779725074768,
			0.0,
			0.0,
			0.409138947725296
		]
	},
	"layer_5": {},
	"layer_6": {
		"weight_0": [
			[
				-1.0216976404190063
			],
			[
				-0.5056549310684204
			],
			[
				-1.0953010320663452
			],
			[
				8.306909561157227
			]
		],
		"weight_1": [
			7.462316036224365
		]
	}
}