{
	"layer_0": {
		"weight_0": [
			[
				1.7909517288208008,
				2.810746431350708,
				-0.11812785267829895,
				0.039187684655189514,
				-0.06387826055288315,
				-0.21370816230773926,
				2.138519763946533,
				3.198158025741577,
				-0.49853211641311646,
				-0.02500736713409424,
				-0.17460274696350098,
				2.519375801086426,
				2.2478108406066895,
				0.17660969495773315,
				1.9997661113739014,
				-0.7068305611610413
			],
			[
				-0.37986961007118225,
				-3.195587635040283,
				-0.12488415837287903,
				-0.18113957345485687,
				-1.7088751792907715,
				-0.27675798535346985,
				-6.263204097747803,
				0.3005150258541107,
				-0.16461247205734253,
				-0.34175583720207214,
				-0.04156774282455444,
				1.6154199838638306,
				0.17413872480392456,
				-0.20876015722751617,
				-0.8226828575134277,
				4.02073860168457
			]
		],
		"weight_1": [
			1.0334248542785645,
			0.795217752456665,
			0.0,
			-0.020648980513215065,
			1.773354411125183,
			0.0,
			0.8491185903549194,
			-0.6020206212997437,
			0.0,
			0.0,
			0.0,
			1.7048773765563965,
			1.1580785512924194,
			-0.14924201369285583,
			0.9509536027908325,
			0.6410337090492249
		]
	},
	"layer_1": {
		"weight_0": [
			[
				0.2921290993690491,
				-0.033432722091674805,
				-0.36707496643066406,
				0.2628994584083557,
				-0.15292897820472717,
				-0.047184113413095474,
				-0.31702110171318054,
				1.4258283376693726
			],
			[
				-1.1964737176895142,
				0.11512434482574463,
				-0.1341482400894165,
				0.023676984012126923,
				-0.04137076810002327,
				-0.4698321223258972,
				0.5122330188751221,
				2.396411657333374
			],
			[
				-0.33483707904815674,
				-0.22423231601715088,
				-0.43761932849884033,
				0.25088274478912354,
				0.2542194128036499,
				-0.3085087537765503,
				-0.2981424331665039,
				0.039385437965393066
			],
			[
				0.25770553946495056,
				-0.08870422840118408,
				0.2137359380722046,
				-0.17114700376987457,
				-0.06810081005096436,
				0.23729372024536133,
				-0.2844994366168976,
				-0.10417206585407257
			],
			[
				-1.9073143005371094,
				-0.0365980863571167,
				0.4258054494857788,
				-0.3237714469432831,
				0.1700085550546646,
				0.5430673956871033,
				-0.6644023060798645,
				0.7323626279830933
			],
			[
				-0.08424365520477295,
				-0.15650498867034912,
				-0.1716594696044922,
				-0.3665025234222412,
				-0.24366557598114014,
				-0.10361671447753906,
				-0.38685905933380127,
				0.2991405725479126
			],
			[
				-1.9812650680541992,
				-0.36427807807922363,
				0.4442027807235718,
				-0.02151256799697876,
				-0.3398805558681488,
				-1.9564789533615112,
				0.7960432767868042,
				2.8981380462646484
			],
			[
				0.29667940735816956,
				-0.15262246131896973,
				-0.39430034160614014,
				0.24851593375205994,
				0.08790078014135361,
				2.0202910900115967,
				0.9397742748260498,
				-0.9520068764686584
			],
			[
				-0.08640611171722412,
				-0.36222028732299805,
				0.4879359006881714,
				0.18764400482177734,
				-0.37990736961364746,
				-0.23240351676940918,
				-0.1139984130859375,
				-0.3308854103088379
			],
			[
				-0.1398845911026001,
				0.11228859424591064,
				0.11705052852630615,
				0.3995018005371094,
				0.23189473152160645,
				0.48904597759246826,
				-0.11678266525268555,
				-0.41976261138916016
			],
			[
				-0.33083832263946533,
				0.4886491298675537,
				0.4770338535308838,
				-0.2918076515197754,
				-0.13762116432189941,
				-0.24776816368103027,
				-0.35364627838134766,
				0.3400242328643799
			],
			[
				1.0086901187896729,
				0.2056061029434204,
				0.040795087814331055,
				-0.3627588450908661,
				0.2816605269908905,
				0.7279209494590759,
				0.31270524859428406,
				1.134764313697815
			],
			[
				0.5452419519424438,
				-0.36276721954345703,
				-0.13979876041412354,
				-0.07191945612430573,
				-0.058783672749996185,
				0.18216125667095184,
				-0.1464754343032837,
				1.143216609954834
			],
			[
				0.41368505358695984,
				-0.16835355758666992,
				0.1408175230026245,
				0.04509643837809563,
				0.09011910855770111,
				-0.2714982032775879,
				-0.43079039454460144,
				-0.07225330173969269
			],
			[
				0.0825125053524971,
				-0.3977620601654053,
				-0.45337915420532227,
				-0.17242245376110077,
				-0.28446027636528015,
				-0.30410903692245483,
				-0.04332026094198227,
				1.628636121749878
			],
			[
				2.238926649093628,
				-0.04518330097198486,
				-0.21213030815124512,
				-0.2102205753326416,
				-0.40023234486579895,
				2.412360429763794,
				-0.37501150369644165,
				-1.7098206281661987
			]
		],
		"weight_1": [
			0.15744413435459137,
			0.0,
			0.0,
			-0.034819357097148895,
			-0.011615217663347721,
			0.6799256801605225,
			-0.5872030258178711,
			1.148929476737976
		]
	},
	"layer_2": {
		"weight_0": [
			[
				-0.2894512414932251,
				-0.22405213117599487,
				2.7286667823791504,
				2.8230020999908447
			],
			[
				-0.265302449464798,
				-0.27321577072143555,
				0.11281532049179077,
				0.27728158235549927
			],
			[
				-0.17874598503112793,
				0.2017640471458435,
				0.4270861744880676,
				0.43528205156326294
			],
			[
				-0.28673410415649414,
				-0.30787259340286255,
				-0.630804717540741,
				-0.6871508955955505
			],
			[
				0.19544386863708496,
				0.1355602741241455,
				0.5367343425750732,
				-0.4911425709724426
			],
			[
				-0.6636059880256653,
				-0.517698347568512,
				-2.6937804222106934,
				-2.8944358825683594
			],
			[
				-0.6528581976890564,
				0.16594326496124268,
				-1.4562984704971313,
				-1.7838976383209229
			],
			[
				-0.37522798776626587,
				-0.3610936105251312,
				1.1935553550720215,
				1.6942445039749146
			]
		],
		"weight_1": [
			0.0,
			0.0,
			0.024149689823389053,
			0.5637046098709106
		]
	},
	"layer_3": {
		"weight_0": [
			[
				-0.7452517151832581
			],
			[
				0.23636841773986816
			],
			[
				3.275526523590088
			],
			[
				3.5286407470703125
			]
		],
		"weight_1": [
			0.38906922936439514
		]
	}
}