{
	"layer_0": {
		"weight_0": [
			[
				0.9678553938865662,
				-0.213485449552536,
				6.913570404052734,
				1.020757794380188,
				0.8616398572921753,
				0.4777345657348633,
				-0.44941699504852295,
				-0.36735397577285767,
				2.948317050933838,
				-0.26117920875549316,
				2.7171497344970703,
				0.42155882716178894,
				4.088943958282471,
				1.5793379545211792,
				-0.13400834798812866,
				-0.09744936227798462
			],
			[
				-0.5849568843841553,
				-0.17248651385307312,
				0.30730754137039185,
				-0.3275195062160492,
				-7.881338119506836,
				-2.1655375957489014,
				-0.1733837127685547,
				-0.4657788872718811,
				-0.32662591338157654,
				-0.2842247486114502,
				-1.4456701278686523,
				-3.3286547660827637,
				-0.058404773473739624,
				-0.5845627784729004,
				0.042946528643369675,
				-0.3399339020252228
			]
		],
		"weight_1": [
			0.8339450359344482,
			0.0,
			0.004169018007814884,
			1.307882308959961,
			0.29805928468704224,
			0.7092445492744446,
			0.0,
			0.0,
			0.08866077661514282,
			0.0,
			0.12674199044704437,
			0.46108943223953247,
			0.05504160374403,
			0.38967376947402954,
			-0.043508950620889664,
			0.0
		]
	},
	"layer_1": {
		"weight_0": [
			[
				0.45819997787475586,
				-0.32686734199523926,
				0.12644034624099731,
				-0.23765182495117188,
				0.9366763234138489,
				0.8122748136520386,
				1.0885963439941406,
				-0.4559270143508911
			],
			[
				0.4808008670806885,
				0.13964247703552246,
				0.196197509765625,
				-0.17489218711853027,
				-0.3195164203643799,
				0.32070744037628174,
				-0.37284421920776367,
				0.37910592555999756
			],
			[
				0.8372788429260254,
				1.9364842176437378,
				0.44231733679771423,
				-0.4090585708618164,
				1.0057475566864014,
				-0.9295795559883118,
				0.4613381326198578,
				0.16349947452545166
			],
			[
				0.6260671019554138,
				-0.4517151713371277,
				-0.04455952346324921,
				-0.3429781198501587,
				0.20957830548286438,
				0.8884149789810181,
				0.5175662636756897,
				-0.4536665678024292
			],
			[
				6.909608840942383,
				2.7635812759399414,
				6.767457008361816,
				0.32441043853759766,
				6.627588272094727,
				-3.3967278003692627,
				6.3766913414001465,
				0.31889402866363525
			],
			[
				0.8538668155670166,
				-1.9450263977050781,
				0.5112805366516113,
				0.4831002950668335,
				0.7914301156997681,
				1.308090090751648,
				1.1050987243652344,
				-0.12772607803344727
			],
			[
				-0.45840978622436523,
				0.3408541679382324,
				-0.3789569139480591,
				0.20858991146087646,
				-0.35145652294158936,
				-0.25288474559783936,
				0.20066559314727783,
				0.2728109359741211
			],
			[
				0.2930312156677246,
				-0.23626911640167236,
				-0.08438658714294434,
				0.16391611099243164,
				-0.4282752275466919,
				0.3966294527053833,
				0.0045784711837768555,
				-0.2843489646911621
			],
			[
				0.8933455944061279,
				0.971834659576416,
				1.0514274835586548,
				-0.006210446357727051,
				1.2712405920028687,
				0.6540645956993103,
				0.8904962539672852,
				0.17942845821380615
			],
			[
				0.38950014114379883,
				0.42925381660461426,
				-0.1591395139694214,
				0.2161715030670166,
				-0.023810148239135742,
				-0.480366587638855,
				0.4912208318710327,
				0.3556838035583496
			],
			[
				0.5957109332084656,
				1.0690693855285645,
				1.0975617170333862,
				0.4339643716812134,
				0.6960780024528503,
				-1.0477442741394043,
				1.3398497104644775,
				-0.1347498893737793
			],
			[
				2.273005962371826,
				-2.5330169200897217,
				2.3132119178771973,
				-0.31971871852874756,
				2.362795829772949,
				-0.6153443455696106,
				2.0952396392822266,
				-0.010518908500671387
			],
			[
				1.0433073043823242,
				0.9476816654205322,
				0.5385067462921143,
				-0.3716336488723755,
				0.38341155648231506,
				-1.1857035160064697,
				0.5027644634246826,
				-0.21053624153137207
			],
			[
				0.4596225321292877,
				0.13961637020111084,
				1.1062335968017578,
				-0.05675661563873291,
				1.4228239059448242,
				0.27664828300476074,
				1.2911502122879028,
				0.24911081790924072
			],
			[
				0.23010112345218658,
				-0.03744035214185715,
				-0.40925219655036926,
				-0.4079779386520386,
				0.1690167486667633,
				0.14534270763397217,
				-0.15311160683631897,
				0.11865711212158203
			],
			[
				-0.4778013229370117,
				0.48358845710754395,
				-0.05547749996185303,
				0.17570865154266357,
				0.30083560943603516,
				-0.3746471405029297,
				-0.37551307678222656,
				-0.2116144895553589
			]
		],
		"weight_1": [
			0.35826295614242554,
			-0.943713903427124,
			0.25482648611068726,
			0.0,
			0.35618746280670166,
			1.636068344116211,
			0.35659706592559814,
			0.0
		]
	},
	"layer_2": {
		"weight_0": [
			[
				-0.7511895298957825,
				-0.20719391107559204,
				1.5215259790420532,
				0.03038341924548149
			],
			[
				-0.6851446032524109,
				-0.7030560970306396,
				-3.7175791263580322,
				-0.13117951154708862
			],
			[
				-0.5845819711685181,
				-0.19329726696014404,
				1.4067327976226807,
				-0.31897076964378357
			],
			[
				0.0870782732963562,
				0.17155450582504272,
				-0.21837714314460754,
				0.20793551206588745
			],
			[
				-0.27214422821998596,
				-0.3492625057697296,
				1.5504628419876099,
				0.05262644961476326
			],
			[
				0.4622002840042114,
				-0.3410849869251251,
				-2.343980550765991,
				0.35711807012557983
			],
			[
				0.2615210711956024,
				-0.19223952293395996,
				1.7958852052688599,
				-0.6833372116088867
			],
			[
				-0.6054081320762634,
				-0.19631648063659668,
				0.07708960771560669,
				-0.0023733973503112793
			]
		],
		"weight_1": [
			-0.08639339357614517,
			0.0,
			0.35998275876045227,
			0.01550535298883915
		]
	},
	"layer_3": {
		"weight_0": [
			[
				0.7367643117904663
			],
			[
				-0.4523717164993286
			],
			[
				2.8402750492095947
			],
			[
				0.39642611145973206
			]
		],
		"weight_1": [
			0.3621687591075897
		]
	}
}