{
	"layer_0": {
		"weight_0": [
			[
				2.704484701156616,
				-0.3273332118988037,
				1.326585292816162,
				-1.6550132036209106
			],
			[
				2.69510817527771,
				-0.26449131965637207,
				2.6351559162139893,
				0.6213163137435913
			]
		],
		"weight_1": [
			2.3710947036743164,
			0.0,
			2.212939500808716,
			0.02561030723154545
		]
	},
	"layer_1": {
		"weight_0": [
			[
				2.8416385650634766
			],
			[
				-0.9646701216697693
			],
			[
				2.2924203872680664
			],
			[
				-1.602144479751587
			]
		],
		"weight_1": [
			2.355027198791504
		]
	}
}