{
	"layer_0": {
		"weight_0": 0.0,
		"weight_1": 1.0,
		"weight_2": -1
	},
	"layer_1": {
		"weight_0": [
			0.0,
			-0.05098199099302292,
			0.49681806564331055,
			0.4834994971752167,
			0.5844761729240417,
			0.5336130261421204,
			-0.0832827165722847,
			0.0,
			0.5589110255241394,
			-0.11299914866685867,
			0.4803999066352844,
			0.4722154438495636,
			0.5264183282852173,
			0.0,
			0.0,
			0.5310840010643005
		],
		"weight_1": [
			[
				-0.3429875373840332,
				-0.15268033742904663,
				-0.005356309935450554,
				0.6228240728378296,
				0.4387984573841095,
				0.4809650182723999,
				0.12609495222568512,
				-0.26897135376930237,
				0.9500086903572083,
				-0.5354791283607483,
				-0.09882865846157074,
				0.8637840747833252,
				-0.09001374989748001,
				-0.28864747285842896,
				-0.49725815653800964,
				0.7809578776359558
			],
			[
				-0.3535999059677124,
				0.05605059489607811,
				0.8276369571685791,
				0.15527309477329254,
				0.5961183905601501,
				0.521191418170929,
				-0.32674384117126465,
				-0.12658801674842834,
				0.6068345904350281,
				0.14895205199718475,
				0.6242525577545166,
				0.665732741355896,
				0.8935454487800598,
				-0.10908940434455872,
				-0.4738841652870178,
				0.8556925058364868
			]
		],
		"weight_2": -1,
		"weight_3": -0.9500086903572083,
		"weight_4": 0.9500086903572083,
		"weight_5": -0.5658519268035889,
		"weight_6": 2.237607955932617
	},
	"layer_2": {
		"weight_0": [
			0.5597776770591736,
			-0.03245876356959343,
			-0.00886828638613224,
			-0.054362889379262924,
			-0.013854820281267166,
			-0.046698637306690216,
			0.4550831913948059,
			-0.09677886962890625
		],
		"weight_1": [
			[
				-0.37656188011169434,
				-0.33300304412841797,
				0.48599112033843994,
				-0.22237718105316162,
				0.15810060501098633,
				0.21786820888519287,
				-0.22092032432556152,
				-0.2838672399520874
			],
			[
				-0.33621299266815186,
				0.37566596269607544,
				-0.21523058414459229,
				0.10471838712692261,
				0.3632744550704956,
				0.19577355682849884,
				0.3228638172149658,
				-0.14733381569385529
			],
			[
				0.5710951685905457,
				0.1132262647151947,
				0.17822861671447754,
				0.21628710627555847,
				-0.43388116359710693,
				0.18085767328739166,
				0.8843127489089966,
				0.11561138182878494
			],
			[
				0.8432361483573914,
				0.3976774215698242,
				-0.10969823598861694,
				0.13605757057666779,
				-0.2303069829940796,
				-0.11505499482154846,
				0.028789306059479713,
				0.24865391850471497
			],
			[
				1.0113399028778076,
				0.26869672536849976,
				-0.14702188968658447,
				0.06570006906986237,
				-0.19648392498493195,
				-0.487836092710495,
				0.5474337935447693,
				-0.4144977331161499
			],
			[
				0.9988920092582703,
				-0.08471345901489258,
				0.18587327003479004,
				-0.2736080586910248,
				0.2932804226875305,
				0.02293146774172783,
				0.14773955941200256,
				0.026937754824757576
			],
			[
				0.04757540673017502,
				-0.27140605449676514,
				0.3742275834083557,
				0.108050636947155,
				-0.06280505657196045,
				0.09862920641899109,
				-0.09483479708433151,
				0.23828257620334625
			],
			[
				0.3682706356048584,
				0.44456493854522705,
				-0.11277103424072266,
				-0.39838337898254395,
				-0.33828091621398926,
				-0.186201810836792,
				0.3107961416244507,
				0.21380174160003662
			],
			[
				1.0156015157699585,
				-0.09816595911979675,
				-0.18699689209461212,
				0.14815208315849304,
				0.16236376762390137,
				0.4238118827342987,
				0.5273022651672363,
				-0.447787344455719
			],
			[
				-0.27229171991348267,
				0.10715687274932861,
				-0.2170175313949585,
				0.3966001868247986,
				-0.42353808879852295,
				0.13546915352344513,
				0.3504238724708557,
				-0.06146590784192085
			],
			[
				0.719028890132904,
				0.2626621723175049,
				0.08895885944366455,
				-0.17590628564357758,
				-0.06572139263153076,
				-0.32316792011260986,
				0.5151734948158264,
				0.2622097432613373
			],
			[
				0.5265630483627319,
				-0.11834598332643509,
				-0.14888425171375275,
				-0.4513952434062958,
				-0.19503028690814972,
				0.14633338153362274,
				0.8936359286308289,
				0.3780098259449005
			],
			[
				0.9971252679824829,
				-0.37678027153015137,
				-0.4403735399246216,
				-0.49171409010887146,
				-0.4793410301208496,
				0.11319253593683243,
				0.2493714839220047,
				-0.055146731436252594
			],
			[
				-0.038236260414123535,
				-0.35318052768707275,
				0.3018054962158203,
				0.24402248859405518,
				-0.4118008613586426,
				0.0675119161605835,
				0.3120760917663574,
				-0.30566835403442383
			],
			[
				0.2734537124633789,
				-0.04489696025848389,
				0.17324256896972656,
				-0.20303642749786377,
				-0.30500221252441406,
				-0.45651161670684814,
				0.11923158168792725,
				-0.28903627395629883
			],
			[
				0.7049800157546997,
				-0.28819024562835693,
				0.2618717551231384,
				0.3161144256591797,
				-0.0298590287566185,
				-0.3783349394798279,
				0.7223460078239441,
				0.18568213284015656
			]
		],
		"weight_2": -1,
		"weight_3": -1.0156015157699585,
		"weight_4": 1.0156015157699585,
		"weight_5": -0.5658519268035889,
		"weight_6": 9.03037166595459
	},
	"layer_3": {
		"weight_0": [
			0.6053845286369324,
			-0.01440737210214138,
			0.5713549852371216,
			-0.21215850114822388
		],
		"weight_1": [
			[
				0.9124724268913269,
				-0.19725558161735535,
				0.74239581823349,
				0.42676177620887756
			],
			[
				-0.4652197062969208,
				0.11982297897338867,
				-0.5768407583236694,
				-0.002437293529510498
			],
			[
				-0.3750362992286682,
				-0.6771910786628723,
				0.662239134311676,
				0.26403969526290894
			],
			[
				-0.41702383756637573,
				-0.5186518430709839,
				0.3432065546512604,
				0.5505344867706299
			],
			[
				0.643803060054779,
				0.015434503555297852,
				-0.6412966251373291,
				0.40429824590682983
			],
			[
				-0.6244941353797913,
				0.3639741837978363,
				-0.23798857629299164,
				-0.7342329621315002
			],
			[
				0.35316339135169983,
				0.06074374541640282,
				0.3102863132953644,
				-0.8308424949645996
			],
			[
				-0.5078840255737305,
				-0.20229248702526093,
				-0.1621953397989273,
				-0.010651913471519947
			]
		],
		"weight_2": -1,
		"weight_3": -0.9124724268913269,
		"weight_4": 0.9124724268913269,
		"weight_5": -0.5658519268035889,
		"weight_6": 8.001785278320312
	},
	"layer_4": {
		"weight_0": [
			2.955240488052368
		],
		"weight_1": [
			[
				1.0721068382263184
			],
			[
				-1.0830738544464111
			],
			[
				1.0257716178894043
			],
			[
				-0.7809953689575195
			]
		],
		"weight_2": -1,
		"weight_3": -1.0830738544464111,
		"weight_4": 1.0830738544464111,
		"weight_5": -0.5658519268035889,
		"weight_6": 13.861732482910156
	}
}