{
	"layer_0": {
		"weight_0": 0.0,
		"weight_1": 1.0,
		"weight_2": -1
	},
	"layer_1": {
		"weight_0": [
			0.24327920377254486,
			0.5215494632720947,
			0.5795426368713379,
			0.3165152072906494,
			0.6220526099205017,
			0.609677255153656,
			0.3832279145717621,
			0.0,
			0.5884215235710144,
			0.0,
			0.0,
			0.6778913140296936,
			0.41618943214416504,
			0.6011973023414612,
			-0.22931890189647675,
			0.5522889494895935
		],
		"weight_1": [
			[
				0.5489423274993896,
				1.042504072189331,
				0.7245581150054932,
				0.703687846660614,
				1.083325982093811,
				0.9070131778717041,
				0.8926835060119629,
				-0.4158458113670349,
				1.6243780851364136,
				-0.5038869976997375,
				-0.4811643958091736,
				1.444828987121582,
				0.7973067164421082,
				0.7922823429107666,
				0.245886892080307,
				1.293619155883789
			],
			[
				-1.442691683769226,
				-0.3552204668521881,
				-0.40694236755371094,
				-1.7246168851852417,
				-0.5720399618148804,
				-0.5726915597915649,
				-1.7560701370239258,
				-0.33192136883735657,
				-0.5739551782608032,
				-0.06536537408828735,
				-0.24298641085624695,
				-0.6766331791877747,
				-1.7394671440124512,
				-0.4964771568775177,
				-0.13906632363796234,
				-0.2931327521800995
			]
		],
		"weight_2": -1,
		"weight_3": -1.7562332153320312,
		"weight_4": 1.7562332153320312,
		"weight_5": -0.5658519268035889,
		"weight_6": 2.4042410850524902
	},
	"layer_2": {
		"weight_0": [
			0.44204264879226685,
			0.24962082505226135,
			0.55000901222229,
			0.0513252429664135,
			-0.017268158495426178,
			0.07473117113113403,
			0.5392832159996033,
			0.5375982522964478
		],
		"weight_1": [
			[
				0.5751022696495056,
				-0.500864565372467,
				0.8985511660575867,
				-0.5980196595191956,
				0.11515367031097412,
				-0.5319874286651611,
				1.44297456741333,
				0.6312252283096313
			],
			[
				0.31552356481552124,
				-0.4885944128036499,
				0.4867731034755707,
				-0.43433040380477905,
				-0.11857516318559647,
				-0.265407919883728,
				0.03643306344747543,
				0.2920002341270447
			],
			[
				0.06675455719232559,
				0.11402110010385513,
				0.18703022599220276,
				0.5620142221450806,
				-0.42465952038764954,
				-0.318697988986969,
				0.41569784283638,
				0.0703948587179184
			],
			[
				1.570963978767395,
				-0.3528389036655426,
				1.7351036071777344,
				-0.40228214859962463,
				-0.02714681625366211,
				-0.355613648891449,
				1.9456113576889038,
				1.8870694637298584
			],
			[
				0.5229527354240417,
				0.3404792249202728,
				0.4853741526603699,
				-0.10249944776296616,
				-0.15086281299591064,
				0.5900178551673889,
				0.22601386904716492,
				1.0573220252990723
			],
			[
				0.3685092031955719,
				0.07835324853658676,
				0.699837863445282,
				0.26393672823905945,
				-0.3532360792160034,
				0.5386764407157898,
				0.9013413190841675,
				0.14020493626594543
			],
			[
				0.7707182765007019,
				0.21831537783145905,
				1.1553995609283447,
				-0.17302516102790833,
				-0.3113905191421509,
				-0.11553557217121124,
				1.418745756149292,
				1.513946533203125
			],
			[
				0.06193649768829346,
				0.4029562473297119,
				0.27722227573394775,
				0.11307406425476074,
				-0.013647675514221191,
				0.1436140537261963,
				0.43896591663360596,
				0.4764760732650757
			],
			[
				0.5701895356178284,
				-0.5812563896179199,
				0.6657277345657349,
				-0.035928837954998016,
				-0.4584634304046631,
				0.056690577417612076,
				0.8078230619430542,
				0.8670876026153564
			],
			[
				-0.18490660190582275,
				0.11846983432769775,
				0.4865405559539795,
				0.1074293851852417,
				0.2656879425048828,
				0.11764025688171387,
				0.001367807388305664,
				-0.445703387260437
			],
			[
				0.4466954469680786,
				-0.41730523109436035,
				-0.12615787982940674,
				-0.11674690246582031,
				-0.14592671394348145,
				-0.2693876028060913,
				0.05377674102783203,
				0.45373833179473877
			],
			[
				0.9385249018669128,
				0.07525236159563065,
				1.0084168910980225,
				0.41475385427474976,
				-0.47561895847320557,
				0.12441861629486084,
				0.9357056617736816,
				0.931634783744812
			],
			[
				1.312320590019226,
				0.18122421205043793,
				2.0341055393218994,
				-0.8172879815101624,
				0.10178935527801514,
				-0.8274345993995667,
				2.0134575366973877,
				2.0294899940490723
			],
			[
				0.3224298059940338,
				0.23092086613178253,
				0.28089696168899536,
				0.5937051773071289,
				-0.4915187954902649,
				0.4008536636829376,
				0.5346212983131409,
				0.4577610194683075
			],
			[
				0.030731525272130966,
				-0.1764489710330963,
				-0.03394901752471924,
				-0.21761082112789154,
				0.01646578311920166,
				-0.10618102550506592,
				-0.1539556086063385,
				-0.09963380545377731
			],
			[
				0.23193249106407166,
				-0.003777007106691599,
				0.3783721625804901,
				-0.0423741340637207,
				0.308969646692276,
				-0.09222766011953354,
				0.29739910364151,
				0.17819742858409882
			]
		],
		"weight_2": -1,
		"weight_3": -2.033935546875,
		"weight_4": 2.033935546875,
		"weight_5": -0.5658519268035889,
		"weight_6": 11.55801773071289
	},
	"layer_3": {
		"weight_0": [
			0.5356194376945496,
			0.0,
			0.0,
			0.5266411304473877
		],
		"weight_1": [
			[
				0.21385259926319122,
				-0.42172861099243164,
				-0.04615449905395508,
				0.9043776392936707
			],
			[
				-0.020275533199310303,
				0.32051461935043335,
				-0.2895534038543701,
				-0.9359753131866455
			],
			[
				1.4788213968276978,
				-0.5557581186294556,
				-0.008309364318847656,
				0.8929318189620972
			],
			[
				-1.4338181018829346,
				-0.5540902614593506,
				0.25341278314590454,
				-1.0197820663452148
			],
			[
				-0.2265072762966156,
				0.20688199996948242,
				0.16127443313598633,
				0.6701011061668396
			],
			[
				-0.6479251980781555,
				0.2007262110710144,
				0.251178503036499,
				-1.0878866910934448
			],
			[
				0.8327747583389282,
				0.5442368388175964,
				-0.34986940026283264,
				1.1781388521194458
			],
			[
				0.7586213946342468,
				-0.6730588674545288,
				-0.2730913460254669,
				1.195968747138977
			]
		],
		"weight_2": -1,
		"weight_3": -1.4781476259231567,
		"weight_4": 1.4781476259231567,
		"weight_5": -0.5658519268035889,
		"weight_6": 36.765472412109375
	},
	"layer_4": {
		"weight_0": [
			0.523417592048645
		],
		"weight_1": [
			[
				1.3004271984100342
			],
			[
				0.00035750865936279297
			],
			[
				-0.5359914302825928
			],
			[
				1.9854745864868164
			]
		],
		"weight_2": -1,
		"weight_3": -1.9854745864868164,
		"weight_4": 1.9854745864868164,
		"weight_5": -0.5658519268035889,
		"weight_6": 84.95730590820312
	}
}