{
	"layer_0": {
		"weight_0": [
			[
				-0.09304797649383545,
				5.055205821990967,
				3.01015043258667,
				0.7439704537391663,
				-0.07465696334838867,
				1.0047695636749268,
				-0.293572336435318,
				-0.0029671788215637207,
				0.7451531887054443,
				-0.4534432888031006,
				1.695862054824829,
				3.277561664581299,
				-0.4023284316062927,
				-1.8358337879180908,
				-0.4955914616584778,
				0.7536290287971497
			],
			[
				-0.5561276078224182,
				-0.05133296549320221,
				-0.5967932939529419,
				-3.9617862701416016,
				-0.3463149666786194,
				-0.01077326387166977,
				-0.519382655620575,
				-0.39934077858924866,
				-1.354536533355713,
				-0.5064394474029541,
				-0.48494863510131836,
				-2.5970544815063477,
				6.418581962585449,
				5.372705459594727,
				-0.36413145065307617,
				-2.3159282207489014
			]
		],
		"weight_1": [
			0.0,
			0.21644236147403717,
			0.6035491228103638,
			0.54591304063797,
			0.0,
			0.9147418737411499,
			0.0,
			0.0,
			0.6370022892951965,
			0.0,
			0.48298245668411255,
			0.09629922360181808,
			0.025079529732465744,
			0.16775716841220856,
			0.0,
			0.8511782884597778
		]
	},
	"layer_1": {
		"weight_0": [
			[
				-0.39489710330963135,
				0.48257625102996826,
				0.2340792417526245,
				-0.24376583099365234,
				-0.4147711992263794,
				-0.32848501205444336,
				0.1824585199356079,
				-0.3685929775238037
			],
			[
				-0.5275624990463257,
				1.2685120105743408,
				0.49604183435440063,
				-0.33919239044189453,
				1.1141115427017212,
				-0.5325524806976318,
				1.0215049982070923,
				0.12154558300971985
			],
			[
				-0.5558733940124512,
				1.5679243803024292,
				0.33909907937049866,
				0.47551262378692627,
				0.9639895558357239,
				0.3648182451725006,
				0.7190343141555786,
				-0.07937555015087128
			],
			[
				1.582445502281189,
				-0.11260165274143219,
				0.010741034522652626,
				4.199881076812744,
				1.783670425415039,
				2.0077426433563232,
				1.3993747234344482,
				1.0203490257263184
			],
			[
				-0.17168545722961426,
				0.17916250228881836,
				0.30625832080841064,
				-0.08446705341339111,
				-0.4748244285583496,
				0.02858912944793701,
				0.09851181507110596,
				0.17263329029083252
			],
			[
				-0.5084834694862366,
				0.3712210953235626,
				-0.5160160660743713,
				0.08911695331335068,
				0.6111925840377808,
				-0.2591201663017273,
				0.35756155848503113,
				-0.8086687922477722
			],
			[
				0.07730674743652344,
				-0.24359381198883057,
				-0.07467424869537354,
				0.07371389865875244,
				-0.12884390354156494,
				0.4061645269393921,
				-0.035919904708862305,
				0.014605998992919922
			],
			[
				0.2396296262741089,
				-0.33140015602111816,
				-0.41581618785858154,
				0.11254549026489258,
				0.18521857261657715,
				0.2632054090499878,
				-0.012172222137451172,
				0.45040929317474365
			],
			[
				0.7841019630432129,
				-0.34320780634880066,
				-0.7796097993850708,
				1.3861510753631592,
				1.3183296918869019,
				1.062219500541687,
				1.0595417022705078,
				0.45247024297714233
			],
			[
				-0.4879413843154907,
				-0.2057095766067505,
				-0.32374751567840576,
				0.4262969493865967,
				0.4200310707092285,
				-0.08215928077697754,
				0.09343409538269043,
				-0.4711322784423828
			],
			[
				0.53207927942276,
				0.8499366641044617,
				0.2996443510055542,
				0.3733006715774536,
				1.1889092922210693,
				0.4644615054130554,
				0.5654480457305908,
				0.4151228666305542
			],
			[
				1.2071994543075562,
				2.8833248615264893,
				0.8429722189903259,
				-0.23238785564899445,
				0.213828906416893,
				0.15667149424552917,
				1.3265408277511597,
				2.478121519088745
			],
			[
				-5.2536516189575195,
				0.5093405842781067,
				0.26627638936042786,
				-1.400281548500061,
				0.10830485075712204,
				-2.6588587760925293,
				0.704932689666748,
				-4.57329797744751
			],
			[
				-4.298056125640869,
				-0.28473514318466187,
				-0.15256860852241516,
				-0.8346422910690308,
				-0.29320207238197327,
				-3.8972654342651367,
				-0.8876133561134338,
				-4.861374855041504
			],
			[
				-0.2614872455596924,
				0.4700186252593994,
				0.47315454483032227,
				-0.10899686813354492,
				0.11838412284851074,
				-0.20679092407226562,
				0.3555409908294678,
				-0.35668063163757324
			],
			[
				1.346582293510437,
				-0.05749359354376793,
				-0.47070056200027466,
				1.3512555360794067,
				0.92046719789505,
				1.1969022750854492,
				0.6569065451622009,
				1.003235936164856
			]
		],
		"weight_1": [
			0.7136346697807312,
			-1.5905123949050903,
			-1.200780987739563,
			2.2576744556427,
			0.6665630340576172,
			0.589497983455658,
			-0.4644661247730255,
			0.338736355304718
		]
	},
	"layer_2": {
		"weight_0": [
			[
				5.62179708480835,
				-4.228189945220947,
				0.28917768597602844,
				4.705232620239258
			],
			[
				-0.8518267273902893,
				1.133788824081421,
				-4.791585922241211,
				-1.1282048225402832
			],
			[
				-2.614741563796997,
				-2.32729434967041,
				0.4088861644268036,
				-2.681445360183716
			],
			[
				1.1659634113311768,
				0.05645423009991646,
				0.36602264642715454,
				0.4895394444465637
			],
			[
				0.8913589119911194,
				0.9263367056846619,
				0.27480176091194153,
				1.2436611652374268
			],
			[
				2.3686325550079346,
				-0.08516846597194672,
				0.9198850989341736,
				1.4555995464324951
			],
			[
				1.0238476991653442,
				0.23215100169181824,
				-0.16581156849861145,
				1.0691367387771606
			],
			[
				2.8547520637512207,
				-4.206526279449463,
				-2.5236356258392334,
				2.457780361175537
			]
		],
		"weight_1": [
			0.7607417106628418,
			1.494580864906311,
			4.366910934448242,
			0.7146008014678955
		]
	},
	"layer_3": {
		"weight_0": [
			[
				1.881388545036316
			],
			[
				2.244751214981079
			],
			[
				-5.249698162078857
			],
			[
				1.2415728569030762
			]
		],
		"weight_1": [
			0.3696316182613373
		]
	}
}