{
	"layer_0": {
		"weight_0": [
			[
				-0.550262451171875,
				1.0169048309326172,
				-0.24144616723060608,
				1.0490739345550537,
				-0.3664991855621338,
				0.013911807909607887,
				0.9766864776611328,
				0.9171553254127502,
				0.7444879412651062,
				-0.21203598380088806,
				0.35236719250679016,
				0.7713876962661743,
				0.5933080911636353,
				0.48744603991508484,
				1.2721459865570068,
				0.7459940910339355
			],
			[
				-0.48802560567855835,
				-0.6582383513450623,
				1.5376781225204468,
				-0.31539052724838257,
				-0.14520269632339478,
				0.0064959959127008915,
				-0.8661564588546753,
				-0.07629285752773285,
				-1.2610667943954468,
				-0.2081875503063202,
				-0.18212713301181793,
				-0.6907323002815247,
				-1.2022311687469482,
				-1.7170255184173584,
				-0.028436973690986633,
				-0.48695820569992065
			]
		],
		"weight_1": [
			0.0,
			0.7634548544883728,
			0.20156756043434143,
			0.725473940372467,
			0.0,
			-0.021618269383907318,
			0.8165201544761658,
			0.6925045847892761,
			0.2053205966949463,
			0.0,
			0.8209732174873352,
			0.7150954604148865,
			0.1906943917274475,
			0.43925756216049194,
			0.7606630921363831,
			0.7795210480690002
		]
	},
	"layer_1": {
		"weight_0": [
			[
				-0.15939855575561523,
				-0.3568582534790039,
				0.42751097679138184,
				0.35101771354675293,
				0.08526110649108887,
				0.12995660305023193,
				-0.228743314743042,
				0.07583630084991455
			],
			[
				-0.138236403465271,
				0.45323944091796875,
				1.2709178924560547,
				0.976309597492218,
				1.2284451723098755,
				1.3309370279312134,
				0.04679882526397705,
				0.6975700259208679
			],
			[
				0.06998356431722641,
				-0.9807977676391602,
				-1.5911812782287598,
				-1.2442221641540527,
				-1.4438279867172241,
				-1.3447853326797485,
				0.37448248267173767,
				-1.3404541015625
			],
			[
				-0.37757647037506104,
				0.6948866844177246,
				0.5656158328056335,
				0.8778114318847656,
				0.8339442610740662,
				0.2455621361732483,
				-0.5262347459793091,
				0.9770981669425964
			],
			[
				-0.09411990642547607,
				0.32649409770965576,
				0.3845411539077759,
				-0.49210572242736816,
				0.14434421062469482,
				-0.20883071422576904,
				0.3577994108200073,
				-0.024527549743652344
			],
			[
				-0.14601969718933105,
				0.16186264157295227,
				0.3025088310241699,
				0.23005960881710052,
				0.09240017831325531,
				-0.4728580713272095,
				0.3138362169265747,
				0.13279633224010468
			],
			[
				-0.37104642391204834,
				1.3869010210037231,
				1.0243476629257202,
				0.9071213603019714,
				1.4359962940216064,
				1.1662397384643555,
				-0.0026176385581493378,
				0.792637825012207
			],
			[
				-0.24704426527023315,
				0.18810763955116272,
				-0.12568283081054688,
				-0.06432520598173141,
				0.16719040274620056,
				0.5873910188674927,
				-0.1842641830444336,
				0.37384939193725586
			],
			[
				0.23933778703212738,
				0.8240428566932678,
				1.349935531616211,
				0.9056857228279114,
				1.0167924165725708,
				1.002781629562378,
				-0.24885182082653046,
				1.4629318714141846
			],
			[
				-0.4016927480697632,
				0.2177058458328247,
				-0.0619196891784668,
				-0.43059051036834717,
				0.2499551773071289,
				-0.35291481018066406,
				-0.2033597230911255,
				-0.19371402263641357
			],
			[
				-0.4125927686691284,
				0.9118146896362305,
				0.31646496057510376,
				0.635175883769989,
				0.826729416847229,
				0.7526147961616516,
				-0.5286111235618591,
				0.4181341230869293
			],
			[
				0.1288663148880005,
				1.23085355758667,
				1.2872366905212402,
				1.0944167375564575,
				0.9007627964019775,
				0.5327996611595154,
				-0.31054627895355225,
				1.3732764720916748
			],
			[
				0.10545168071985245,
				1.3491040468215942,
				1.0151793956756592,
				1.132871389389038,
				1.2793939113616943,
				0.8603193759918213,
				0.4045068025588989,
				0.8131002187728882
			],
			[
				0.05238521099090576,
				1.5653455257415771,
				1.4414994716644287,
				1.764591097831726,
				2.1978325843811035,
				2.1250503063201904,
				0.14611470699310303,
				1.5430288314819336
			],
			[
				-0.2245440036058426,
				0.4328313171863556,
				-0.2143087387084961,
				0.4944173991680145,
				0.7044329643249512,
				0.539263129234314,
				-0.45075318217277527,
				0.5588247179985046
			],
			[
				0.40396666526794434,
				0.9504865407943726,
				0.8446767926216125,
				0.2986161708831787,
				1.0353503227233887,
				1.1926723718643188,
				0.2869807481765747,
				0.7534225583076477
			]
		],
		"weight_1": [
			-0.005774097517132759,
			0.7420363426208496,
			0.653720498085022,
			0.7000255584716797,
			0.7420396208763123,
			0.7713786959648132,
			-0.03612910583615303,
			0.7235736846923828
		]
	},
	"layer_2": {
		"weight_0": [
			[
				0.47077351808547974,
				-0.13121020793914795,
				-0.2192535549402237,
				0.017585409805178642
			],
			[
				-0.47098058462142944,
				0.16019397974014282,
				1.3223061561584473,
				0.2519998252391815
			],
			[
				-0.18845897912979126,
				0.26500940322875977,
				1.4856332540512085,
				0.1827414631843567
			],
			[
				-0.6501711010932922,
				0.37272390723228455,
				1.5414259433746338,
				-0.43599581718444824
			],
			[
				-0.4655478596687317,
				-0.07275188714265823,
				1.2987828254699707,
				-0.6387620568275452
			],
			[
				-0.6425575017929077,
				-0.6288207173347473,
				1.4670087099075317,
				0.26655304431915283
			],
			[
				-0.06138521432876587,
				0.6134181618690491,
				-0.6130378246307373,
				0.5741227865219116
			],
			[
				-0.6194456815719604,
				0.02717338316142559,
				1.3279083967208862,
				-0.07183972746133804
			]
		],
		"weight_1": [
			0.0,
			-0.31573763489723206,
			0.8609122037887573,
			-0.07644180953502655
		]
	},
	"layer_3": {
		"weight_0": [
			[
				0.37439286708831787
			],
			[
				-0.5569947361946106
			],
			[
				1.2055944204330444
			],
			[
				-0.7317234873771667
			]
		],
		"weight_1": [
			0.837468147277832
		]
	}
}