{
	"layer_0": {
		"weight_0": 0.0,
		"weight_1": 1.0,
		"weight_2": -1
	},
	"layer_1": {
		"weight_0": [
			-0.06582745164632797,
			0.0,
			0.5681732892990112,
			0.4356061518192291,
			0.5490069389343262,
			0.26125437021255493,
			0.5885748863220215,
			0.0,
			0.0,
			0.4203339219093323,
			-0.09541004151105881,
			0.47603940963745117,
			0.0,
			0.6392103433609009,
			0.608153223991394,
			0.5779829025268555
		],
		"weight_1": [
			[
				0.08500286936759949,
				-0.1897924244403839,
				1.9985265731811523,
				0.8889305591583252,
				1.0756653547286987,
				0.7849417328834534,
				1.415928840637207,
				-0.02366703748703003,
				-0.3569762110710144,
				1.0603938102722168,
				0.16477233171463013,
				1.1423338651657104,
				-0.2126559615135193,
				1.1212130784988403,
				1.5136723518371582,
				1.7747418880462646
			],
			[
				-0.18927618861198425,
				-0.19139176607131958,
				-0.27755340933799744,
				-1.4867628812789917,
				-0.4040822684764862,
				-1.3389058113098145,
				-0.5471445322036743,
				-0.007742583751678467,
				-0.016868174076080322,
				-1.8378894329071045,
				-0.5217126607894897,
				-1.8664090633392334,
				-0.4089420735836029,
				-0.6366020441055298,
				-0.5934336185455322,
				-0.5305712819099426
			]
		],
		"weight_2": -1,
		"weight_3": -1.9985265731811523,
		"weight_4": 1.9985265731811523,
		"weight_5": -0.5658519268035889,
		"weight_6": 2.6150951385498047
	},
	"layer_2": {
		"weight_0": [
			0.5605131983757019,
			-0.02770807594060898,
			-0.18954841792583466,
			0.0,
			0.0,
			0.0,
			0.0,
			0.56012362241745
		],
		"weight_1": [
			[
				-0.01652802713215351,
				0.05691397190093994,
				0.019256221130490303,
				-0.3543168306350708,
				-0.3148069381713867,
				-0.06405580043792725,
				0.45399320125579834,
				-0.4182116687297821
			],
			[
				-0.25723326206207275,
				-0.4922811985015869,
				-0.48741865158081055,
				-0.11547386646270752,
				0.402446985244751,
				-0.404796838760376,
				0.1369551420211792,
				0.3782716989517212
			],
			[
				0.6015535593032837,
				-0.4546613097190857,
				0.532288670539856,
				-0.3017385005950928,
				-0.46299540996551514,
				-0.4744192361831665,
				-0.2949267625808716,
				0.7985552549362183
			],
			[
				0.9978004693984985,
				-0.3457337021827698,
				-0.4526394009590149,
				-0.12841320037841797,
				-0.2837812900543213,
				-0.22140157222747803,
				0.3741105794906616,
				1.5513739585876465
			],
			[
				0.3403001129627228,
				0.3281210958957672,
				-0.2705715000629425,
				-0.02053546905517578,
				0.37744224071502686,
				0.49792206287384033,
				0.3134799003601074,
				-0.015477376990020275
			],
			[
				1.0736812353134155,
				-0.45365965366363525,
				-0.553120493888855,
				-0.2819242477416992,
				0.020216941833496094,
				-0.18061470985412598,
				-0.18191134929656982,
				1.2018316984176636
			],
			[
				0.951999306678772,
				-0.32388606667518616,
				0.07751835882663727,
				-0.24627423286437988,
				-0.06724417209625244,
				-0.40139472484588623,
				-0.28769516944885254,
				0.3109152019023895
			],
			[
				-0.20175468921661377,
				-0.3600804805755615,
				0.47941577434539795,
				0.42703473567962646,
				-0.33997058868408203,
				0.1707477569580078,
				-0.04752242565155029,
				0.21661627292633057
			],
			[
				-0.23884356021881104,
				0.17181766033172607,
				0.15464353561401367,
				0.05547308921813965,
				-0.4211519956588745,
				-0.2650099992752075,
				0.026638031005859375,
				0.44929325580596924
			],
			[
				1.5666996240615845,
				0.44630908966064453,
				-0.7613765597343445,
				-0.3826087713241577,
				-0.4569859504699707,
				0.3412395715713501,
				-0.4705085754394531,
				2.260467529296875
			],
			[
				-0.26245200634002686,
				0.050989747047424316,
				-0.2260490506887436,
				-0.22607314586639404,
				0.20143568515777588,
				0.23084592819213867,
				0.39449524879455566,
				-0.07128086686134338
			],
			[
				1.6108556985855103,
				0.263233482837677,
				-0.5362715125083923,
				0.2870497703552246,
				0.40199244022369385,
				-0.2694200277328491,
				0.07277560234069824,
				1.9844223260879517
			],
			[
				-0.47230374813079834,
				0.29936087131500244,
				-0.30743420124053955,
				-0.4194754362106323,
				-0.09822094440460205,
				-0.22494304180145264,
				0.4146963357925415,
				0.13323771953582764
			],
			[
				0.7476981282234192,
				0.2302026003599167,
				0.5569711327552795,
				-0.0988854169845581,
				-0.2318570613861084,
				-0.477530837059021,
				-0.3116039037704468,
				1.0003777742385864
			],
			[
				1.0034993886947632,
				0.002527173375710845,
				0.29867610335350037,
				0.11078548431396484,
				-0.11516809463500977,
				-0.31969499588012695,
				0.021958589553833008,
				0.5426060557365417
			],
			[
				1.1495658159255981,
				-0.03370973840355873,
				0.5181242823600769,
				0.30479955673217773,
				-0.3485623598098755,
				0.1781904697418213,
				0.016721487045288086,
				0.8694204688072205
			]
		],
		"weight_2": -1,
		"weight_3": -2.260467529296875,
		"weight_4": 2.260467529296875,
		"weight_5": -0.5658519268035889,
		"weight_6": 13.842039108276367
	},
	"layer_3": {
		"weight_0": [
			0.0,
			0.0,
			0.5546624064445496,
			0.553916335105896
		],
		"weight_1": [
			[
				-0.6465436220169067,
				-0.46095752716064453,
				1.5438543558120728,
				1.4231849908828735
			],
			[
				0.47039705514907837,
				-0.3460520803928375,
				-0.15319769084453583,
				-0.3221401870250702
			],
			[
				0.4052702784538269,
				0.39294344186782837,
				-0.702779233455658,
				-0.38045671582221985
			],
			[
				0.48107022047042847,
				-0.14363479614257812,
				-0.5857858657836914,
				-0.32541143894195557
			],
			[
				0.558219850063324,
				-0.2549724280834198,
				0.38557785749435425,
				-0.3368033766746521
			],
			[
				-0.3096466660499573,
				0.06668746471405029,
				0.5397271513938904,
				0.4473668932914734
			],
			[
				0.1405346393585205,
				-0.2400878369808197,
				0.35712915658950806,
				-0.3875712752342224
			],
			[
				-0.022131621837615967,
				-0.07200318574905396,
				1.6911425590515137,
				1.7953848838806152
			]
		],
		"weight_2": -1,
		"weight_3": -1.794543981552124,
		"weight_4": 1.794543981552124,
		"weight_5": -0.5658519268035889,
		"weight_6": 35.47803497314453
	},
	"layer_4": {
		"weight_0": [
			0.5467925071716309
		],
		"weight_1": [
			[
				0.7018961906433105
			],
			[
				-0.6836103200912476
			],
			[
				1.4406481981277466
			],
			[
				1.5056672096252441
			]
		],
		"weight_2": -1,
		"weight_3": -1.5047812461853027,
		"weight_4": 1.5047812461853027,
		"weight_5": -0.5658519268035889,
		"weight_6": 72.17049407958984
	}
}