{
	"layer_0": {
		"weight_0": [
			[
				-0.5647949576377869,
				0.41624411940574646,
				-0.3500436842441559,
				0.7840684652328491,
				2.170703887939453,
				-0.399665892124176,
				-0.32661038637161255,
				0.7578100562095642,
				-0.2598915994167328,
				0.46409404277801514,
				1.5237247943878174,
				4.203408241271973,
				0.23482000827789307,
				-0.5079920291900635,
				-0.4005832076072693,
				0.079579196870327
			],
			[
				-0.2155636101961136,
				-1.4502334594726562,
				2.25941801071167,
				-7.907936096191406,
				0.3388608396053314,
				-0.47027069330215454,
				-0.4907219409942627,
				-0.5148424506187439,
				-0.5573245286941528,
				-2.2857046127319336,
				0.2561529278755188,
				0.5481167435646057,
				-0.36532002687454224,
				-0.013864338397979736,
				-0.5628165006637573,
				0.5301681756973267
			]
		],
		"weight_1": [
			1.000308632850647,
			0.6192063093185425,
			0.22137854993343353,
			0.16893605887889862,
			0.003626580350100994,
			0.0,
			0.0,
			0.20817746222019196,
			0.0,
			0.5428991913795471,
			-0.7331933379173279,
			0.004442040342837572,
			-0.18705002963542938,
			0.0,
			0.0,
			0.6413049697875977
		]
	},
	"layer_1": {
		"weight_0": [
			[
				0.7140334248542786,
				0.22705617547035217,
				0.6779493689537048,
				0.044026147574186325,
				-0.06801681220531464,
				0.13968780636787415,
				0.31714990735054016,
				0.6141665577888489
			],
			[
				-0.34407731890678406,
				0.9264569878578186,
				1.142736792564392,
				0.470009446144104,
				0.894865870475769,
				0.6451156139373779,
				0.8802323341369629,
				0.4487150013446808
			],
			[
				0.004338311031460762,
				-0.47177767753601074,
				0.5764264464378357,
				-3.0945751667022705,
				-0.27152299880981445,
				-0.2499639093875885,
				-2.0951499938964844,
				-0.7287256717681885
			],
			[
				2.23972749710083,
				1.9960426092147827,
				-2.447322130203247,
				2.109267473220825,
				2.2058145999908447,
				2.274123191833496,
				2.1850132942199707,
				1.587996244430542
			],
			[
				-3.2554101943969727,
				0.7361951470375061,
				-2.1787004470825195,
				-0.3510141968727112,
				0.6338676810264587,
				0.7229365110397339,
				0.44515952467918396,
				0.5444602966308594
			],
			[
				-0.4077545404434204,
				-0.430217981338501,
				-0.23805058002471924,
				-0.4742763042449951,
				-0.2694627046585083,
				0.48462629318237305,
				-0.23311138153076172,
				0.08439099788665771
			],
			[
				-0.11909043788909912,
				0.328086256980896,
				0.3963587284088135,
				0.40630102157592773,
				-0.19501471519470215,
				0.13545656204223633,
				-0.3549840450286865,
				0.25092554092407227
			],
			[
				-0.28834429383277893,
				0.6543983817100525,
				0.32241639494895935,
				0.07770921289920807,
				0.49530524015426636,
				0.5615108013153076,
				0.9222360849380493,
				0.4211166203022003
			],
			[
				0.1318880319595337,
				-0.27207767963409424,
				-0.2792363166809082,
				-0.20419776439666748,
				0.12553715705871582,
				0.45016956329345703,
				0.46924734115600586,
				-0.19884514808654785
			],
			[
				0.5835191607475281,
				0.514681875705719,
				1.1214790344238281,
				1.4320483207702637,
				0.8136788606643677,
				1.2414361238479614,
				0.7318922877311707,
				1.397579550743103
			],
			[
				-0.3934626877307892,
				-0.6444992423057556,
				-1.4643462896347046,
				-0.4308701455593109,
				-1.2625330686569214,
				-0.9434331655502319,
				-0.3942229747772217,
				-0.6614885926246643
			],
			[
				-7.410712718963623,
				-0.19749829173088074,
				-2.7426910400390625,
				0.050709068775177,
				0.5192803144454956,
				-0.100066177546978,
				-0.33554607629776,
				0.36968955397605896
			],
			[
				0.006435965187847614,
				-0.26204732060432434,
				-0.44305264949798584,
				-0.22607679665088654,
				0.4159219264984131,
				-0.3005307614803314,
				-0.3324996531009674,
				-0.29817527532577515
			],
			[
				-0.17959070205688477,
				-0.005016803741455078,
				0.25793683528900146,
				-0.27236616611480713,
				0.05754673480987549,
				0.45968735218048096,
				-0.42618703842163086,
				0.4149407148361206
			],
			[
				0.22845757007598877,
				-0.4758007526397705,
				-0.08261752128601074,
				0.05570971965789795,
				-0.16975319385528564,
				-0.4928267002105713,
				-0.36640095710754395,
				0.06839025020599365
			],
			[
				0.6485414505004883,
				0.3316141366958618,
				0.2219437211751938,
				-0.3251170217990875,
				0.3831298351287842,
				-0.020177757367491722,
				-0.4389270544052124,
				0.5857172012329102
			]
		],
		"weight_1": [
			0.5026973485946655,
			0.378229558467865,
			0.8657709956169128,
			0.44266176223754883,
			0.36257204413414,
			0.3918488621711731,
			0.33073997497558594,
			0.3650669753551483
		]
	},
	"layer_2": {
		"weight_0": [
			[
				-0.3220718204975128,
				-3.0799405574798584,
				-2.5370852947235107,
				-2.358116865158081
			],
			[
				0.24643896520137787,
				0.8511725068092346,
				0.14804908633232117,
				0.8770521283149719
			],
			[
				-0.4000554382801056,
				-1.1126104593276978,
				-0.7941582202911377,
				-1.2366760969161987
			],
			[
				-0.0011262313928455114,
				2.988055944442749,
				3.1252307891845703,
				3.3884811401367188
			],
			[
				-0.737883448600769,
				0.6413508653640747,
				0.8287062644958496,
				1.5209205150604248
			],
			[
				0.12719054520130157,
				1.1293277740478516,
				0.30610576272010803,
				1.417425513267517
			],
			[
				-0.167141392827034,
				2.3544747829437256,
				1.9972281455993652,
				1.2881580591201782
			],
			[
				0.34506121277809143,
				0.682427167892456,
				0.9171182513237,
				0.6800326108932495
			]
		],
		"weight_1": [
			-0.09504470974206924,
			0.4152570068836212,
			0.42620548605918884,
			0.38702061772346497
		]
	},
	"layer_3": {
		"weight_0": [
			[
				-0.46206021308898926
			],
			[
				3.305126428604126
			],
			[
				3.2313785552978516
			],
			[
				2.889410972595215
			]
		],
		"weight_1": [
			0.40164273977279663
		]
	}
}