{
	"layer_0": {
		"weight_0": [
			[
				-0.32285621762275696,
				-0.24639108777046204,
				-0.3090271055698395,
				0.5223791599273682,
				0.8255141973495483,
				-0.44436201453208923,
				0.010447684675455093,
				-0.4478701949119568,
				-2.223971128463745,
				0.6343587636947632,
				-4.031266212463379,
				-0.30964571237564087,
				0.6218172907829285,
				-0.34977442026138306,
				1.320180892944336,
				0.7092593908309937
			],
			[
				-0.0642440915107727,
				-0.5329210758209229,
				-0.2953236699104309,
				-2.718057870864868,
				1.4360271692276,
				-0.4763716757297516,
				-0.3235284984111786,
				-0.06402605772018433,
				-2.168105363845825,
				1.6333661079406738,
				1.2971992492675781,
				-0.43879184126853943,
				-6.043172836303711,
				-0.37822192907333374,
				-1.3538583517074585,
				-1.6496765613555908
			]
		],
		"weight_1": [
			0.0,
			0.0,
			0.0,
			0.6975182890892029,
			0.8234853744506836,
			0.0,
			-0.0031622769311070442,
			0.0,
			1.268473505973816,
			0.7070180177688599,
			0.47150272130966187,
			0.0,
			0.19730179011821747,
			0.0,
			0.7241465449333191,
			0.6723889708518982
		]
	},
	"layer_1": {
		"weight_0": [
			[
				0.43135154247283936,
				0.32117974758148193,
				-0.4585520029067993,
				-0.32382893562316895,
				-0.32764172554016113,
				-0.02899038791656494,
				0.20784425735473633,
				-0.04164779186248779
			],
			[
				0.06250154972076416,
				0.47938835620880127,
				-0.3189241886138916,
				0.06995224952697754,
				0.4765666723251343,
				0.0784003734588623,
				-0.005676388740539551,
				-0.4370647668838501
			],
			[
				0.17812418937683105,
				-0.05206406116485596,
				0.3189661502838135,
				0.3551366329193115,
				-0.12005472183227539,
				-0.4528176784515381,
				0.45942676067352295,
				0.3394041061401367
			],
			[
				2.017355442047119,
				0.48701751232147217,
				1.102663516998291,
				-0.4853050708770752,
				0.5235456228256226,
				1.851525068283081,
				-0.13042695820331573,
				-0.022210756316781044
			],
			[
				0.09899026155471802,
				-0.21159648895263672,
				-0.01761431246995926,
				0.035066843032836914,
				0.3141297698020935,
				-0.9380342960357666,
				0.32269927859306335,
				0.11744609475135803
			],
			[
				0.43509185314178467,
				-0.10522305965423584,
				-0.4316490888595581,
				0.08647239208221436,
				0.01892721652984619,
				0.06326508522033691,
				0.32697057723999023,
				0.4275217056274414
			],
			[
				-0.12822596728801727,
				0.005529880523681641,
				-0.37749141454696655,
				-0.131744384765625,
				-0.31358861923217773,
				0.020216671749949455,
				0.04645562171936035,
				0.02296292781829834
			],
			[
				-0.23272216320037842,
				0.09691405296325684,
				-0.147638201713562,
				0.09831392765045166,
				-0.48406291007995605,
				0.4804316759109497,
				0.46147167682647705,
				0.4546159505844116
			],
			[
				-0.8235059976577759,
				-0.02388584613800049,
				-0.7434322834014893,
				-0.24221503734588623,
				-0.912784218788147,
				0.033349085599184036,
				0.10777830332517624,
				0.36678245663642883
			],
			[
				0.0009229116840288043,
				-0.048407554626464844,
				-0.08807465434074402,
				-0.3209751844406128,
				0.41021114587783813,
				-0.8425727486610413,
				-0.4524608552455902,
				-0.09937123954296112
			],
			[
				0.1691557765007019,
				-0.3244513273239136,
				-0.23024776577949524,
				-0.35527360439300537,
				-1.1312774419784546,
				-2.5488550662994385,
				0.01027834415435791,
				-0.292112797498703
			],
			[
				-0.2197573184967041,
				0.2086244821548462,
				0.457330584526062,
				-0.09891676902770996,
				-0.3025050163269043,
				-0.3051273822784424,
				-0.052500367164611816,
				0.24244260787963867
			],
			[
				2.0620412826538086,
				-0.14533698558807373,
				2.9482319355010986,
				-0.15727078914642334,
				2.4521052837371826,
				2.9731385707855225,
				0.2497163861989975,
				-0.17496740818023682
			],
			[
				-0.06045067310333252,
				-0.15328717231750488,
				-0.21801912784576416,
				-0.17361867427825928,
				-0.40273797512054443,
				0.17366242408752441,
				0.42753899097442627,
				-0.2324535846710205
			],
			[
				0.576522171497345,
				-0.2601886987686157,
				0.7556309700012207,
				-0.4382662773132324,
				0.9853159785270691,
				0.7414303421974182,
				-0.17905910313129425,
				-0.1899682581424713
			],
			[
				0.6680817604064941,
				-0.449393630027771,
				1.2127379179000854,
				-0.49207603931427,
				0.18868397176265717,
				0.13204026222229004,
				0.040352314710617065,
				-0.5857322216033936
			]
		],
		"weight_1": [
			0.60393887758255,
			0.0,
			0.6643604636192322,
			0.0,
			0.4486982226371765,
			0.6816200613975525,
			-0.03202953189611435,
			-0.09863713383674622
		]
	},
	"layer_2": {
		"weight_0": [
			[
				0.9478158354759216,
				0.5992087721824646,
				1.4399714469909668,
				0.7906330823898315
			],
			[
				0.5132433772087097,
				-0.23776403069496155,
				0.22271424531936646,
				0.22200530767440796
			],
			[
				1.4692257642745972,
				2.054002285003662,
				1.665053367614746,
				0.8880580067634583
			],
			[
				0.2634609341621399,
				0.021880805492401123,
				-0.32100000977516174,
				0.6963306069374084
			],
			[
				1.2910923957824707,
				1.241506814956665,
				1.7299569845199585,
				-4.15865421295166
			],
			[
				4.349569320678711,
				4.314981460571289,
				4.470897197723389,
				-0.3418167233467102
			],
			[
				-0.2648232579231262,
				-0.36628827452659607,
				-0.31106486916542053,
				0.05583411455154419
			],
			[
				0.6875841021537781,
				-0.4973660111427307,
				0.182887002825737,
				0.5064870715141296
			]
		],
		"weight_1": [
			0.46670499444007874,
			0.5496098399162292,
			0.5477197170257568,
			1.615921974182129
		]
	},
	"layer_3": {
		"weight_0": [
			[
				1.8720736503601074
			],
			[
				2.5912587642669678
			],
			[
				2.510357141494751
			],
			[
				-5.613240718841553
			]
		],
		"weight_1": [
			0.5610856413841248
		]
	}
}