{
	"layer_0": {
		"weight_0": [
			[
				1.0299872159957886,
				-0.5178278684616089,
				0.47275543212890625,
				-0.11351501941680908,
				-0.4341217279434204,
				0.4650644361972809,
				-0.1617049127817154,
				0.02861955761909485,
				-0.2949269711971283,
				-0.3418561816215515,
				7.3533148765563965,
				1.5980322360992432,
				-0.4397180676460266,
				0.06916321814060211,
				-0.5502666234970093,
				0.14605651795864105
			],
			[
				-8.64802360534668,
				-0.27292412519454956,
				-2.191344738006592,
				-0.0820244550704956,
				-0.3231669068336487,
				-3.4068782329559326,
				0.017514027655124664,
				-0.12457896023988724,
				-0.08516344428062439,
				-0.27652260661125183,
				0.03479572758078575,
				-0.8176475763320923,
				-0.2718547284603119,
				-0.4583947956562042,
				-0.5652278661727905,
				-0.03286280855536461
			]
		],
		"weight_1": [
			0.3452615439891815,
			0.0,
			0.777312695980072,
			0.0,
			0.0,
			0.4945547878742218,
			-0.018766779452562332,
			-0.01824597455561161,
			0.0,
			0.0,
			0.06342000514268875,
			0.5390274524688721,
			0.0,
			-0.007576481439173222,
			0.0,
			-0.14558058977127075
		]
	},
	"layer_1": {
		"weight_0": [
			[
				1.3789763450622559,
				-0.9691215753555298,
				3.320147752761841,
				1.7796518802642822,
				1.6393979787826538,
				-1.7300366163253784,
				0.4355001747608185,
				1.4514656066894531
			],
			[
				0.005532622337341309,
				-0.032495975494384766,
				-0.46811795234680176,
				-0.08555173873901367,
				-0.3244072198867798,
				-0.3581317663192749,
				0.14622235298156738,
				0.3799781799316406
			],
			[
				0.5541373491287231,
				-0.023219946771860123,
				0.5669997930526733,
				0.9131847620010376,
				0.30864784121513367,
				0.7164813280105591,
				-0.03393079340457916,
				-0.6885076761245728
			],
			[
				-0.3542085886001587,
				0.39163661003112793,
				-0.1218266487121582,
				0.24403142929077148,
				0.23732483386993408,
				-0.44498705863952637,
				0.2243044376373291,
				-0.21929967403411865
			],
			[
				-0.47269415855407715,
				0.4178816080093384,
				0.13086235523223877,
				-0.05348086357116699,
				0.4870823621749878,
				-0.2476799488067627,
				-0.04350686073303223,
				-0.37378907203674316
			],
			[
				1.5796747207641602,
				-0.22036327421665192,
				2.0312390327453613,
				0.9296422600746155,
				0.5020411014556885,
				0.13202354311943054,
				-0.49200332164764404,
				-0.7792452573776245
			],
			[
				0.4324711561203003,
				-0.3111194372177124,
				-0.39771485328674316,
				-0.1899748593568802,
				0.24299931526184082,
				-0.15709936618804932,
				-0.4951523542404175,
				0.42950692772865295
			],
			[
				0.13775968551635742,
				-0.43240928649902344,
				-0.08397895842790604,
				-0.42832842469215393,
				-0.27543675899505615,
				-0.33615338802337646,
				-0.5153167843818665,
				-0.057934436947107315
			],
			[
				-0.47255945205688477,
				0.29206180572509766,
				-0.1669996976852417,
				-0.4429696798324585,
				-0.23620641231536865,
				-0.0982896089553833,
				-0.3494741916656494,
				-0.06564176082611084
			],
			[
				0.18476247787475586,
				-0.12267899513244629,
				0.08225691318511963,
				0.09574651718139648,
				-0.03270125389099121,
				-0.0636441707611084,
				-0.27889060974121094,
				0.011232614517211914
			],
			[
				-5.037569522857666,
				-0.27083343267440796,
				0.5605586767196655,
				0.5792969465255737,
				0.03493932634592056,
				-0.8726165294647217,
				0.04299290478229523,
				1.0616885423660278
			],
			[
				0.10725638270378113,
				0.4965749680995941,
				0.9402379989624023,
				0.8378469347953796,
				1.5317232608795166,
				0.6446934342384338,
				-0.23193931579589844,
				-0.20630724728107452
			],
			[
				-0.36986660957336426,
				-0.048760056495666504,
				-0.3925880193710327,
				-0.1219947338104248,
				0.4448118209838867,
				0.2988898754119873,
				0.3213825225830078,
				0.35034751892089844
			],
			[
				-0.20157575607299805,
				0.1279698610305786,
				0.11528806388378143,
				0.20768535137176514,
				0.2769796848297119,
				0.056836485862731934,
				0.24626007676124573,
				0.36677780747413635
			],
			[
				0.38574111461639404,
				0.2630617618560791,
				-0.40996289253234863,
				-0.363800048828125,
				0.4289681911468506,
				-0.45386433601379395,
				0.24638283252716064,
				0.4194256067276001
			],
			[
				0.06391119956970215,
				-0.3008110523223877,
				0.007170820143073797,
				-0.14801715314388275,
				-0.3742910921573639,
				-0.3285493850708008,
				0.2834363877773285,
				-0.20611539483070374
			]
		],
		"weight_1": [
			0.5431554913520813,
			0.4830847382545471,
			0.601199746131897,
			0.887742280960083,
			0.9199209213256836,
			0.7235974669456482,
			-0.06686185300350189,
			-0.33327871561050415
		]
	},
	"layer_2": {
		"weight_0": [
			[
				-2.25874924659729,
				2.9171478748321533,
				-0.364310622215271,
				-2.5488879680633545
			],
			[
				-2.7239997386932373,
				2.523477077484131,
				0.512360155582428,
				-2.553154706954956
			],
			[
				2.2533016204833984,
				-0.9032682776451111,
				0.4351428747177124,
				2.393826961517334
			],
			[
				0.911643385887146,
				-0.06897159665822983,
				-0.6837696433067322,
				1.7417207956314087
			],
			[
				2.1077888011932373,
				0.8029119968414307,
				-0.41185829043388367,
				2.1879518032073975
			],
			[
				-1.15872061252594,
				1.6935524940490723,
				-0.1582401990890503,
				-1.4318684339523315
			],
			[
				0.03096754662692547,
				-0.18170233070850372,
				-0.05290395766496658,
				-0.47805723547935486
			],
			[
				-2.7433106899261475,
				0.0007009212858974934,
				-0.14278346300125122,
				-3.0170693397521973
			]
		],
		"weight_1": [
			0.8350844979286194,
			2.5682218074798584,
			-0.047129884362220764,
			0.8292534947395325
		]
	},
	"layer_3": {
		"weight_0": [
			[
				2.784315347671509
			],
			[
				-3.7416939735412598
			],
			[
				-0.8709974884986877
			],
			[
				3.2173101902008057
			]
		],
		"weight_1": [
			0.8262186646461487
		]
	}
}