{
	"layer_0": {
		"weight_0": [
			[
				-0.3017902672290802,
				0.2665856182575226,
				0.273633748292923,
				0.13517463207244873,
				-0.5218486189842224,
				0.6000495553016663,
				-0.4783257842063904,
				-0.4149248003959656,
				-0.056233763694763184,
				0.5133718252182007,
				0.2294764667749405,
				0.41990727186203003,
				0.2555100917816162,
				-0.25179970264434814,
				-0.03834051638841629,
				0.30054184794425964
			],
			[
				0.03637963905930519,
				-0.46439915895462036,
				-0.29960495233535767,
				0.12626096606254578,
				0.4295671880245209,
				-0.5090997815132141,
				0.14560265839099884,
				-0.07638752460479736,
				-0.2937771677970886,
				0.21133172512054443,
				0.4337511956691742,
				-0.2906205952167511,
				0.11800491064786911,
				0.20554296672344208,
				0.21992874145507812,
				0.32336318492889404
			]
		],
		"weight_1": [
			-0.03507564961910248,
			0.010219287127256393,
			0.01399108488112688,
			0.05662538856267929,
			-0.06070071458816528,
			0.04026089608669281,
			-0.06944510340690613,
			0.0,
			0.0,
			0.05864538997411728,
			-0.06086863949894905,
			-0.03300110623240471,
			-0.04519093409180641,
			0.03546329215168953,
			0.0511549711227417,
			-0.03649991378188133
		]
	},
	"layer_1": {},
	"layer_2": {
		"weight_0": [
			[
				0.22928912937641144,
				0.3611356019973755,
				0.09062278270721436,
				0.3530397415161133,
				0.5131892561912537,
				0.08461901545524597,
				0.3902238607406616,
				0.4045519232749939
			],
			[
				-0.18049313127994537,
				0.14494869112968445,
				0.07327067852020264,
				0.21695363521575928,
				-0.2189420461654663,
				0.05191681161522865,
				-0.2948406934738159,
				-0.33576053380966187
			],
			[
				-0.4223271310329437,
				-0.4595450460910797,
				-0.33349430561065674,
				0.210204616189003,
				0.10583405196666718,
				-0.06421063840389252,
				0.3614926338195801,
				0.24388912320137024
			],
			[
				0.13537777960300446,
				-0.32319149374961853,
				-0.06031310558319092,
				0.18257007002830505,
				0.1997021734714508,
				-0.4406488537788391,
				-0.4449927806854248,
				-0.07780402898788452
			],
			[
				0.029195085167884827,
				0.09409347176551819,
				0.4449892044067383,
				-0.19949603080749512,
				-0.31243234872817993,
				0.31101757287979126,
				-0.48646414279937744,
				0.305732399225235
			],
			[
				-0.026071110740303993,
				-0.37079206109046936,
				0.20519840717315674,
				0.18116331100463867,
				0.3804579973220825,
				-0.1583588421344757,
				-0.39887094497680664,
				-0.25495490431785583
			],
			[
				0.17706719040870667,
				-0.005355700850486755,
				-0.47223126888275146,
				0.2732529640197754,
				-0.14260925352573395,
				0.15540990233421326,
				0.4652843475341797,
				0.35098516941070557
			],
			[
				0.16318881511688232,
				-0.07986509799957275,
				-0.23059988021850586,
				-0.027984261512756348,
				0.46905505657196045,
				-0.06761372089385986,
				0.05483853816986084,
				-0.07265126705169678
			],
			[
				-0.38873517513275146,
				-0.3187747001647949,
				-0.47037672996520996,
				-0.1646440029144287,
				-0.10161495208740234,
				-0.1323491334915161,
				-0.454349160194397,
				0.3423103094100952
			],
			[
				-0.15251605212688446,
				-0.027988234534859657,
				-0.2612558603286743,
				-0.012084917165338993,
				0.3110564649105072,
				-0.18066945672035217,
				0.019078373908996582,
				0.16640585660934448
			],
			[
				-0.42820078134536743,
				-0.11826162040233612,
				-0.3471113443374634,
				-0.4438319504261017,
				0.22669436037540436,
				0.43677255511283875,
				-0.4230837821960449,
				0.17135491967201233
			],
			[
				0.4580027461051941,
				-0.04472777992486954,
				0.2722870111465454,
				0.42327433824539185,
				-0.19583441317081451,
				-0.10339523106813431,
				0.15951693058013916,
				0.02779494784772396
			],
			[
				0.4618280231952667,
				0.12122301757335663,
				-0.38399434089660645,
				0.43952032923698425,
				-0.23957234621047974,
				0.4120452105998993,
				0.23167705535888672,
				-0.033358100801706314
			],
			[
				0.38145849108695984,
				0.2550356984138489,
				-0.3299548625946045,
				0.4667186737060547,
				0.08671934902667999,
				-0.3634013831615448,
				-0.004957437515258789,
				-0.035107702016830444
			],
			[
				-0.07495847344398499,
				-0.3487406075000763,
				-0.1912364959716797,
				0.33540913462638855,
				0.5616245269775391,
				0.10603515058755875,
				-0.4212937355041504,
				-0.053780991584062576
			],
			[
				0.2446640133857727,
				0.42975664138793945,
				-0.34426212310791016,
				-0.19266483187675476,
				-0.2661263048648834,
				-0.11797928810119629,
				0.40718650817871094,
				0.12204071879386902
			]
		],
		"weight_1": [
			-0.033183809369802475,
			-0.032889474183321,
			0.0,
			-0.03987613692879677,
			0.06328846514225006,
			-0.05279070883989334,
			0.0,
			-0.05172911286354065
		]
	},
	"layer_3": {},
	"layer_4": {
		"weight_0": [
			[
				0.0805056020617485,
				-0.3722269535064697,
				0.5813730955123901,
				-0.5590543150901794
			],
			[
				0.11717981100082397,
				-0.029551327228546143,
				0.448257714509964,
				0.47760146856307983
			],
			[
				-0.31647899746894836,
				-0.3545900285243988,
				0.45641618967056274,
				0.3740052580833435
			],
			[
				-0.3872816264629364,
				-0.2565101087093353,
				0.37800222635269165,
				0.2570432424545288
			],
			[
				-0.03334749490022659,
				-0.4319080710411072,
				-0.1760939657688141,
				-0.6233710646629333
			],
			[
				-0.1265939474105835,
				-0.5200936198234558,
				0.6372128129005432,
				-0.5699275135993958
			],
			[
				-0.4168733060359955,
				-0.30775290727615356,
				0.29861241579055786,
				-0.10193181037902832
			],
			[
				0.3293657600879669,
				-0.6243222951889038,
				0.27163517475128174,
				0.024894259870052338
			]
		],
		"weight_1": [
			-0.05210980400443077,
			0.0,
			-0.05396653711795807,
			-0.0031622766982764006
		]
	},
	"layer_5": {},
	"layer_6": {
		"weight_0": [
			[
				-0.19132265448570251
			],
			[
				0.20222711563110352
			],
			[
				-0.6810957789421082
			],
			[
				-0.26988857984542847
			]
		],
		"weight_1": [
			2.364027261734009
		]
	}
}