{
	"layer_0": {
		"weight_0": [
			[
				-0.407172292470932,
				1.5633314847946167,
				1.8264350891113281,
				-0.2779830992221832,
				3.190639019012451,
				1.4978885650634766,
				1.8528369665145874,
				-0.7540690302848816,
				-0.1750141978263855,
				-0.3432767391204834,
				0.9773939847946167,
				1.694757103919983,
				-0.09242111444473267,
				1.2144004106521606,
				0.7709860801696777,
				0.9008424878120422
			],
			[
				-0.28199079632759094,
				-0.24165132641792297,
				-0.3652130961418152,
				-0.4437786340713501,
				0.2993928790092468,
				-0.034165915101766586,
				0.01666085608303547,
				1.7524194717407227,
				-0.3260135352611542,
				0.049994468688964844,
				1.8478525876998901,
				-0.15996012091636658,
				-0.11256220936775208,
				0.8225926160812378,
				-3.901440382003784,
				-7.376747131347656
			]
		],
		"weight_1": [
			0.0,
			0.24393969774246216,
			0.35372233390808105,
			0.0,
			-0.4091610610485077,
			0.133284792304039,
			0.0011177033884450793,
			0.2093624323606491,
			0.0,
			-0.0510467030107975,
			0.04027244448661804,
			0.18121646344661713,
			0.0,
			0.17560862004756927,
			0.2206195592880249,
			0.16646459698677063
		]
	},
	"layer_1": {
		"weight_0": [
			[
				-0.4627406597137451,
				0.41189301013946533,
				-0.08199560642242432,
				0.3024181127548218,
				0.3674497604370117,
				-0.44374537467956543,
				0.20729756355285645,
				-0.13523149490356445
			],
			[
				0.6921653151512146,
				0.36918720602989197,
				0.5728132128715515,
				-0.3874754011631012,
				-0.4755697250366211,
				0.6820357441902161,
				0.37754055857658386,
				0.9584502577781677
			],
			[
				0.7181050777435303,
				0.9325626492500305,
				1.3149914741516113,
				0.3535129725933075,
				-0.22432643175125122,
				0.7263540029525757,
				1.356853723526001,
				0.9136806726455688
			],
			[
				-0.1066749095916748,
				-0.36502397060394287,
				-0.35695016384124756,
				-0.28233885765075684,
				0.04225420951843262,
				0.13850164413452148,
				-0.12197935581207275,
				-0.47753798961639404
			],
			[
				-1.1404411792755127,
				-1.6501184701919556,
				-1.9052268266677856,
				-1.5493675470352173,
				0.3088376522064209,
				-1.2081812620162964,
				-2.065516710281372,
				-2.388106107711792
			],
			[
				0.7829844951629639,
				0.5367482304573059,
				0.6816924810409546,
				0.4418727159500122,
				-0.4205341339111328,
				0.07687020301818848,
				0.5281045436859131,
				0.5272141098976135
			],
			[
				1.117611050605774,
				0.323081910610199,
				0.11764179915189743,
				1.0168331861495972,
				-0.062132611870765686,
				0.6346405148506165,
				0.091774582862854,
				1.1738947629928589
			],
			[
				-0.45893967151641846,
				-0.8579724431037903,
				-1.873634696006775,
				-0.9018348455429077,
				-0.42558836936950684,
				-0.9336017966270447,
				-0.15987321734428406,
				-3.468276262283325
			],
			[
				0.11030936241149902,
				-0.47263503074645996,
				-0.16683006286621094,
				-0.4347662925720215,
				0.12272679805755615,
				-0.22011184692382812,
				-0.12233448028564453,
				-0.3175088167190552
			],
			[
				-0.22419637441635132,
				-0.29374635219573975,
				0.1048683375120163,
				0.25960224866867065,
				-0.35558319091796875,
				-0.1497018188238144,
				-0.21476568281650543,
				-0.10183198750019073
			],
			[
				0.6010180711746216,
				0.4162193238735199,
				-0.6030975580215454,
				0.6283664107322693,
				-0.18842022120952606,
				0.8508129119873047,
				-0.5333869457244873,
				-0.4474775493144989
			],
			[
				1.061254858970642,
				0.8035393357276917,
				1.1191354990005493,
				0.4624786972999573,
				-0.47244954109191895,
				0.692661702632904,
				0.6734997034072876,
				0.8523324131965637
			],
			[
				-0.046867966651916504,
				-0.394938588142395,
				-0.4626944065093994,
				0.10813379287719727,
				-0.4356914758682251,
				-0.4305788278579712,
				-0.06946051120758057,
				-0.0337071418762207
			],
			[
				0.4327661097049713,
				0.5651019215583801,
				0.11461838334798813,
				0.6022254824638367,
				0.4191480875015259,
				0.7705410122871399,
				0.5195460319519043,
				-0.2857528030872345
			],
			[
				1.795240044593811,
				1.6908800601959229,
				0.5063745975494385,
				0.16237510740756989,
				-0.2544534206390381,
				1.3928511142730713,
				1.7485692501068115,
				2.578465223312378
			],
			[
				3.5944230556488037,
				3.684356927871704,
				0.35990872979164124,
				3.511965751647949,
				0.2782028913497925,
				3.3358469009399414,
				-0.7468817234039307,
				3.445002555847168
			]
		],
		"weight_1": [
			-0.3601906895637512,
			0.21559476852416992,
			1.1058096885681152,
			-0.11293081939220428,
			-0.009486823342740536,
			-0.03464130684733391,
			1.6604804992675781,
			0.4958283305168152
		]
	},
	"layer_2": {
		"weight_0": [
			[
				0.5181293487548828,
				-0.9884918928146362,
				-1.6448984146118164,
				1.19882333278656
			],
			[
				1.600450873374939,
				-0.003898805705830455,
				-0.8073596954345703,
				1.7315444946289062
			],
			[
				1.7343848943710327,
				-0.020756129175424576,
				0.44448673725128174,
				2.50907564163208
			],
			[
				1.2793391942977905,
				0.3254290819168091,
				-6.870157718658447,
				1.1646194458007812
			],
			[
				0.6586865186691284,
				0.5119668841362,
				-0.5405287742614746,
				0.18091408908367157
			],
			[
				1.4138245582580566,
				-0.8915705680847168,
				-1.282683253288269,
				1.6079180240631104
			],
			[
				2.038450241088867,
				1.639265775680542,
				0.7792949676513672,
				2.3368401527404785
			],
			[
				3.1709368228912354,
				-0.9861791729927063,
				1.2821305990219116,
				3.5562336444854736
			]
		],
		"weight_1": [
			0.24407945573329926,
			1.5799919366836548,
			0.8037721514701843,
			0.40289008617401123
		]
	},
	"layer_3": {
		"weight_0": [
			[
				1.7328073978424072
			],
			[
				-4.399860858917236
			],
			[
				-10.252707481384277
			],
			[
				2.0303494930267334
			]
		],
		"weight_1": [
			0.4163041114807129
		]
	}
}