{
	"layer_0": {
		"weight_0": [
			[
				0.8119244575500488,
				0.7796869874000549,
				0.3625465929508209,
				0.8326254487037659,
				-0.06331050395965576,
				-0.2748385965824127,
				0.9826234579086304,
				0.06384223699569702,
				-0.3175065517425537,
				0.006749270483851433,
				-0.05723123252391815,
				0.3449118435382843,
				0.06970895826816559,
				-0.5545698404312134,
				0.4296669363975525,
				0.5052240490913391
			],
			[
				0.35476958751678467,
				0.7146086692810059,
				0.7572598457336426,
				0.809621274471283,
				-0.4024360179901123,
				-0.21709024906158447,
				0.8262032866477966,
				0.7150964140892029,
				-0.5345650315284729,
				-0.4994524419307709,
				1.035776972770691,
				0.7959917187690735,
				1.0003962516784668,
				-0.2103048861026764,
				1.043949842453003,
				0.7164850234985352
			]
		],
		"weight_1": [
			0.3321855366230011,
			0.39271432161331177,
			0.412212073802948,
			0.5802444815635681,
			0.0,
			0.0,
			0.503064751625061,
			0.39050379395484924,
			0.0,
			-0.00316226645372808,
			0.5447160005569458,
			0.4226900637149811,
			0.5864563584327698,
			0.0,
			0.5851395726203918,
			0.4998236894607544
		]
	},
	"layer_1": {},
	"layer_2": {
		"weight_0": [
			[
				0.27408644556999207,
				-0.37355589866638184,
				0.6812928318977356,
				-0.1269289255142212,
				-0.1887115240097046,
				0.8004775047302246,
				0.22939208149909973,
				0.16422398388385773
			],
			[
				-0.2826000452041626,
				0.0031595230102539062,
				1.0176911354064941,
				-0.33527565002441406,
				-0.029023051261901855,
				1.012843132019043,
				0.2714043855667114,
				0.16646665334701538
			],
			[
				0.3509100079536438,
				0.1633915901184082,
				0.6745774745941162,
				-0.2089627981185913,
				-0.0282745361328125,
				0.2829117476940155,
				0.37583330273628235,
				-0.5673069953918457
			],
			[
				-0.4512062966823578,
				-0.4672919511795044,
				0.25313860177993774,
				-0.40140843391418457,
				0.12500953674316406,
				0.6681053042411804,
				0.4241010546684265,
				-0.45965492725372314
			],
			[
				0.27512240409851074,
				-0.30981624126434326,
				0.24746620655059814,
				-0.47158706188201904,
				-0.21536505222320557,
				0.3456144332885742,
				0.1412140130996704,
				-0.49000513553619385
			],
			[
				-0.3258366584777832,
				0.15381479263305664,
				-0.20564544200897217,
				-0.468996524810791,
				-0.3794369697570801,
				-0.38067305088043213,
				-0.45189368724823,
				0.4366493225097656
			],
			[
				0.14165906608104706,
				-0.13489258289337158,
				0.41503748297691345,
				-0.028646349906921387,
				-0.18343281745910645,
				0.7541430592536926,
				0.8213255405426025,
				0.2814367413520813
			],
			[
				0.10457746684551239,
				-0.21932005882263184,
				0.6052070260047913,
				0.4194842576980591,
				-0.2596554756164551,
				0.9997608661651611,
				0.0785292237997055,
				-0.538847029209137
			],
			[
				0.1363595724105835,
				0.11681783199310303,
				-0.2610722780227661,
				-0.13568484783172607,
				-0.0051708221435546875,
				-0.4036376476287842,
				0.16074657440185547,
				-0.3209151029586792
			],
			[
				-0.14818060398101807,
				0.4612436294555664,
				0.14335572719573975,
				0.2878141403198242,
				-0.389127254486084,
				-0.1606440246105194,
				-0.07243955135345459,
				-0.3431992530822754
			],
			[
				-0.4737866222858429,
				0.19226515293121338,
				0.8616756796836853,
				-0.08522486686706543,
				-0.15686678886413574,
				0.1475479006767273,
				0.8381960988044739,
				0.2604182958602905
			],
			[
				-0.25557786226272583,
				-0.029388904571533203,
				0.9139666557312012,
				-0.1732844114303589,
				-0.11074268817901611,
				0.7182266712188721,
				0.39340898394584656,
				0.2868229150772095
			],
			[
				0.16398921608924866,
				0.13931810855865479,
				0.9350236654281616,
				-0.04445230960845947,
				-0.3963238000869751,
				0.8143431544303894,
				0.9342042803764343,
				-0.28067561984062195
			],
			[
				0.12000179290771484,
				-0.0007169246673583984,
				-0.10677313804626465,
				-0.17836344242095947,
				-0.42481887340545654,
				0.21366024017333984,
				0.43492841720581055,
				0.21330010890960693
			],
			[
				0.09771878272294998,
				0.06619513034820557,
				0.1806652843952179,
				-0.06832635402679443,
				-0.30794215202331543,
				0.7079774141311646,
				0.914469838142395,
				-0.013046642765402794
			],
			[
				-0.16605855524539948,
				0.0007239580154418945,
				0.06789504736661911,
				-0.14332640171051025,
				0.21875572204589844,
				0.9275858402252197,
				0.7142053842544556,
				0.3239254355430603
			]
		],
		"weight_1": [
			-0.010075411759316921,
			0.0,
			0.5295833945274353,
			0.0,
			0.0,
			0.5617132186889648,
			0.5607312321662903,
			-0.1315942406654358
		]
	},
	"layer_3": {},
	"layer_4": {
		"weight_0": [
			[
				0.34504175186157227,
				0.5147036910057068,
				0.46115997433662415,
				-0.28515952825546265
			],
			[
				0.003143310546875,
				-0.31057488918304443,
				-0.04020035266876221,
				0.3635159134864807
			],
			[
				0.6543459892272949,
				0.7235804200172424,
				0.38675886392593384,
				0.48576050996780396
			],
			[
				-0.5535762310028076,
				0.6751291155815125,
				-0.38581427931785583,
				0.6467263102531433
			],
			[
				0.5093510746955872,
				0.6436826586723328,
				-0.08098381757736206,
				0.502444326877594
			],
			[
				0.5170909762382507,
				0.6801491975784302,
				0.6441200971603394,
				0.4660918414592743
			],
			[
				0.25942444801330566,
				0.5428189635276794,
				0.9238796234130859,
				0.8704843521118164
			],
			[
				-0.19470453262329102,
				0.630675733089447,
				-0.3824937641620636,
				-0.3839835822582245
			]
		],
		"weight_1": [
			0.583462119102478,
			0.32276293635368347,
			0.4375930726528168,
			0.46047142148017883
		]
	},
	"layer_5": {},
	"layer_6": {
		"weight_0": [
			[
				2.296963930130005
			],
			[
				1.8005762100219727
			],
			[
				2.1279070377349854
			],
			[
				2.9895286560058594
			]
		],
		"weight_1": [
			1.8448346853256226
		]
	}
}