{
	"layer_0": {
		"weight_0": [
			[
				0.780247688293457,
				0.1725258082151413,
				1.7805198431015015,
				-0.5751845836639404,
				1.4025142192840576,
				3.4361252784729004,
				-1.6449453830718994,
				-0.06775149703025818,
				0.11929111182689667,
				-0.511438250541687,
				0.006074045784771442,
				-2.131071090698242,
				0.05161389708518982,
				-0.3404700458049774,
				-0.477880597114563,
				2.137457847595215
			],
			[
				-0.9495103359222412,
				4.150369644165039,
				1.8656624555587769,
				-0.10862469673156738,
				-3.299623727798462,
				-0.5153520703315735,
				0.36635440587997437,
				0.08667069673538208,
				-0.19083401560783386,
				0.003055401612073183,
				0.16241875290870667,
				2.897311210632324,
				-0.286621630191803,
				-0.3705897331237793,
				-0.02194875478744507,
				0.14514540135860443
			]
		],
		"weight_1": [
			1.0924731492996216,
			-0.00753035070374608,
			0.8128474354743958,
			0.0,
			0.9094526767730713,
			0.5042369961738586,
			1.9728118181228638,
			-0.0866919532418251,
			-0.0967918187379837,
			-0.009315486066043377,
			-0.1722548007965088,
			0.3415288031101227,
			-0.01320137083530426,
			0.0,
			0.0,
			0.6894913911819458
		]
	},
	"layer_1": {
		"weight_0": [
			[
				0.05218689516186714,
				0.07706765830516815,
				1.3086116313934326,
				0.6778976321220398,
				0.2930414378643036,
				0.06868218630552292,
				-0.5606743693351746,
				-0.42945003509521484
			],
			[
				-0.4766523838043213,
				2.90824031829834,
				-0.9895593523979187,
				-0.9763896465301514,
				-0.8452440500259399,
				-0.24604830145835876,
				1.9077695608139038,
				0.24986803531646729
			],
			[
				-0.3643648028373718,
				0.9519915580749512,
				0.3839702606201172,
				0.8395640254020691,
				-0.4916782081127167,
				0.06817611306905746,
				0.9585814476013184,
				-0.42176949977874756
			],
			[
				-0.12559354305267334,
				-0.061856746673583984,
				-0.11199069023132324,
				-0.37588703632354736,
				-0.4672795534133911,
				-0.4566175937652588,
				-0.3664137125015259,
				-0.008852958679199219
			],
			[
				0.07781266421079636,
				-1.0167770385742188,
				1.5709009170532227,
				2.09053635597229,
				-0.8088446259498596,
				-0.27008137106895447,
				-0.9716343283653259,
				0.035857200622558594
			],
			[
				-0.18289564549922943,
				0.030625654384493828,
				0.8358992338180542,
				0.256198912858963,
				-0.9560103416442871,
				-0.10813631117343903,
				-0.3871614336967468,
				-0.3048022985458374
			],
			[
				-0.3416290879249573,
				0.5661251544952393,
				1.2110244035720825,
				1.0213502645492554,
				0.9440062046051025,
				-0.28735417127609253,
				0.05002584680914879,
				-0.43468761444091797
			],
			[
				0.2501521706581116,
				0.041499052196741104,
				-0.2807557284832001,
				-0.2073742002248764,
				0.23509064316749573,
				0.16133911907672882,
				-0.3307538628578186,
				-0.009862065315246582
			],
			[
				0.019605528563261032,
				0.2582707405090332,
				-0.20491614937782288,
				-0.3257446885108948,
				-0.10180673748254776,
				0.4406985640525818,
				-0.3562743663787842,
				-0.3588130474090576
			],
			[
				-0.07102155685424805,
				-0.18572697043418884,
				-0.12001203745603561,
				-0.40756428241729736,
				0.4576241374015808,
				-0.21482765674591064,
				0.41151273250579834,
				-0.46426641941070557
			],
			[
				-0.10442876070737839,
				-0.10044422745704651,
				-0.22425757348537445,
				0.2726379632949829,
				0.35836172103881836,
				-0.06808485835790634,
				-0.1997486650943756,
				-0.42657482624053955
			],
			[
				0.37473711371421814,
				2.738201856613159,
				-0.7759721279144287,
				-0.6356738805770874,
				0.8758273124694824,
				0.11201518774032593,
				1.5899096727371216,
				-0.34177935123443604
			],
			[
				0.012839673087000847,
				-0.3521841764450073,
				-0.02720271795988083,
				0.33940577507019043,
				-0.4087914228439331,
				0.3486366868019104,
				0.12606358528137207,
				-0.0045937299728393555
			],
			[
				0.14329922199249268,
				-0.3594750165939331,
				0.29728221893310547,
				-0.28443753719329834,
				-0.2989403009414673,
				-0.2628312110900879,
				0.33128392696380615,
				0.006625175476074219
			],
			[
				0.35377931594848633,
				0.47041523456573486,
				0.19727551937103271,
				0.20938360691070557,
				-0.15593934059143066,
				0.3926424980163574,
				-0.14403259754180908,
				0.348034143447876
			],
			[
				0.1932349056005478,
				0.10725802183151245,
				0.9312922954559326,
				0.7477321028709412,
				-0.6399000287055969,
				0.13255904614925385,
				-0.0944707840681076,
				0.14782726764678955
			]
		],
		"weight_1": [
			-0.05588620901107788,
			-0.03803956136107445,
			0.9718047380447388,
			0.8210441470146179,
			1.1097487211227417,
			-0.017516281455755234,
			-0.09642969816923141,
			0.0
		]
	},
	"layer_2": {
		"weight_0": [
			[
				-0.017699887976050377,
				0.4900914132595062,
				-0.5447458624839783,
				-0.6192858815193176
			],
			[
				-3.910886526107788,
				-0.49594077467918396,
				-1.2243579626083374,
				-1.429137945175171
			],
			[
				1.2539230585098267,
				-0.6777713298797607,
				1.2384040355682373,
				1.0131628513336182
			],
			[
				0.5239759087562561,
				0.30279478430747986,
				0.5808525681495667,
				1.4528281688690186
			],
			[
				-0.802311897277832,
				-0.24692219495773315,
				-3.175652503967285,
				-2.4866886138916016
			],
			[
				-0.35083305835723877,
				0.5366747379302979,
				-0.0014376023318618536,
				-0.41366299986839294
			],
			[
				4.36854362487793,
				0.4624731242656708,
				2.24849796295166,
				2.4212005138397217
			],
			[
				0.5167976021766663,
				0.20128238201141357,
				0.3243022561073303,
				-0.28817349672317505
			]
		],
		"weight_1": [
			0.7947235703468323,
			-0.010550163686275482,
			0.4070272743701935,
			0.6198827624320984
		]
	},
	"layer_3": {
		"weight_0": [
			[
				5.785199165344238
			],
			[
				-0.4979029595851898
			],
			[
				2.8518569469451904
			],
			[
				2.3812129497528076
			]
		],
		"weight_1": [
			0.40833547711372375
		]
	}
}