{
	"layer_0": {
		"weight_0": [
			[
				-0.07945290207862854,
				0.4521336555480957,
				1.2226982116699219,
				1.809599757194519,
				-0.30123522877693176,
				-1.829534649848938,
				-0.3302798867225647,
				-0.39787590503692627,
				-0.4065568447113037,
				-0.38182562589645386,
				0.06083656847476959,
				0.3385581374168396,
				1.5588929653167725,
				-1.3421632051467896,
				2.5893094539642334,
				-0.7126601338386536
			],
			[
				2.390303134918213,
				-4.042962551116943,
				0.44958940148353577,
				-0.35692736506462097,
				-0.11033540964126587,
				-0.5863006114959717,
				-0.037405431270599365,
				-0.23934388160705566,
				-0.4821622371673584,
				-0.41096073389053345,
				-0.2646925747394562,
				-1.8843469619750977,
				-0.3598906695842743,
				0.024738777428865433,
				1.5810737609863281,
				0.1668461710214615
			]
		],
		"weight_1": [
			0.28941068053245544,
			0.3308103680610657,
			0.49367985129356384,
			0.38471031188964844,
			0.0,
			1.2421742677688599,
			0.0,
			0.0,
			0.0,
			0.0,
			-0.02558487467467785,
			0.7887466549873352,
			0.36836618185043335,
			1.3288151025772095,
			0.3092171251773834,
			1.1060408353805542
		]
	},
	"layer_1": {},
	"layer_2": {
		"weight_0": [
			[
				-0.8372656106948853,
				-0.5824254751205444,
				-1.1035383939743042,
				-0.34049034118652344,
				-2.1812615394592285,
				-0.40225133299827576,
				-3.1079213619232178,
				-0.48380380868911743
			],
			[
				2.1630239486694336,
				2.043886423110962,
				2.0468077659606934,
				-0.7769692540168762,
				2.017573595046997,
				2.440765857696533,
				3.47420597076416,
				0.20067015290260315
			],
			[
				0.42227330803871155,
				0.4923968017101288,
				0.6335726976394653,
				-0.6196857690811157,
				0.33611226081848145,
				0.2820757031440735,
				-0.7638600468635559,
				-0.6342962384223938
			],
			[
				0.8316674828529358,
				0.724040687084198,
				0.5537315011024475,
				-0.9081594944000244,
				1.005104422569275,
				0.11610677093267441,
				0.4956023693084717,
				-1.9183921813964844
			],
			[
				0.44479501247406006,
				-0.08609116077423096,
				0.4880216121673584,
				-0.40228164196014404,
				-0.04806935787200928,
				0.405254602432251,
				0.3266853094100952,
				-0.12910950183868408
			],
			[
				-0.12352605164051056,
				-0.790633499622345,
				-0.5566010475158691,
				0.4198264479637146,
				0.45302221179008484,
				-0.8798431754112244,
				0.09401202946901321,
				1.0639429092407227
			],
			[
				-0.36184775829315186,
				-0.07995414733886719,
				0.13059210777282715,
				0.44196438789367676,
				-0.37531256675720215,
				-0.4472925662994385,
				-0.4926694631576538,
				-0.09972810745239258
			],
			[
				-0.010513782501220703,
				-0.11108696460723877,
				0.3331199884414673,
				-0.06834852695465088,
				-0.10452866554260254,
				0.4173058271408081,
				-0.13035833835601807,
				-0.0526278018951416
			],
			[
				-0.1265115737915039,
				-0.1209801435470581,
				0.355607271194458,
				0.2691209316253662,
				-0.03842592239379883,
				-0.30324041843414307,
				-0.13351213932037354,
				0.3586404323577881
			],
			[
				0.23090171813964844,
				-0.4726210832595825,
				-0.13750803470611572,
				-0.46497464179992676,
				0.2629363536834717,
				0.4900110960006714,
				0.4575151205062866,
				-0.18058526515960693
			],
			[
				0.08919091522693634,
				0.0654400959610939,
				-0.13501770794391632,
				0.312275767326355,
				0.24114888906478882,
				-0.4358082115650177,
				0.4810572862625122,
				-0.3958023190498352
			],
			[
				1.1248505115509033,
				1.3320976495742798,
				1.1384565830230713,
				0.5555971264839172,
				1.4048755168914795,
				1.4287023544311523,
				1.3263318538665771,
				0.3208782374858856
			],
			[
				0.15716217458248138,
				0.4206582307815552,
				0.657776415348053,
				-0.6301049590110779,
				0.4929746687412262,
				0.30346453189849854,
				0.6137034296989441,
				-1.394821047782898
			],
			[
				0.6143345236778259,
				0.36043235659599304,
				0.5077557563781738,
				0.5649964809417725,
				-0.07043836265802383,
				0.5800551176071167,
				-0.19352281093597412,
				1.1115684509277344
			],
			[
				0.03404518961906433,
				0.3053071200847626,
				0.3491722643375397,
				-0.27200016379356384,
				-0.7595869302749634,
				0.08728428184986115,
				-0.4502497613430023,
				-1.97878098487854
			],
			[
				0.08061973005533218,
				0.6032654047012329,
				0.571548342704773,
				0.3460397720336914,
				0.08049414306879044,
				0.3638611137866974,
				-0.4008737802505493,
				0.5381784439086914
			]
		],
		"weight_1": [
			0.5166090130805969,
			0.5636883974075317,
			0.5615707635879517,
			0.9731879234313965,
			0.578702449798584,
			0.5390437245368958,
			0.2747848629951477,
			0.3523404002189636
		]
	},
	"layer_3": {},
	"layer_4": {
		"weight_0": [
			[
				0.5029776692390442,
				0.7675203680992126,
				0.8582789897918701,
				0.671445369720459
			],
			[
				-0.3311389982700348,
				0.3751721978187561,
				0.7324912548065186,
				0.7948755025863647
			],
			[
				-0.3953474462032318,
				1.096577525138855,
				0.6277329921722412,
				1.0874794721603394
			],
			[
				0.05174272879958153,
				-1.713155746459961,
				-2.5568668842315674,
				-2.537342071533203
			],
			[
				0.2424917072057724,
				1.3909889459609985,
				2.1610267162323,
				2.0013177394866943
			],
			[
				-0.07163916528224945,
				1.193215012550354,
				1.4869318008422852,
				0.7625970244407654
			],
			[
				0.1959989368915558,
				3.9390618801116943,
				4.948206424713135,
				4.316898822784424
			],
			[
				-0.48964181542396545,
				-2.9337360858917236,
				-3.7903568744659424,
				-3.7802906036376953
			]
		],
		"weight_1": [
			-0.09938819706439972,
			0.5449217557907104,
			0.5499480366706848,
			0.5793013572692871
		]
	},
	"layer_5": {},
	"layer_6": {
		"weight_0": [
			[
				-0.6512500643730164
			],
			[
				1.8288441896438599
			],
			[
				2.1463747024536133
			],
			[
				2.658670425415039
			]
		],
		"weight_1": [
			0.5400673151016235
		]
	}
}