{
	"layer_0": {
		"weight_0": [
			[
				-0.14453619718551636,
				1.1314654350280762,
				0.6889380216598511,
				-0.266363263130188,
				0.5845492482185364,
				0.8393421173095703,
				0.8683450818061829,
				1.239585280418396,
				-0.4749813973903656,
				1.7356085777282715,
				0.525104284286499,
				1.097254991531372,
				-0.1906297206878662,
				0.699046790599823,
				0.5146456956863403,
				0.5568533539772034
			],
			[
				-0.04947119951248169,
				-1.1619181632995605,
				-0.42856794595718384,
				-0.4198158085346222,
				-2.65868878364563,
				-0.627502977848053,
				-0.24185721576213837,
				-0.19347219169139862,
				-0.5285505056381226,
				0.6059805750846863,
				-4.383617401123047,
				-0.36956706643104553,
				1.2552220821380615,
				-0.41865015029907227,
				0.4605586528778076,
				-0.11598488688468933
			]
		],
		"weight_1": [
			0.0,
			0.5610777139663696,
			0.626410961151123,
			0.0,
			0.4051010012626648,
			0.6348741054534912,
			0.4192996323108673,
			0.4937111437320709,
			0.0,
			0.2771551012992859,
			0.2380925714969635,
			0.568169355392456,
			0.1835402250289917,
			0.5988450050354004,
			0.4098948538303375,
			0.5542423725128174
		]
	},
	"layer_1": {
		"weight_0": [
			[
				0.29008781909942627,
				0.3990856409072876,
				-0.02581954002380371,
				0.018378257751464844,
				-0.30785298347473145,
				-0.4805774688720703,
				-0.14667201042175293,
				-0.41262006759643555
			],
			[
				0.5095054507255554,
				0.1668921411037445,
				-0.37178999185562134,
				-0.4893772602081299,
				-0.01103965099900961,
				0.14703409373760223,
				0.08874204009771347,
				0.751352071762085
			],
			[
				0.5846510529518127,
				0.6345142722129822,
				0.5978602170944214,
				-0.15993523597717285,
				-0.12723220884799957,
				0.08961289376020432,
				-0.22132053971290588,
				0.16897505521774292
			],
			[
				-0.4910181760787964,
				0.4403499364852905,
				-0.46951961517333984,
				0.07794559001922607,
				-0.1056523323059082,
				0.08737683296203613,
				0.10863125324249268,
				0.1426241397857666
			],
			[
				1.959825038909912,
				2.0056400299072266,
				2.204305648803711,
				-0.06227874755859375,
				0.4458045959472656,
				1.823112964630127,
				-0.49992483854293823,
				-0.8541697263717651
			],
			[
				0.8417935967445374,
				0.3645302951335907,
				1.1339632272720337,
				0.4107280969619751,
				-0.31828510761260986,
				0.8668794631958008,
				0.17906032502651215,
				0.4276227056980133
			],
			[
				0.10854749381542206,
				0.26911336183547974,
				0.1266222447156906,
				-0.2501645088195801,
				0.01969161629676819,
				0.8320997953414917,
				0.06322363764047623,
				0.22413119673728943
			],
			[
				0.010911092162132263,
				0.16070371866226196,
				0.7490267157554626,
				-0.019671082496643066,
				0.11672805994749069,
				0.7093492150306702,
				-0.4658070206642151,
				-0.3552762567996979
			],
			[
				-0.48183655738830566,
				-0.24902021884918213,
				0.08373057842254639,
				0.1732616424560547,
				0.4136282205581665,
				0.4633370637893677,
				-0.06828451156616211,
				0.08904087543487549
			],
			[
				-0.5389086604118347,
				0.6700566411018372,
				0.37071847915649414,
				-0.4798091650009155,
				0.16896480321884155,
				0.6317394971847534,
				0.34794339537620544,
				0.1327933818101883
			],
			[
				4.517579555511475,
				4.460392951965332,
				4.106943130493164,
				-0.4254060983657837,
				-0.1034756749868393,
				3.8371689319610596,
				0.4418628215789795,
				-3.449815034866333
			],
			[
				0.48976781964302063,
				-0.029995618388056755,
				0.817132830619812,
				0.3848487138748169,
				-0.2747516930103302,
				0.45454540848731995,
				0.24351324141025543,
				-0.013897433876991272
			],
			[
				-2.252702236175537,
				-0.4545938968658447,
				-0.8162305355072021,
				-0.26619601249694824,
				-0.09191399812698364,
				-1.077743411064148,
				-0.16253100335597992,
				0.4998709261417389
			],
			[
				0.4120160639286041,
				0.2061227411031723,
				0.32874754071235657,
				-0.39286816120147705,
				-0.04562734439969063,
				0.8207519054412842,
				-0.3678748309612274,
				0.27030083537101746
			],
			[
				-0.35601484775543213,
				0.5551150441169739,
				0.3755931258201599,
				-0.15245628356933594,
				0.30262717604637146,
				0.19903960824012756,
				-0.4936162233352661,
				-0.33210238814353943
			],
			[
				0.1961812674999237,
				0.14102135598659515,
				0.5438087582588196,
				0.03673350811004639,
				-0.5173296928405762,
				0.8389213681221008,
				0.06090417504310608,
				0.421296089887619
			]
		],
		"weight_1": [
			0.7489637136459351,
			0.5523379445075989,
			0.5357643365859985,
			0.0,
			-0.021274732425808907,
			0.5096068978309631,
			-0.0559108667075634,
			0.08802971243858337
		]
	},
	"layer_2": {
		"weight_0": [
			[
				-1.1295843124389648,
				1.9565300941467285,
				-0.4158511161804199,
				1.9980263710021973
			],
			[
				-0.2586429715156555,
				1.2442880868911743,
				-0.7388326525688171,
				1.0742648839950562
			],
			[
				0.17437225580215454,
				1.421983242034912,
				-0.0592360645532608,
				1.2873822450637817
			],
			[
				0.4169246554374695,
				-0.045366883277893066,
				-0.5745761394500732,
				-0.67356276512146
			],
			[
				-0.27137479186058044,
				0.6106201410293579,
				0.14406684041023254,
				-0.6661838293075562
			],
			[
				0.704021692276001,
				1.3262966871261597,
				0.39449289441108704,
				1.227103352546692
			],
			[
				-0.5795911550521851,
				-0.0646270141005516,
				0.42680618166923523,
				-0.019837263971567154
			],
			[
				0.19467569887638092,
				-1.7746731042861938,
				0.04059906303882599,
				-2.266547441482544
			]
		],
		"weight_1": [
			-0.15157261490821838,
			0.5417080521583557,
			-0.03740736469626427,
			0.5401964783668518
		]
	},
	"layer_3": {
		"weight_0": [
			[
				-1.5651148557662964
			],
			[
				1.8779523372650146
			],
			[
				-0.4279959797859192
			],
			[
				2.2914552688598633
			]
		],
		"weight_1": [
			0.5401421785354614
		]
	}
}