{
	"layer_0": {
		"weight_0": [
			[
				2.9138612747192383,
				3.914257287979126,
				0.43219050765037537,
				-0.4647122025489807,
				-0.14068955183029175,
				-0.030146420001983643,
				0.8768946528434753,
				-1.4118165969848633,
				0.3014320731163025,
				-1.611680030822754,
				0.25432655215263367,
				0.6382041573524475,
				1.7378185987472534,
				-0.043791890144348145,
				-0.20485591888427734,
				0.950575053691864
			],
			[
				-0.32692083716392517,
				-0.46560415625572205,
				-2.3217241764068604,
				-0.07677006721496582,
				-0.15888231992721558,
				-0.3815387785434723,
				-5.901186466217041,
				-1.9682310819625854,
				-1.5919363498687744,
				-0.2111385315656662,
				-0.31481635570526123,
				-3.725769281387329,
				2.5765857696533203,
				-0.3583719730377197,
				1.722609043121338,
				-0.038465775549411774
			]
		],
		"weight_1": [
			0.45354655385017395,
			0.4438728392124176,
			0.6463642716407776,
			0.0,
			0.0,
			0.0,
			0.2809193730354309,
			1.5573716163635254,
			0.8523873090744019,
			1.7958513498306274,
			-0.21200674772262573,
			0.4712800085544586,
			1.1527403593063354,
			0.0,
			0.2550163269042969,
			0.6421999335289001
		]
	},
	"layer_1": {
		"weight_0": [
			[
				0.4158807396888733,
				0.3336612582206726,
				-1.9282348155975342,
				0.4651109576225281,
				0.3818109631538391,
				-0.8047339916229248,
				-0.2546861171722412,
				0.07181274890899658
			],
			[
				0.3425637185573578,
				0.41963985562324524,
				-1.863901972770691,
				-0.195780411362648,
				0.12605378031730652,
				-0.7885567545890808,
				0.1474001258611679,
				-0.12946844100952148
			],
			[
				1.4418771266937256,
				1.7306530475616455,
				0.5658241510391235,
				1.2474116086959839,
				1.2844051122665405,
				0.6056419610977173,
				-0.41482070088386536,
				-0.22372984886169434
			],
			[
				0.491845965385437,
				0.11386334896087646,
				-0.11464881896972656,
				0.13284528255462646,
				-0.1264653205871582,
				0.4651106595993042,
				-0.1452195644378662,
				0.06386220455169678
			],
			[
				0.11761939525604248,
				-0.0963139533996582,
				0.4770500659942627,
				0.07193946838378906,
				-0.24048209190368652,
				0.31114113330841064,
				-0.3515279293060303,
				0.33547914028167725
			],
			[
				0.14442145824432373,
				0.3084977865219116,
				-0.441943883895874,
				0.31214892864227295,
				-0.4507378339767456,
				0.31763720512390137,
				-0.09689688682556152,
				-0.13407659530639648
			],
			[
				2.1767709255218506,
				2.879369020462036,
				0.1418077051639557,
				2.1378438472747803,
				3.048983335494995,
				-1.5236780643463135,
				-2.1135528087615967,
				0.278364896774292
			],
			[
				0.49730542302131653,
				0.7707393169403076,
				0.8480161428451538,
				0.704376757144928,
				-0.08369409292936325,
				0.2017466127872467,
				0.8977357745170593,
				0.4320129156112671
			],
			[
				1.4535586833953857,
				0.6922611594200134,
				-0.29398420453071594,
				1.453988790512085,
				0.28634950518608093,
				0.4644925594329834,
				0.03135143965482712,
				0.17624258995056152
			],
			[
				0.690436840057373,
				0.5269212126731873,
				0.6889204978942871,
				0.7092065811157227,
				-0.09122053533792496,
				0.5731316804885864,
				0.9485036730766296,
				-0.3916524648666382
			],
			[
				-0.12375615537166595,
				-0.22430559992790222,
				0.29068824648857117,
				-0.049872420728206635,
				0.15751536190509796,
				-0.46504950523376465,
				0.11269903928041458,
				0.2957603931427002
			],
			[
				2.2937991619110107,
				1.5603082180023193,
				0.900977373123169,
				1.438934326171875,
				2.2471816539764404,
				-0.4243263900279999,
				-1.1406787633895874,
				-0.48416364192962646
			],
			[
				-0.10607689619064331,
				0.48817917704582214,
				-0.5057321786880493,
				0.01677064783871174,
				-1.4051933288574219,
				-0.41603678464889526,
				-0.01624359004199505,
				-0.47696995735168457
			],
			[
				-0.17999756336212158,
				0.006589055061340332,
				0.05912649631500244,
				0.0759514570236206,
				0.09659326076507568,
				0.4503052234649658,
				-0.3818638324737549,
				0.1504981517791748
			],
			[
				-0.7735748291015625,
				-1.0640870332717896,
				0.41326820850372314,
				-1.1316789388656616,
				-2.9854743480682373,
				0.12270335108041763,
				-0.2799920439720154,
				-0.11739981174468994
			],
			[
				0.757196307182312,
				0.6234646439552307,
				-0.4764716327190399,
				0.902162492275238,
				-0.3589641749858856,
				0.26884862780570984,
				-0.3844091594219208,
				0.0975273847579956
			]
		],
		"weight_1": [
			0.7016451954841614,
			0.7205445766448975,
			0.5544701814651489,
			0.6984533071517944,
			0.2719312608242035,
			0.8220462203025818,
			-0.007579621858894825,
			0.0
		]
	},
	"layer_2": {
		"weight_0": [
			[
				1.257568120956421,
				0.024416057392954826,
				0.7101868391036987,
				0.4947374761104584
			],
			[
				0.8331027030944824,
				-0.10044271498918533,
				0.9987115859985352,
				1.0310332775115967
			],
			[
				-3.75439715385437,
				3.7746741771698,
				-2.705528974533081,
				-3.936840057373047
			],
			[
				0.9625902771949768,
				0.6256324648857117,
				1.4038790464401245,
				0.965731680393219
			],
			[
				3.2177734375,
				-2.5141613483428955,
				3.643427610397339,
				3.450496196746826
			],
			[
				-1.8718318939208984,
				1.302635908126831,
				-0.9830654263496399,
				-1.6431490182876587
			],
			[
				-1.6058241128921509,
				1.0142287015914917,
				-0.9099728465080261,
				-1.824203610420227
			],
			[
				-0.10555899143218994,
				0.5362582802772522,
				-0.39122626185417175,
				-0.42416757345199585
			]
		],
		"weight_1": [
			0.7520196437835693,
			0.12311514467000961,
			0.6798403859138489,
			0.6854900121688843
		]
	},
	"layer_3": {
		"weight_0": [
			[
				2.2994284629821777
			],
			[
				-3.581002950668335
			],
			[
				1.4023683071136475
			],
			[
				3.0572457313537598
			]
		],
		"weight_1": [
			0.756902813911438
		]
	}
}