{
	"layer_0": {
		"weight_0": [
			[
				0.9432034492492676,
				0.49534595012664795,
				0.6379209756851196,
				-0.4472317695617676,
				-0.16750767827033997,
				-0.13250508904457092,
				0.9053839445114136,
				0.6530395746231079,
				0.07764806598424911,
				0.68292635679245,
				-0.18203455209732056,
				0.007497179787606001,
				0.07344718277454376,
				1.0095148086547852,
				-0.44768932461738586,
				0.177595853805542
			],
			[
				0.394975483417511,
				0.643984317779541,
				0.7955567240715027,
				-0.2718634009361267,
				-0.11566057801246643,
				0.007093820720911026,
				0.20296984910964966,
				0.2810765504837036,
				-0.5366066098213196,
				0.13511018455028534,
				-0.007525801658630371,
				-0.49375203251838684,
				0.5247477889060974,
				0.8419506549835205,
				-0.07171547412872314,
				0.4382299780845642
			]
		],
		"weight_1": [
			0.45748066902160645,
			0.3481040596961975,
			0.37660548090934753,
			0.0,
			0.0,
			-0.007901543751358986,
			0.44977840781211853,
			0.4677518904209137,
			-0.005393271334469318,
			0.46649420261383057,
			0.0,
			-0.003162272972986102,
			0.46161535382270813,
			0.4618474841117859,
			0.0,
			0.4305342733860016
		]
	},
	"layer_1": {},
	"layer_2": {
		"weight_0": [
			[
				-0.0362246036529541,
				0.5266934037208557,
				-0.11615443229675293,
				-0.0211942195892334,
				0.23078009486198425,
				0.6878235340118408,
				0.06004830077290535,
				0.9087674021720886
			],
			[
				-0.22399818897247314,
				0.6257925033569336,
				-0.2212299108505249,
				-0.23937773704528809,
				-0.3942718505859375,
				0.5217471718788147,
				0.41935792565345764,
				0.27380239963531494
			],
			[
				0.263637900352478,
				0.4316839873790741,
				-0.43260109424591064,
				-0.2839885950088501,
				-0.48927363753318787,
				0.8062005043029785,
				0.6531739830970764,
				0.2686915397644043
			],
			[
				-0.02553856372833252,
				0.11148977279663086,
				0.47316300868988037,
				0.023737668991088867,
				0.3985872268676758,
				0.14648687839508057,
				0.28593528270721436,
				-0.12331438064575195
			],
			[
				0.0016317367553710938,
				-0.08971703052520752,
				0.028880834579467773,
				-0.1340193748474121,
				0.3085613250732422,
				-0.04729104042053223,
				0.13943147659301758,
				-0.3281729221343994
			],
			[
				0.49097609519958496,
				-0.3410024344921112,
				0.4255319833755493,
				-0.31285393238067627,
				0.4999570846557617,
				0.47239091992378235,
				0.313530832529068,
				-0.21268832683563232
			],
			[
				0.3629375696182251,
				0.6142352223396301,
				-0.11184203624725342,
				0.3018972873687744,
				-0.25814977288246155,
				0.0627225786447525,
				0.5116212368011475,
				0.41636642813682556
			],
			[
				-0.25177788734436035,
				0.6159501671791077,
				0.36854982376098633,
				-0.4017740488052368,
				-0.019442936405539513,
				0.5337033271789551,
				0.3472345471382141,
				0.6298040747642517
			],
			[
				0.3831362724304199,
				0.1702382117509842,
				0.0780794620513916,
				0.3669523000717163,
				0.0928884893655777,
				-0.3028688430786133,
				-0.30078864097595215,
				-0.23339305818080902
			],
			[
				0.049272894859313965,
				0.47998499870300293,
				-0.27168476581573486,
				0.3415682315826416,
				0.24495555460453033,
				0.267693430185318,
				0.5040783882141113,
				0.49897533655166626
			],
			[
				0.17279064655303955,
				0.10660851001739502,
				0.4035695791244507,
				0.3734220266342163,
				-0.19876229763031006,
				0.41055989265441895,
				0.3541778326034546,
				0.0699923038482666
			],
			[
				0.4456831216812134,
				-0.018937895074486732,
				0.06685054302215576,
				0.15153992176055908,
				0.23339468240737915,
				-0.19304907321929932,
				0.18760132789611816,
				-0.33804094791412354
			],
			[
				-0.23383867740631104,
				0.8642271757125854,
				-0.31802940368652344,
				-0.10602498054504395,
				0.11922267079353333,
				-0.11924795061349869,
				0.6202499270439148,
				0.3339938819408417
			],
			[
				-0.3383532762527466,
				0.4558499753475189,
				-0.4244927167892456,
				-0.48936736583709717,
				0.10629004240036011,
				0.35721084475517273,
				0.4667642116546631,
				0.8586626052856445
			],
			[
				0.043731689453125,
				-0.021828889846801758,
				0.24898648262023926,
				0.0442349910736084,
				-0.2527390718460083,
				-0.24609172344207764,
				0.4378774166107178,
				0.20199501514434814
			],
			[
				0.42034339904785156,
				0.06000498682260513,
				-0.2389388084411621,
				-0.1474926471710205,
				-0.10901117324829102,
				0.8190312385559082,
				0.28196051716804504,
				0.9568633437156677
			]
		],
		"weight_1": [
			0.0,
			0.4278133809566498,
			0.0,
			0.0,
			-0.04045628011226654,
			0.3599023222923279,
			0.4190780520439148,
			0.4461042582988739
		]
	},
	"layer_3": {},
	"layer_4": {
		"weight_0": [
			[
				-0.7043284773826599,
				-0.09802836179733276,
				0.665842592716217,
				-0.6723008751869202
			],
			[
				0.5704469680786133,
				0.9913328886032104,
				-0.6998366117477417,
				0.28127560019493103
			],
			[
				0.393166720867157,
				0.6145580410957336,
				0.08026832342147827,
				-0.24856290221214294
			],
			[
				0.19999945163726807,
				0.49577778577804565,
				-0.020300984382629395,
				-0.23050716519355774
			],
			[
				-0.08621048182249069,
				0.24063485860824585,
				0.47143810987472534,
				-0.11842864006757736
			],
			[
				0.3459042012691498,
				0.7068793177604675,
				0.3814804255962372,
				0.6733310222625732
			],
			[
				0.7782988548278809,
				0.3981581926345825,
				0.28640124201774597,
				0.9127864241600037
			],
			[
				0.8785858154296875,
				0.47703129053115845,
				0.03629234805703163,
				0.49899813532829285
			]
		],
		"weight_1": [
			0.3719441592693329,
			0.28119537234306335,
			-0.09230086952447891,
			0.32331690192222595
		]
	},
	"layer_5": {},
	"layer_6": {
		"weight_0": [
			[
				2.778296947479248
			],
			[
				2.2734479904174805
			],
			[
				-0.4922402501106262
			],
			[
				2.2755889892578125
			]
		],
		"weight_1": [
			2.325721502304077
		]
	}
}