{
	"layer_0": {
		"weight_0": [
			[
				1.0606416463851929,
				-0.10710404068231583,
				0.8543552756309509,
				1.0543131828308105,
				-0.5233812928199768,
				-0.5474652647972107,
				0.40801680088043213,
				0.6422739028930664,
				1.0713354349136353,
				0.8644561767578125,
				0.3382667601108551,
				0.04281006008386612,
				-0.3235941529273987,
				-0.3629912734031677,
				-0.021053314208984375,
				0.14368923008441925
			],
			[
				0.6969128251075745,
				0.1258891522884369,
				0.5504409670829773,
				0.6478327512741089,
				-0.008002877235412598,
				0.21211229264736176,
				0.6797114610671997,
				0.775951623916626,
				0.6640727519989014,
				0.6642155647277832,
				0.40137043595314026,
				-0.4341880679130554,
				-0.39352279901504517,
				-0.4982764720916748,
				-0.5059705972671509,
				0.6243851184844971
			]
		],
		"weight_1": [
			0.478981077671051,
			-0.0845290794968605,
			0.4829801023006439,
			0.48437491059303284,
			0.0,
			-0.09353996068239212,
			0.49587592482566833,
			0.4836057722568512,
			0.47977203130722046,
			0.48718908429145813,
			0.05406586453318596,
			-0.0031622727401554585,
			0.0,
			0.0,
			0.0,
			0.4971070885658264
		]
	},
	"layer_1": {},
	"layer_2": {
		"weight_0": [
			[
				0.46416401863098145,
				-0.1368175446987152,
				0.8653215765953064,
				0.19081461429595947,
				-0.3661692142486572,
				0.05729329586029053,
				0.7097151875495911,
				0.8843538761138916
			],
			[
				-0.3736356496810913,
				0.49270761013031006,
				-0.16705143451690674,
				0.15379822254180908,
				0.496820330619812,
				0.07185351848602295,
				0.2612839639186859,
				-0.03245176374912262
			],
			[
				-0.30563676357269287,
				0.3175995647907257,
				0.8706414103507996,
				-0.4534616470336914,
				0.20206773281097412,
				-0.4859650135040283,
				0.44736725091934204,
				0.5663802027702332
			],
			[
				0.2083749771118164,
				0.1450904756784439,
				0.8235688805580139,
				-0.03544926643371582,
				-0.07509279251098633,
				-0.13807666301727295,
				0.5068206787109375,
				0.13023079931735992
			],
			[
				-0.043290138244628906,
				-0.22283649444580078,
				0.21018552780151367,
				0.43703150749206543,
				-0.37708747386932373,
				0.4107133150100708,
				0.27063870429992676,
				0.28385186195373535
			],
			[
				0.059235453605651855,
				-0.24686037003993988,
				-0.363800048828125,
				-0.2860053777694702,
				0.030315041542053223,
				-0.3390927314758301,
				-0.006654209457337856,
				-0.2581205666065216
			],
			[
				0.1843801736831665,
				0.17544040083885193,
				0.7655624747276306,
				-0.4588615894317627,
				-0.04905092716217041,
				-0.06753373146057129,
				0.25902310013771057,
				0.3623507618904114
			],
			[
				-0.2943413257598877,
				-0.12817856669425964,
				0.6704854965209961,
				0.08267664909362793,
				-0.003169417381286621,
				-0.028676986694335938,
				0.7303717136383057,
				0.21888703107833862
			],
			[
				-0.4275592565536499,
				-0.2314547598361969,
				0.8767289519309998,
				0.38203001022338867,
				-0.13991034030914307,
				-0.13679540157318115,
				0.47791028022766113,
				0.6551295518875122
			],
			[
				-0.17476236820220947,
				-0.23945404589176178,
				0.481093168258667,
				-0.33003103733062744,
				-0.23509585857391357,
				0.1712348461151123,
				0.5169856548309326,
				0.8286735415458679
			],
			[
				-0.10135841369628906,
				-0.5977952480316162,
				0.022201815620064735,
				-0.18749916553497314,
				-0.4597691297531128,
				0.09874510765075684,
				0.3895880877971649,
				0.08016549795866013
			],
			[
				-0.15857696533203125,
				-0.24704372882843018,
				-0.3978697657585144,
				0.18137526512145996,
				-0.16709363460540771,
				-0.1456584930419922,
				0.13557402789592743,
				0.4802146852016449
			],
			[
				-0.12071740627288818,
				-0.1988009214401245,
				0.2513240575790405,
				0.042427659034729004,
				0.07982230186462402,
				0.4651082754135132,
				-0.1311415433883667,
				0.21137714385986328
			],
			[
				-0.05535876750946045,
				-0.46615397930145264,
				-0.35484814643859863,
				-0.3025646209716797,
				0.4518793821334839,
				-0.13753795623779297,
				-0.3413112163543701,
				-0.18042755126953125
			],
			[
				0.07621419429779053,
				-0.09549880027770996,
				-0.144692063331604,
				-0.33896172046661377,
				-0.0787355899810791,
				0.07833099365234375,
				-0.28042590618133545,
				-0.2399756908416748
			],
			[
				-0.4421412944793701,
				0.26660051941871643,
				0.9704701900482178,
				-0.2742530107498169,
				-0.08142781257629395,
				-0.24471020698547363,
				0.5221033692359924,
				0.4362269341945648
			]
		],
		"weight_1": [
			0.0,
			-0.06663746386766434,
			0.4695989489555359,
			0.0,
			0.0,
			0.0,
			0.4727649688720703,
			0.4762391448020935
		]
	},
	"layer_3": {},
	"layer_4": {
		"weight_0": [
			[
				-0.17564177513122559,
				-0.37790870666503906,
				-0.24052280187606812,
				-0.3508281707763672
			],
			[
				-0.23517721891403198,
				0.9514280557632446,
				-0.2616380751132965,
				-0.36111822724342346
			],
			[
				-0.27798882126808167,
				0.8683472275733948,
				0.7732852697372437,
				-0.6307375431060791
			],
			[
				0.25205284357070923,
				-0.5904248952865601,
				-0.43976256251335144,
				0.5787338614463806
			],
			[
				0.4085785746574402,
				-0.6282881498336792,
				-0.4717619717121124,
				-0.5328946113586426
			],
			[
				-0.2663363814353943,
				-0.42682787775993347,
				0.6103501915931702,
				-0.5111982822418213
			],
			[
				-0.28201568126678467,
				0.7272612452507019,
				0.5717692375183105,
				0.5215597748756409
			],
			[
				0.09876185655593872,
				0.6927414536476135,
				0.5013840794563293,
				-0.17117470502853394
			]
		],
		"weight_1": [
			0.0,
			0.36712646484375,
			0.46823033690452576,
			0.0
		]
	},
	"layer_5": {},
	"layer_6": {
		"weight_0": [
			[
				0.5901516675949097
			],
			[
				2.827498435974121
			],
			[
				3.2013185024261475
			],
			[
				-0.9971521496772766
			]
		],
		"weight_1": [
			2.343313455581665
		]
	}
}