{
	"layer_0": {
		"weight_0": [
			[
				0.25989148020744324,
				1.011915922164917,
				-0.009167499840259552,
				1.371391773223877,
				-0.3951658010482788,
				0.7496269345283508,
				-0.31407514214515686,
				1.1741329431533813,
				0.3039711117744446,
				-0.1442069411277771,
				-0.43278610706329346,
				1.1026363372802734,
				0.40370503067970276,
				0.6360443830490112,
				-0.06515103578567505,
				-0.3311883211135864
			],
			[
				-0.07369475066661835,
				-0.6649772524833679,
				0.23319455981254578,
				0.02628236822783947,
				-0.214824378490448,
				0.04685359075665474,
				1.5067856311798096,
				-0.23275348544120789,
				0.027598386630415916,
				-0.029038190841674805,
				-0.41036540269851685,
				-0.2563309073448181,
				-0.24308890104293823,
				0.1602344959974289,
				-0.42493876814842224,
				1.348947525024414
			]
		],
		"weight_1": [
			0.8767991662025452,
			0.978969156742096,
			-0.23417110741138458,
			0.9913313388824463,
			0.0,
			0.969908595085144,
			0.14715217053890228,
			0.9119700789451599,
			0.9863875508308411,
			0.0,
			0.0,
			0.976357102394104,
			0.9685445427894592,
			0.8372968435287476,
			0.0,
			0.18885844945907593
		]
	},
	"layer_1": {
		"weight_0": [
			[
				0.4157702624797821,
				-0.1426624059677124,
				0.512576162815094,
				-0.366543173789978,
				0.18917135894298553,
				0.3412379324436188,
				0.6462689638137817,
				0.8259637355804443
			],
			[
				-0.4597002863883972,
				-0.2230750322341919,
				-0.18813323974609375,
				-0.12086319923400879,
				1.4917762279510498,
				1.38905930519104,
				1.4739699363708496,
				1.0790517330169678
			],
			[
				-0.2167794555425644,
				0.3116668462753296,
				-0.23686495423316956,
				0.10700905323028564,
				-0.18714286386966705,
				-0.2550514340400696,
				-0.2429967075586319,
				-0.20059670507907867
			],
			[
				-0.20444969832897186,
				-0.028928279876708984,
				-0.08002987504005432,
				-0.48791003227233887,
				0.8887245059013367,
				0.9648525714874268,
				0.7342287302017212,
				0.8520284295082092
			],
			[
				0.15416717529296875,
				-0.31167733669281006,
				-0.13534998893737793,
				0.03679919242858887,
				0.36314570903778076,
				-0.20679724216461182,
				-0.3645666837692261,
				-0.29276788234710693
			],
			[
				0.28392913937568665,
				-0.4958540201187134,
				0.27141252160072327,
				-0.011299371719360352,
				0.6697213649749756,
				0.9341683387756348,
				0.27601996064186096,
				0.40683552622795105
			],
			[
				1.1027002334594727,
				-0.38983142375946045,
				1.2341727018356323,
				-0.08133375644683838,
				-1.3288623094558716,
				-1.5215801000595093,
				-1.270841360092163,
				-1.3666008710861206
			],
			[
				-0.25245457887649536,
				-0.2413332462310791,
				0.06014582887291908,
				0.01074528694152832,
				0.558375358581543,
				0.858136773109436,
				0.3592197299003601,
				1.1810532808303833
			],
			[
				0.005931941792368889,
				-0.061163902282714844,
				-0.12130410224199295,
				-0.14089703559875488,
				0.8755248188972473,
				0.12269345670938492,
				0.11446566134691238,
				-0.0428142249584198
			],
			[
				0.13909661769866943,
				-0.3827486038208008,
				-0.49137866497039795,
				-0.04443538188934326,
				-0.007141470909118652,
				-0.4834752082824707,
				-0.49656713008880615,
				0.2432570457458496
			],
			[
				0.35389769077301025,
				0.19745385646820068,
				0.02734982967376709,
				0.4634246826171875,
				-0.4654167890548706,
				0.18540608882904053,
				-0.45966219902038574,
				0.47328710556030273
			],
			[
				0.1998809427022934,
				-0.4373072385787964,
				-0.26082518696784973,
				0.35989856719970703,
				0.8568919897079468,
				0.6165183186531067,
				0.5308422446250916,
				1.2134795188903809
			],
			[
				0.059684447944164276,
				-0.3283191919326782,
				0.2518360912799835,
				-0.13580679893493652,
				1.2100751399993896,
				0.2168315351009369,
				0.4459320306777954,
				0.5477503538131714
			],
			[
				0.5546623468399048,
				-0.3006613254547119,
				0.16477538645267487,
				-0.41404402256011963,
				0.09655369818210602,
				0.32086607813835144,
				0.7487173676490784,
				0.384699285030365
			],
			[
				0.2086426019668579,
				0.21984684467315674,
				-0.02093827724456787,
				-0.09796011447906494,
				-0.056806325912475586,
				-0.01194000244140625,
				0.12337791919708252,
				-0.3272148370742798
			],
			[
				1.7136470079421997,
				-0.020027756690979004,
				1.3673653602600098,
				0.000496983528137207,
				-1.2110717296600342,
				-1.2137974500656128,
				-0.8484789729118347,
				-1.3305726051330566
			]
		],
		"weight_1": [
			-0.38829681277275085,
			0.0,
			-0.48176175355911255,
			0.0,
			0.980638325214386,
			0.9596506357192993,
			0.9919133186340332,
			0.9819939136505127
		]
	},
	"layer_2": {
		"weight_0": [
			[
				0.9366771578788757,
				0.14837360382080078,
				0.22343657910823822,
				-1.6863559484481812
			],
			[
				0.2094365954399109,
				-0.3815540671348572,
				0.17266637086868286,
				-0.10739856958389282
			],
			[
				0.8917743563652039,
				0.4448181688785553,
				0.24167029559612274,
				-1.453576683998108
			],
			[
				0.4696890711784363,
				0.03755927085876465,
				-0.6823721528053284,
				-0.3850448429584503
			],
			[
				-0.2301313430070877,
				-0.3304938077926636,
				-0.7045803666114807,
				1.3576840162277222
			],
			[
				-0.6033523678779602,
				0.3206762969493866,
				-0.44471409916877747,
				1.078537940979004
			],
			[
				-0.043586693704128265,
				-0.6398957967758179,
				-0.287212610244751,
				1.013658881187439
			],
			[
				0.2488393485546112,
				-0.7200053930282593,
				0.2996932864189148,
				1.2664297819137573
			]
		],
		"weight_1": [
			0.3651837706565857,
			-0.12914343178272247,
			-0.022813163697719574,
			0.9723780155181885
		]
	},
	"layer_3": {
		"weight_0": [
			[
				0.6973617076873779
			],
			[
				-0.6841447353363037
			],
			[
				-1.0195320844650269
			],
			[
				2.084624767303467
			]
		],
		"weight_1": [
			1.024864912033081
		]
	}
}