{
	"layer_0": {
		"weight_0": [
			[
				0.8222495913505554,
				-0.14298734068870544,
				-0.335337370634079,
				0.7937443852424622,
				0.18953223526477814,
				0.4208398759365082,
				0.0405985526740551,
				-0.1721305549144745,
				1.0073596239089966,
				0.48500028252601624,
				0.8067866563796997,
				0.4415712058544159,
				0.7388206720352173,
				-0.45420587062835693,
				0.94825679063797,
				-0.28592047095298767
			],
			[
				-0.553939163684845,
				-0.516193687915802,
				0.059719495475292206,
				-0.2605816721916199,
				-0.32277238368988037,
				-1.6029303073883057,
				-0.2754950225353241,
				-0.4209243059158325,
				-1.4721006155014038,
				-0.03436093032360077,
				-0.4978773295879364,
				-1.8139830827713013,
				-0.2535235583782196,
				-0.32311928272247314,
				-0.6439790725708008,
				-0.4006783366203308
			]
		],
		"weight_1": [
			0.47720199823379517,
			0.0,
			-0.06146322563290596,
			0.5459039807319641,
			0.54860919713974,
			0.3408823013305664,
			-0.0035815932787954807,
			0.0,
			0.45382654666900635,
			0.5410604476928711,
			0.4560045897960663,
			0.38838639855384827,
			0.3792268931865692,
			0.0,
			0.5545467734336853,
			0.0
		]
	},
	"layer_1": {
		"weight_0": [
			[
				-0.3382662534713745,
				-0.5238574743270874,
				0.39214736223220825,
				0.9336641430854797,
				-0.4682435691356659,
				1.134695291519165,
				0.4977802336215973,
				-0.4620828628540039
			],
			[
				0.1379021406173706,
				0.10361742973327637,
				0.1961381435394287,
				0.23570799827575684,
				0.43524062633514404,
				0.4740309715270996,
				0.031446218490600586,
				0.39653337001800537
			],
			[
				0.06371939182281494,
				-0.10133416950702667,
				-0.3819158971309662,
				-0.0007187835872173309,
				0.24329538643360138,
				0.36438652873039246,
				0.264082133769989,
				-0.35811400413513184
			],
			[
				-0.09197020530700684,
				0.12503671646118164,
				0.7846267223358154,
				0.037624653428792953,
				-0.5020837187767029,
				-0.048552460968494415,
				0.6212611198425293,
				-0.1748051643371582
			],
			[
				-0.3906862735748291,
				0.20585869252681732,
				0.38477709889411926,
				0.6531147360801697,
				-0.05909857526421547,
				0.46387240290641785,
				0.2018108367919922,
				0.18074524402618408
			],
			[
				0.2623194456100464,
				0.3139904737472534,
				1.9415920972824097,
				1.4368647336959839,
				-0.2627994418144226,
				1.8532723188400269,
				1.9262357950210571,
				-0.24198925495147705
			],
			[
				0.45167481899261475,
				0.2657272517681122,
				-0.17673298716545105,
				0.1778986006975174,
				-0.20322120189666748,
				0.08709349483251572,
				0.23310859501361847,
				-0.01381826400756836
			],
			[
				0.3457980155944824,
				-0.37704169750213623,
				0.1475750207901001,
				0.4736062288284302,
				0.1492992639541626,
				-0.37085235118865967,
				-0.19658184051513672,
				0.11182570457458496
			],
			[
				-0.40859949588775635,
				0.013746422715485096,
				1.2798560857772827,
				1.4063854217529297,
				0.41633933782577515,
				1.4959365129470825,
				1.553976058959961,
				-0.39319348335266113
			],
			[
				-0.10790741443634033,
				-0.5324841737747192,
				0.5515503287315369,
				-0.3446073532104492,
				0.33294257521629333,
				-0.3069222867488861,
				0.44207704067230225,
				-0.27956390380859375
			],
			[
				-0.1010352373123169,
				0.2555166482925415,
				0.30516889691352844,
				0.933781623840332,
				-0.3329012989997864,
				0.9268191456794739,
				0.990711510181427,
				-0.4349757432937622
			],
			[
				0.2525418996810913,
				-0.2823525071144104,
				2.2772903442382812,
				1.316601037979126,
				-0.40021562576293945,
				2.205676794052124,
				1.642118215560913,
				-0.49353110790252686
			],
			[
				-0.3842806816101074,
				0.2862928807735443,
				0.1394195705652237,
				0.5473192930221558,
				0.03515473008155823,
				-0.018991744145751,
				-0.11800868064165115,
				0.27625393867492676
			],
			[
				0.1996399164199829,
				-0.32137131690979004,
				0.2921764850616455,
				-0.3996701240539551,
				0.054574012756347656,
				-0.0364990234375,
				0.23746776580810547,
				-0.3827406167984009
			],
			[
				-0.06849777698516846,
				0.1909823715686798,
				1.1370011568069458,
				0.4932134747505188,
				-0.0999458059668541,
				0.9676535129547119,
				1.021975040435791,
				0.07038986682891846
			],
			[
				0.0609205961227417,
				0.1907055377960205,
				0.24567067623138428,
				-0.37500429153442383,
				0.00781857967376709,
				0.12078237533569336,
				-0.020095467567443848,
				0.20092475414276123
			]
		],
		"weight_1": [
			0.0,
			-0.11541904509067535,
			0.5298147797584534,
			0.5409208536148071,
			-0.03098052740097046,
			0.5404919981956482,
			0.5300838947296143,
			0.0
		]
	},
	"layer_2": {
		"weight_0": [
			[
				-0.22837403416633606,
				0.21337854862213135,
				0.44694358110427856,
				-0.36695387959480286
			],
			[
				-0.6106350421905518,
				-0.09572555124759674,
				0.00905412994325161,
				0.11347615718841553
			],
			[
				1.6575809717178345,
				0.5225266814231873,
				1.2740498781204224,
				-0.21981385350227356
			],
			[
				1.0738921165466309,
				1.3106590509414673,
				1.2752479314804077,
				-0.6865975856781006
			],
			[
				-0.5535030961036682,
				0.2652633786201477,
				-0.5617286562919617,
				-0.19214767217636108
			],
			[
				1.6162127256393433,
				1.2746920585632324,
				0.976506233215332,
				0.5811503529548645
			],
			[
				1.4184373617172241,
				1.2403764724731445,
				0.5103552341461182,
				-0.16814517974853516
			],
			[
				-0.4033021628856659,
				-0.24140197038650513,
				0.4695276618003845,
				-0.17959296703338623
			]
		],
		"weight_1": [
			0.5233267545700073,
			0.41707393527030945,
			0.52532559633255,
			0.0
		]
	},
	"layer_3": {
		"weight_0": [
			[
				1.3432153463363647
			],
			[
				0.9147316217422485
			],
			[
				1.212744116783142
			],
			[
				-0.7315115928649902
			]
		],
		"weight_1": [
			0.5102806687355042
		]
	}
}