{
	"layer_0": {
		"weight_0": [
			[
				1.9497636556625366,
				0.9007205367088318,
				-0.40181809663772583,
				-0.4346641004085541,
				-0.41095495223999023,
				0.2891879379749298,
				0.2301517277956009,
				-0.4136652946472168,
				7.123418807983398,
				0.32971715927124023,
				2.1104071140289307,
				-0.26569387316703796,
				0.4423493444919586,
				-0.5374866127967834,
				5.3290910720825195,
				-0.009018330834805965
			],
			[
				-0.30655616521835327,
				-7.813436508178711,
				-0.2996595501899719,
				-0.173171728849411,
				-0.06011921167373657,
				-2.174623727798462,
				-1.3468130826950073,
				-0.4271332025527954,
				-0.7831273078918457,
				-1.4303275346755981,
				-0.19894808530807495,
				-0.15216785669326782,
				-4.093288898468018,
				-0.9162381887435913,
				0.5784920454025269,
				0.06801584362983704
			]
		],
		"weight_1": [
			0.2870262563228607,
			0.1634441614151001,
			0.0,
			0.0,
			0.0,
			0.3117329180240631,
			0.36250030994415283,
			0.0,
			0.7504602670669556,
			0.6979494690895081,
			0.16431517899036407,
			0.0,
			0.28601929545402527,
			1.429114818572998,
			0.32553794980049133,
			-0.06951753050088882
		]
	},
	"layer_1": {
		"weight_0": [
			[
				0.674875020980835,
				1.6894713640213013,
				0.8408111929893494,
				0.6967243552207947,
				1.0410789251327515,
				0.8321774005889893,
				-0.16689515113830566,
				1.3673689365386963
			],
			[
				3.8618574142456055,
				4.640124320983887,
				4.312596797943115,
				5.855778217315674,
				5.484170436859131,
				4.650508880615234,
				0.05302917957305908,
				5.219677448272705
			],
			[
				0.17587494850158691,
				0.07429838180541992,
				-0.2674175500869751,
				-0.1425248384475708,
				-0.1854921579360962,
				0.006722450256347656,
				0.33668267726898193,
				-0.38242900371551514
			],
			[
				-0.42324721813201904,
				-0.18854272365570068,
				-0.07083511352539062,
				-0.3464171886444092,
				0.27482521533966064,
				-0.11158061027526855,
				0.17248201370239258,
				0.30543041229248047
			],
			[
				-0.2661173343658447,
				-0.08357584476470947,
				-0.46478796005249023,
				0.23639607429504395,
				-0.425281286239624,
				0.04570591449737549,
				-0.2880125045776367,
				0.24064898490905762
			],
			[
				0.41327106952667236,
				0.502748966217041,
				-1.291784405708313,
				3.251127243041992,
				1.690641164779663,
				1.3415528535842896,
				-0.1794896125793457,
				0.949341893196106
			],
			[
				0.44186878204345703,
				0.9354568719863892,
				-1.1803606748580933,
				1.0989421606063843,
				1.2432574033737183,
				0.8422210216522217,
				0.015482664108276367,
				0.7191660404205322
			],
			[
				-0.02154862880706787,
				0.26022303104400635,
				0.2740654945373535,
				-0.4313002824783325,
				0.4123973846435547,
				-0.0007145404815673828,
				-0.3064337968826294,
				0.03851902484893799
			],
			[
				0.8001258373260498,
				0.293211430311203,
				1.0440171957015991,
				0.032893139868974686,
				0.8062191009521484,
				0.4649169147014618,
				-0.23224973678588867,
				0.6828939318656921
			],
			[
				-0.1166052296757698,
				-0.23759888112545013,
				-1.615512490272522,
				-0.7423527240753174,
				0.4673251211643219,
				0.13124892115592957,
				0.2696770429611206,
				-0.19579479098320007
			],
			[
				0.8216239213943481,
				0.9314101934432983,
				0.9900957942008972,
				0.30096444487571716,
				0.299028217792511,
				0.9121665358543396,
				-0.3424948453903198,
				0.9101206660270691
			],
			[
				-0.4500511884689331,
				-0.38039660453796387,
				0.24006199836730957,
				0.28126204013824463,
				-0.17725586891174316,
				-0.4551849365234375,
				-0.31602203845977783,
				-0.48763179779052734
			],
			[
				1.4387766122817993,
				1.213597059249878,
				0.4841793179512024,
				3.9091289043426514,
				3.338853120803833,
				1.5775253772735596,
				0.33938825130462646,
				2.116966962814331
			],
			[
				-0.02716788835823536,
				0.1362389624118805,
				-1.66631281375885,
				-1.0185589790344238,
				-0.8136234879493713,
				-0.5778825283050537,
				-0.28972911834716797,
				-0.8143389821052551
			],
			[
				0.47847452759742737,
				0.5450306534767151,
				1.7416000366210938,
				1.213275671005249,
				0.9043352603912354,
				0.7939642667770386,
				-0.35457777976989746,
				0.3661886751651764
			],
			[
				-0.38147252798080444,
				0.09728791564702988,
				-0.2045973390340805,
				-0.41458559036254883,
				-0.3096780776977539,
				-0.2242003083229065,
				0.44547295570373535,
				0.15622496604919434
			]
		],
		"weight_1": [
			-0.22661885619163513,
			-0.06510412693023682,
			-0.930620551109314,
			-0.2835922837257385,
			-0.23615038394927979,
			-0.2669277787208557,
			0.0,
			0.09174464643001556
		]
	},
	"layer_2": {
		"weight_0": [
			[
				0.7628278136253357,
				-0.7003165483474731,
				1.1162234544754028,
				-0.6639571189880371
			],
			[
				1.4952888488769531,
				-0.002638471545651555,
				0.9385214447975159,
				-0.8780406713485718
			],
			[
				-2.3773081302642822,
				-0.15626317262649536,
				-3.6847546100616455,
				0.6749469041824341
			],
			[
				1.052426815032959,
				0.3552636504173279,
				1.8530610799789429,
				1.0800198316574097
			],
			[
				1.6573342084884644,
				-0.31420373916625977,
				1.1500338315963745,
				0.6447094678878784
			],
			[
				0.5300169587135315,
				0.06302672624588013,
				1.773358941078186,
				-0.18419820070266724
			],
			[
				-0.6766595244407654,
				-0.6305316686630249,
				0.4991222023963928,
				-0.3054788410663605
			],
			[
				0.9809406995773315,
				-0.4929697513580322,
				1.6026142835617065,
				0.01661549136042595
			]
		],
		"weight_1": [
			-0.5930431485176086,
			-0.0031622773967683315,
			-0.5858536958694458,
			-2.8739941120147705
		]
	},
	"layer_3": {
		"weight_0": [
			[
				2.210028648376465
			],
			[
				-1.0281661748886108
			],
			[
				2.6824846267700195
			],
			[
				-3.62325382232666
			]
		],
		"weight_1": [
			-0.5863280892372131
		]
	}
}