{
	"layer_0": {
		"weight_0": [
			[
				0.7767884731292725,
				0.16728568077087402,
				1.4536819458007812,
				1.327022910118103,
				1.1801735162734985,
				-0.20253723859786987,
				0.17276699841022491,
				1.490526795387268,
				1.474393367767334,
				0.24755501747131348,
				0.006204165518283844,
				-0.28340283036231995,
				1.5191149711608887,
				1.4806596040725708,
				1.2953721284866333,
				0.726577877998352
			],
			[
				1.7348542213439941,
				-0.3607420027256012,
				-1.0059795379638672,
				-0.8910697102546692,
				-0.506851851940155,
				-0.3978542685508728,
				-0.01602081023156643,
				-0.04816436395049095,
				-0.7059087157249451,
				-0.1651853322982788,
				0.009100612252950668,
				-0.1027015745639801,
				-0.6942457556724548,
				0.5966295003890991,
				-0.26191216707229614,
				-0.4992297887802124
			]
		],
		"weight_1": [
			0.6486358642578125,
			-0.12295487523078918,
			0.9982647895812988,
			1.0041707754135132,
			1.0871903896331787,
			0.0,
			-0.17683076858520508,
			1.0067819356918335,
			0.9988202452659607,
			-0.22734269499778748,
			-0.024688387289643288,
			0.0,
			0.9784983396530151,
			0.8994981050491333,
			1.0063917636871338,
			0.9300152659416199
		]
	},
	"layer_1": {
		"weight_0": [
			[
				0.1860891431570053,
				-0.14621011912822723,
				-0.24257957935333252,
				0.22923310101032257,
				0.9059800505638123,
				-0.0999993234872818,
				0.10022013634443283,
				1.1698577404022217
			],
			[
				-0.17181739211082458,
				0.0016654729843139648,
				0.19880890846252441,
				-0.3368135690689087,
				0.025942564010620117,
				-0.20210957527160645,
				-0.12590454518795013,
				0.19343675673007965
			],
			[
				-0.19699901342391968,
				0.1918565034866333,
				-0.10875105857849121,
				-0.1434059739112854,
				-0.23423631489276886,
				1.5133309364318848,
				0.14087457954883575,
				-0.614065408706665
			],
			[
				0.06593722850084305,
				0.04696083068847656,
				-0.2815307378768921,
				-0.5141777992248535,
				-0.1407974660396576,
				1.3934969902038574,
				-0.4229637384414673,
				-0.3394755423069
			],
			[
				0.21975965797901154,
				0.41628241539001465,
				-0.394214391708374,
				0.2558363378047943,
				0.17960043251514435,
				1.071345329284668,
				-0.18777146935462952,
				0.28142473101615906
			],
			[
				-0.46577370166778564,
				0.2154027223587036,
				-0.06850075721740723,
				-0.05805492401123047,
				-0.24981248378753662,
				-0.4266449213027954,
				-0.3462270498275757,
				-0.17162322998046875
			],
			[
				-0.4416046142578125,
				-0.3360929787158966,
				-0.08224451541900635,
				-0.019003329798579216,
				-0.0006635189056396484,
				-0.18363989889621735,
				0.285197913646698,
				-0.12052012979984283
			],
			[
				-0.28961509466171265,
				0.1531035304069519,
				-0.4028087854385376,
				0.08006900548934937,
				-0.010554661974310875,
				0.6996719837188721,
				-0.08172633498907089,
				0.03491006791591644
			],
			[
				0.375369131565094,
				-0.3687511086463928,
				-0.24925577640533447,
				-0.05906299501657486,
				0.4406804144382477,
				1.6048526763916016,
				-0.2165607064962387,
				-0.620190441608429
			],
			[
				-0.1488075703382492,
				0.008653268218040466,
				-0.046967148780822754,
				-0.18170157074928284,
				-0.2867969274520874,
				-0.05085621774196625,
				0.17276915907859802,
				0.44391512870788574
			],
			[
				-0.16624855995178223,
				0.3544519245624542,
				-0.14763092994689941,
				-0.21192666888237,
				-0.17150485515594482,
				-0.26592105627059937,
				-0.13183090090751648,
				0.4083007872104645
			],
			[
				-0.10326266288757324,
				-0.21122980117797852,
				-0.037768006324768066,
				0.16938984394073486,
				-0.3692169189453125,
				-0.11762464046478271,
				-0.265789270401001,
				0.47811198234558105
			],
			[
				0.38154879212379456,
				-0.42480897903442383,
				0.28913235664367676,
				-0.5836953520774841,
				-0.24949650466442108,
				1.0512268543243408,
				0.28760331869125366,
				-0.5488547682762146
			],
			[
				-0.317745566368103,
				0.1507108211517334,
				0.1489884853363037,
				-0.3741658329963684,
				0.10437905788421631,
				0.6452580690383911,
				0.38724303245544434,
				0.6220325231552124
			],
			[
				-0.5386966466903687,
				-0.21266978979110718,
				0.34275174140930176,
				0.1875244528055191,
				-0.3437635898590088,
				0.6255350708961487,
				-0.47990280389785767,
				0.4187895655632019
			],
			[
				0.17486275732517242,
				-0.0036653608549386263,
				0.20224714279174805,
				0.0794559195637703,
				-0.3626682758331299,
				0.7640387415885925,
				-0.34765660762786865,
				0.29198431968688965
			]
		],
		"weight_1": [
			-0.04184561222791672,
			-0.05311182513833046,
			0.0,
			-0.1261027455329895,
			-0.06606517732143402,
			1.0108106136322021,
			-0.02029597759246826,
			-0.29807719588279724
		]
	},
	"layer_2": {
		"weight_0": [
			[
				-0.49774008989334106,
				-0.5288845300674438,
				0.10635440796613693,
				-0.3618839681148529
			],
			[
				0.5638442635536194,
				-0.631138801574707,
				0.15988223254680634,
				0.1627318263053894
			],
			[
				0.044542670249938965,
				0.18044328689575195,
				0.32580453157424927,
				-0.16848891973495483
			],
			[
				-0.1619853377342224,
				0.3121081590652466,
				-0.18319059908390045,
				-0.35135626792907715
			],
			[
				0.2605662941932678,
				-0.9896870851516724,
				-1.2020609378814697,
				-0.3629361093044281
			],
			[
				-0.5736387968063354,
				1.2414730787277222,
				1.4951972961425781,
				-0.6407341361045837
			],
			[
				-0.633935809135437,
				-0.31631213426589966,
				-0.21000957489013672,
				-0.03121722862124443
			],
			[
				-0.4848807752132416,
				-2.1930556297302246,
				-2.099200487136841,
				0.44142860174179077
			]
		],
		"weight_1": [
			0.0,
			0.9855853915214539,
			1.0132036209106445,
			-0.0031622773967683315
		]
	},
	"layer_3": {
		"weight_0": [
			[
				-0.05031871795654297
			],
			[
				1.6077207326889038
			],
			[
				2.2688796520233154
			],
			[
				-0.9462119340896606
			]
		],
		"weight_1": [
			1.0190688371658325
		]
	}
}