{
	"layer_0": {
		"weight_0": [
			[
				0.3173409104347229,
				2.0171566009521484,
				2.1417953968048096,
				-0.26056182384490967,
				1.0099338293075562,
				1.6676348447799683,
				4.518259048461914,
				0.34187838435173035,
				3.8327291011810303,
				4.01591157913208,
				-0.4577048122882843,
				3.263789653778076,
				0.934688925743103,
				1.2337231636047363,
				0.7118536233901978,
				-0.5021505355834961
			],
			[
				3.8575074672698975,
				1.1320955753326416,
				-1.2397536039352417,
				-0.38585248589515686,
				3.1113176345825195,
				1.3840632438659668,
				0.011784836649894714,
				3.728905200958252,
				0.18021830916404724,
				-0.2263440042734146,
				-0.1205473244190216,
				0.22071696817874908,
				1.8608109951019287,
				2.811450242996216,
				3.0671753883361816,
				-0.4328417181968689
			]
		],
		"weight_1": [
			0.11172077059745789,
			-0.27039194107055664,
			-0.06960809230804443,
			0.0,
			0.16560877859592438,
			-0.036076802760362625,
			0.0021796973887830973,
			0.2886698246002197,
			-0.004430338274687529,
			0.23253962397575378,
			0.0,
			-0.0059985509142279625,
			0.05776126682758331,
			0.05014847218990326,
			0.17480690777301788,
			0.0
		]
	},
	"layer_1": {
		"weight_0": [
			[
				1.1678555011749268,
				-0.3733172118663788,
				-0.3176286220550537,
				0.9613626599311829,
				-0.19176459312438965,
				0.34649690985679626,
				2.2440695762634277,
				-0.05730311945080757
			],
			[
				0.5283387899398804,
				0.7123547196388245,
				0.1973329782485962,
				-0.7837815880775452,
				0.334597110748291,
				1.0254961252212524,
				0.7392688989639282,
				-0.42241397500038147
			],
			[
				0.4798026382923126,
				-12.370648384094238,
				0.14987564086914062,
				-2.084291458129883,
				0.01082456111907959,
				-7.103945255279541,
				0.9296854734420776,
				0.43742936849594116
			],
			[
				-0.3687114715576172,
				-0.44298553466796875,
				0.3141143321990967,
				-0.401364803314209,
				-0.24467229843139648,
				0.05015265941619873,
				-0.42566239833831787,
				0.12929916381835938
			],
			[
				1.1286238431930542,
				0.22782863676548004,
				-0.16995680332183838,
				0.8556429743766785,
				-0.11039972305297852,
				0.6141119599342346,
				1.5385544300079346,
				-0.3195662200450897
			],
			[
				0.5272080302238464,
				0.7239383459091187,
				-0.09381959587335587,
				-0.4046846926212311,
				-0.42559754848480225,
				0.5138779282569885,
				1.1317329406738281,
				0.31878283619880676
			],
			[
				-0.5439881682395935,
				2.7096216678619385,
				0.28858986496925354,
				-7.631511211395264,
				0.1312199831008911,
				2.7156147956848145,
				-0.27472370862960815,
				-0.25521332025527954
			],
			[
				1.073490023612976,
				-0.38897910714149475,
				-0.46504154801368713,
				0.9669251441955566,
				-0.1532515287399292,
				0.43516579270362854,
				2.0074715614318848,
				-0.0005376559565775096
			],
			[
				-0.5668238401412964,
				2.1020467281341553,
				-0.3744761049747467,
				-5.120034217834473,
				0.4856083393096924,
				1.6824183464050293,
				0.21946363151073456,
				0.1513964831829071
			],
			[
				-0.3074372708797455,
				2.9927456378936768,
				-0.35871386528015137,
				-6.2817816734313965,
				-0.04464232921600342,
				3.3250577449798584,
				-0.6033570766448975,
				-0.2818704843521118
			],
			[
				0.1495879888534546,
				0.07409417629241943,
				-0.18222737312316895,
				0.1769312620162964,
				0.3110227584838867,
				-0.1977083683013916,
				0.36992669105529785,
				0.4005039930343628
			],
			[
				-0.6682944297790527,
				1.9646532535552979,
				-0.10864502936601639,
				-4.4789862632751465,
				-0.29322123527526855,
				1.4488204717636108,
				0.6857724189758301,
				0.017909854650497437
			],
			[
				0.23391255736351013,
				0.4893500804901123,
				-0.07651899009943008,
				0.4351420998573303,
				-0.2654259204864502,
				0.4524431526660919,
				1.3488060235977173,
				0.17798912525177002
			],
			[
				1.0703270435333252,
				0.3710666298866272,
				-0.46669209003448486,
				0.3434271514415741,
				-0.3568190336227417,
				-0.05568092316389084,
				1.6080052852630615,
				-0.17124131321907043
			],
			[
				0.986548662185669,
				0.29989126324653625,
				0.48395341634750366,
				0.5724700689315796,
				-0.4208167791366577,
				-0.25169438123703003,
				1.5459606647491455,
				-0.27025529742240906
			],
			[
				0.3666653633117676,
				0.03257250785827637,
				0.35769808292388916,
				0.3167177438735962,
				-0.36229491233825684,
				-0.10723733901977539,
				-0.35379230976104736,
				-0.306382417678833
			]
		],
		"weight_1": [
			0.3796364963054657,
			-0.40053269267082214,
			-0.006319957785308361,
			0.946125328540802,
			0.0,
			-0.4792270064353943,
			0.26451772451400757,
			-0.03466346859931946
		]
	},
	"layer_2": {
		"weight_0": [
			[
				-0.7714537382125854,
				-2.352118492126465,
				-0.3969722390174866,
				-0.7106742858886719
			],
			[
				1.8366807699203491,
				1.1087522506713867,
				-0.48378512263298035,
				1.8583920001983643
			],
			[
				-0.11375880241394043,
				-0.3607889711856842,
				-0.5051107406616211,
				-0.10727536678314209
			],
			[
				-2.3437533378601074,
				-0.2032099813222885,
				0.16423159837722778,
				-2.3786330223083496
			],
			[
				-0.6896063685417175,
				-0.6175093054771423,
				-0.45474308729171753,
				0.4289091229438782
			],
			[
				0.40815845131874084,
				0.8516048789024353,
				0.30575770139694214,
				1.4866875410079956
			],
			[
				1.4146177768707275,
				-1.2858871221542358,
				-0.3391546607017517,
				1.03095543384552
			],
			[
				-0.025555115193128586,
				-0.54170823097229,
				0.29233527183532715,
				-0.4867458641529083
			]
		],
		"weight_1": [
			-0.017572233453392982,
			-0.3873651921749115,
			0.0,
			-0.011132927611470222
		]
	},
	"layer_3": {
		"weight_0": [
			[
				1.7059674263000488
			],
			[
				-4.629659652709961
			],
			[
				0.5918973684310913
			],
			[
				1.9134752750396729
			]
		],
		"weight_1": [
			-0.0093455845490098
		]
	}
}