{
	"layer_0": {
		"weight_0": [
			[
				-0.0647425502538681,
				0.13285090029239655,
				0.5506874322891235,
				0.5348659753799438,
				2.1075074672698975,
				1.3354765176773071,
				0.8592826128005981,
				2.7138373851776123,
				0.08742835372686386,
				-0.23053120076656342,
				0.24122728407382965,
				0.5444888472557068,
				-0.37372761964797974,
				2.6705381870269775,
				0.06412677466869354,
				-0.07300707697868347
			],
			[
				0.04427257925271988,
				-0.057126548141241074,
				-1.8245195150375366,
				-2.7593870162963867,
				-0.47062182426452637,
				2.1736369132995605,
				-0.36201852560043335,
				0.2063133865594864,
				2.8179116249084473,
				0.021258806809782982,
				-0.4575384259223938,
				-4.72372579574585,
				-0.3517923951148987,
				0.7363616824150085,
				-0.14609740674495697,
				0.14586669206619263
			]
		],
		"weight_1": [
			-0.044705502688884735,
			-0.12628228962421417,
			0.8242262601852417,
			0.7902354598045349,
			0.301190584897995,
			1.341713547706604,
			0.5820922255516052,
			0.22505229711532593,
			0.16356240212917328,
			1.369673252105713,
			-0.18024860322475433,
			0.33337506651878357,
			0.0,
			0.0749189481139183,
			-0.045379698276519775,
			1.741105318069458
		]
	},
	"layer_1": {
		"weight_0": [
			[
				-0.3510250449180603,
				-0.3346913456916809,
				-0.22303378582000732,
				0.25579583644866943,
				0.3374931216239929,
				-0.2984517216682434,
				-0.4478001296520233,
				-0.34646257758140564
			],
			[
				-0.08386272192001343,
				-0.2535984516143799,
				-0.05416584014892578,
				0.07766520977020264,
				-0.267278790473938,
				-0.07689033448696136,
				0.235639289021492,
				0.03950352221727371
			],
			[
				1.5646183490753174,
				1.3430215120315552,
				-0.3888814449310303,
				0.1191028356552124,
				1.5516046285629272,
				0.3923448920249939,
				1.2925729751586914,
				0.936142086982727
			],
			[
				1.3146649599075317,
				1.1977251768112183,
				-0.024595141410827637,
				-0.17593610286712646,
				1.5119309425354004,
				0.906000554561615,
				1.8588250875473022,
				1.839272141456604
			],
			[
				0.9225334525108337,
				0.8072388768196106,
				0.009299159049987793,
				-0.4156050682067871,
				0.44445252418518066,
				-1.7622700929641724,
				0.7419235706329346,
				0.3874703645706177
			],
			[
				-0.5452401638031006,
				0.18804210424423218,
				-0.4318728446960449,
				0.13868260383605957,
				0.37539222836494446,
				-0.0244304109364748,
				-1.1901224851608276,
				0.345276415348053
			],
			[
				0.4332459270954132,
				0.8185450434684753,
				-0.010866641998291016,
				-0.4943108558654785,
				0.38209962844848633,
				-0.09720249474048615,
				-0.07323257625102997,
				0.2072702795267105
			],
			[
				0.04728905111551285,
				0.4030952751636505,
				-0.3000774383544922,
				0.296250581741333,
				0.27404096722602844,
				-1.753385305404663,
				0.13246899843215942,
				0.43456947803497314
			],
			[
				-2.7363743782043457,
				-0.9538576602935791,
				-0.2714576721191406,
				-0.08199965953826904,
				-0.437936395406723,
				-0.35254815220832825,
				-4.1643195152282715,
				-1.0267025232315063
			],
			[
				0.18687592446804047,
				0.11931650340557098,
				-0.005125761032104492,
				0.018251538276672363,
				0.5561960339546204,
				0.42732179164886475,
				-0.21701478958129883,
				0.21713010966777802
			],
			[
				-0.28687575459480286,
				0.14748796820640564,
				-0.09042882919311523,
				0.026330947875976562,
				0.12530145049095154,
				0.15859712660312653,
				-0.1736648678779602,
				-0.008542738854885101
			],
			[
				2.7983133792877197,
				3.198741912841797,
				-0.2860182523727417,
				-0.2049800157546997,
				3.0632128715515137,
				-0.9248579740524292,
				3.5198922157287598,
				3.090451240539551
			],
			[
				0.37249505519866943,
				-0.43515634536743164,
				-0.04359710216522217,
				0.26060330867767334,
				0.22514855861663818,
				-0.29370951652526855,
				0.32408106327056885,
				0.2778475284576416
			],
			[
				-0.268426775932312,
				0.011549755930900574,
				0.07560229301452637,
				-0.42886126041412354,
				0.18521852791309357,
				-1.3877910375595093,
				0.11952667683362961,
				0.27486759424209595
			],
			[
				-0.48030439019203186,
				-0.39076554775238037,
				-0.2136472463607788,
				-0.16412925720214844,
				-0.43755728006362915,
				0.09702847898006439,
				0.3948110342025757,
				-0.41454946994781494
			],
			[
				0.03157813102006912,
				0.6434193849563599,
				-0.48145973682403564,
				-0.09965252876281738,
				0.08411179482936859,
				0.7022024393081665,
				-0.35251331329345703,
				0.6796491742134094
			]
		],
		"weight_1": [
			0.5746002793312073,
			0.7636871337890625,
			0.0,
			0.0,
			0.7621087431907654,
			1.846361756324768,
			0.4188337028026581,
			0.7659105658531189
		]
	},
	"layer_2": {
		"weight_0": [
			[
				2.2350881099700928,
				-0.5982562899589539,
				0.06811238825321198,
				1.805153727531433
			],
			[
				1.2344011068344116,
				-0.46848514676094055,
				-0.2593826353549957,
				1.50791335105896
			],
			[
				-0.6331552267074585,
				-0.040725648403167725,
				-0.5284714102745056,
				-0.3117285370826721
			],
			[
				-0.6066165566444397,
				-0.0011143684387207031,
				-0.5202015042304993,
				0.11362183094024658
			],
			[
				0.4439728856086731,
				-0.21569138765335083,
				-0.7459566593170166,
				0.9987690448760986
			],
			[
				-3.016949415206909,
				-0.46864598989486694,
				0.26012104749679565,
				-3.898815631866455
			],
			[
				4.324169158935547,
				0.13727986812591553,
				0.3614799976348877,
				4.7477569580078125
			],
			[
				0.9514948129653931,
				0.5566858649253845,
				0.6120158433914185,
				1.4859322309494019
			]
		],
		"weight_1": [
			0.6943705081939697,
			0.0,
			-0.08084876835346222,
			0.7461851835250854
		]
	},
	"layer_3": {
		"weight_0": [
			[
				1.8657000064849854
			],
			[
				1.0142276287078857
			],
			[
				-0.263073593378067
			],
			[
				2.1191563606262207
			]
		],
		"weight_1": [
			0.7404245734214783
		]
	}
}