{
	"layer_0": {
		"weight_0": [
			[
				0.6578057408332825,
				-0.2591525614261627,
				0.4734799861907959,
				-0.24885255098342896,
				-0.21448780596256256,
				1.7842577695846558,
				0.26480358839035034,
				0.7477861046791077,
				3.873577833175659,
				-6.75717306137085,
				0.3006521165370941,
				-1.8756861686706543,
				-0.24571436643600464,
				1.1769992113113403,
				4.082015514373779,
				2.8618035316467285
			],
			[
				-3.6236259937286377,
				-0.5558454394340515,
				-2.5993266105651855,
				-0.21286246180534363,
				-0.9126421213150024,
				-0.6537144184112549,
				-2.127267837524414,
				-5.225284099578857,
				-0.7343383431434631,
				-1.6626412868499756,
				-1.2853312492370605,
				-1.373900294303894,
				-0.3803556561470032,
				-9.719785690307617,
				-0.5754409432411194,
				-0.2580883204936981
			]
		],
		"weight_1": [
			0.457096666097641,
			0.0,
			0.7181876301765442,
			0.0,
			1.2376611232757568,
			0.7002936005592346,
			1.166380763053894,
			0.28944066166877747,
			0.5321483612060547,
			1.3378466367721558,
			0.9002828001976013,
			1.932133674621582,
			0.0,
			0.14870209991931915,
			0.6273342967033386,
			0.5804063677787781
		]
	},
	"layer_1": {
		"weight_0": [
			[
				1.3429759740829468,
				0.3543478846549988,
				2.6247875690460205,
				1.8742669820785522,
				-1.2136859893798828,
				2.0155153274536133,
				1.107338786125183,
				-0.20370376110076904
			],
			[
				0.13930976390838623,
				0.17451655864715576,
				0.23511314392089844,
				0.008901596069335938,
				-0.22307908535003662,
				-0.23886442184448242,
				-0.005519390106201172,
				0.3616875410079956
			],
			[
				1.236523985862732,
				-0.22215509414672852,
				1.7015917301177979,
				2.0965840816497803,
				-0.29209646582603455,
				2.111970901489258,
				0.8356136083602905,
				0.2703988552093506
			],
			[
				-0.16498017311096191,
				0.27799904346466064,
				-0.12677335739135742,
				0.3579833507537842,
				0.457686185836792,
				0.0035799741744995117,
				0.4854750633239746,
				-0.08396291732788086
			],
			[
				1.8222352266311646,
				-0.1478344202041626,
				0.5444788932800293,
				1.8735674619674683,
				-0.29146498441696167,
				0.5112078189849854,
				0.3266100585460663,
				-0.007683751173317432
			],
			[
				0.7196370363235474,
				-0.4672880172729492,
				1.3539372682571411,
				0.8795920014381409,
				-0.15228010714054108,
				1.014305830001831,
				-0.9946076273918152,
				-0.42066532373428345
			],
			[
				1.0035996437072754,
				-0.1454867124557495,
				1.4450299739837646,
				2.106729507446289,
				0.1628914326429367,
				1.2603753805160522,
				0.3352612555027008,
				-0.23107540607452393
			],
			[
				2.2318062782287598,
				0.048021383583545685,
				3.5383307933807373,
				1.4300503730773926,
				-2.5384111404418945,
				3.4972739219665527,
				0.3811413645744324,
				-0.15961313247680664
			],
			[
				-0.23609313368797302,
				-0.185109943151474,
				0.7899004220962524,
				-0.1719679832458496,
				0.10201183706521988,
				0.19928398728370667,
				-0.6643436551094055,
				-0.3346351087093353
			],
			[
				-0.1729765087366104,
				-0.3383837938308716,
				0.0805913433432579,
				0.21788068115711212,
				0.965878963470459,
				-0.12252170592546463,
				1.0964843034744263,
				-0.36595630645751953
			],
			[
				0.9295827150344849,
				-0.003593769855797291,
				0.18099850416183472,
				1.1390440464019775,
				0.38477370142936707,
				0.727561891078949,
				-0.6407437920570374,
				-0.08916110545396805
			],
			[
				2.415440082550049,
				-0.24562278389930725,
				-0.040307123214006424,
				1.0966365337371826,
				0.8827435374259949,
				0.09196671843528748,
				0.47093749046325684,
				-0.2692786455154419
			],
			[
				-0.04072868824005127,
				0.3855057954788208,
				0.13075077533721924,
				-0.349328875541687,
				-0.21999013423919678,
				-0.2545367479324341,
				0.14201200008392334,
				-0.19062304496765137
			],
			[
				4.82375431060791,
				0.06261669844388962,
				5.704769611358643,
				3.438660144805908,
				-4.924027919769287,
				6.48725700378418,
				-1.6866192817687988,
				0.16064345836639404
			],
			[
				0.5426769852638245,
				0.3971427381038666,
				0.6893659830093384,
				-0.14195412397384644,
				0.4565219283103943,
				1.0914084911346436,
				-1.3967454433441162,
				0.16102083027362823
			],
			[
				0.5008271336555481,
				-0.35489094257354736,
				0.893886923789978,
				-0.057911183685064316,
				-0.09558731317520142,
				1.2489813566207886,
				-1.4627965688705444,
				0.35462838411331177
			]
		],
		"weight_1": [
			1.4376827478408813,
			0.0031622559763491154,
			0.8211290240287781,
			0.9093976020812988,
			0.2208608239889145,
			0.5918967127799988,
			0.5596609115600586,
			-0.07268660515546799
		]
	},
	"layer_2": {
		"weight_0": [
			[
				0.6662279963493347,
				-0.27338775992393494,
				0.06811840087175369,
				1.7103782892227173
			],
			[
				0.002863466739654541,
				-0.16678386926651,
				0.44892579317092896,
				0.30142319202423096
			],
			[
				-0.29987359046936035,
				0.2617633640766144,
				-0.42394375801086426,
				1.8854683637619019
			],
			[
				-0.04001625254750252,
				-0.19376546144485474,
				0.7716080546379089,
				1.7188268899917603
			],
			[
				1.715721845626831,
				0.6626937389373779,
				0.8909484148025513,
				-2.920320510864258
			],
			[
				-0.45168423652648926,
				0.3323974907398224,
				-0.49255263805389404,
				1.398454189300537
			],
			[
				2.3850927352905273,
				2.5055274963378906,
				1.8342658281326294,
				-1.9973955154418945
			],
			[
				0.6796678900718689,
				-0.4775979816913605,
				-0.20301558077335358,
				0.1281617432832718
			]
		],
		"weight_1": [
			0.6351664662361145,
			-0.33544811606407166,
			0.48851874470710754,
			1.0625815391540527
		]
	},
	"layer_3": {
		"weight_0": [
			[
				-3.7435381412506104
			],
			[
				-3.7706689834594727
			],
			[
				-3.644948720932007
			],
			[
				1.683846354484558
			]
		],
		"weight_1": [
			1.0578871965408325
		]
	}
}