{
	"layer_0": {
		"weight_0": [
			[
				0.7224150896072388,
				-0.5452328324317932,
				0.4883256256580353,
				-0.5934612154960632,
				0.7281716465950012,
				0.7297455668449402,
				0.41849285364151,
				0.12550833821296692,
				0.4350143373012543,
				-0.323697954416275,
				0.7740231156349182,
				0.5715981721878052,
				0.23086069524288177,
				0.788833498954773,
				0.2616150379180908,
				0.8527330756187439
			],
			[
				-0.03560525178909302,
				-0.1102701723575592,
				0.021459760144352913,
				0.14644910395145416,
				0.07435273379087448,
				-0.208927720785141,
				0.3232215344905853,
				0.5021328330039978,
				0.539731502532959,
				-0.3094503879547119,
				0.27912306785583496,
				0.21156059205532074,
				0.6346036195755005,
				0.3715455234050751,
				0.7100303769111633,
				-0.03385425731539726
			]
		],
		"weight_1": [
			0.3696887791156769,
			0.0,
			0.08710040897130966,
			-0.12443334609270096,
			0.3562973737716675,
			0.2416009157896042,
			0.36837586760520935,
			0.37330445647239685,
			0.35563820600509644,
			0.0,
			0.31842392683029175,
			0.3552568554878235,
			0.3641265034675598,
			0.3676908612251282,
			0.3660212755203247,
			0.3655032217502594
		]
	},
	"layer_1": {},
	"layer_2": {
		"weight_0": [
			[
				-0.22471754252910614,
				0.03032660484313965,
				0.587711751461029,
				0.3808169960975647,
				-0.25061702728271484,
				0.5100069642066956,
				0.8598008155822754,
				0.11002753674983978
			],
			[
				-0.4162493944168091,
				-0.30686676502227783,
				-0.36774742603302,
				0.22995245456695557,
				0.4952439069747925,
				0.14661800861358643,
				-0.17447686195373535,
				-0.1483219861984253
			],
			[
				0.33428123593330383,
				-0.48376187682151794,
				-0.11220015585422516,
				-0.2972109913825989,
				-0.19714081287384033,
				0.7412829399108887,
				0.18322187662124634,
				0.07716059684753418
			],
			[
				0.07928375899791718,
				-0.23306557536125183,
				-0.28460055589675903,
				0.08342089504003525,
				-0.302962064743042,
				-0.3745795488357544,
				-0.17233221232891083,
				-0.11407208442687988
			],
			[
				0.06851164996623993,
				-0.34490078687667847,
				0.6659777164459229,
				0.09079738706350327,
				0.4935338497161865,
				-0.02380448766052723,
				0.601039707660675,
				0.1712733805179596
			],
			[
				0.2658091187477112,
				0.11323200166225433,
				0.4444829225540161,
				-0.1826292723417282,
				-0.21036291122436523,
				0.42777758836746216,
				-0.015848781913518906,
				0.15730862319469452
			],
			[
				-0.23256509006023407,
				-0.26518937945365906,
				0.629024088382721,
				0.20899443328380585,
				0.31116974353790283,
				0.5026479959487915,
				0.8025184273719788,
				0.2500566840171814
			],
			[
				-0.40898290276527405,
				-0.15816231071949005,
				0.7839122414588928,
				0.5823448896408081,
				-0.22573447227478027,
				0.7758134603500366,
				0.2744280993938446,
				-0.11513743549585342
			],
			[
				-0.18460799753665924,
				0.1647178828716278,
				0.2017613798379898,
				0.418475866317749,
				-0.012112736701965332,
				0.3537999987602234,
				0.6590781807899475,
				0.0546320416033268
			],
			[
				-0.27274560928344727,
				0.09325706958770752,
				0.1661384105682373,
				-0.00658726692199707,
				0.4851187467575073,
				-0.33065593242645264,
				-0.3041682243347168,
				0.2288748025894165
			],
			[
				0.1327049434185028,
				0.29309913516044617,
				0.3025639057159424,
				-0.14306730031967163,
				0.21960175037384033,
				0.626497745513916,
				0.7819699645042419,
				0.4441254734992981
			],
			[
				-0.35666370391845703,
				-0.15394923090934753,
				0.11846374720335007,
				0.48188483715057373,
				-0.48325228691101074,
				0.6339993476867676,
				0.3617785573005676,
				-0.4545818865299225
			],
			[
				-0.05613785609602928,
				0.2937890887260437,
				0.6778756976127625,
				0.38201984763145447,
				-0.1772674322128296,
				-0.04190138354897499,
				0.5023468732833862,
				-0.406730055809021
			],
			[
				-0.08659674972295761,
				0.025125866755843163,
				0.5842435359954834,
				-0.3753155767917633,
				-0.03057730197906494,
				0.24409207701683044,
				0.46576225757598877,
				-0.012315645813941956
			],
			[
				0.3083338141441345,
				-0.18171784281730652,
				0.8310628533363342,
				0.5483567714691162,
				0.1132211685180664,
				0.2335260957479477,
				0.43450942635536194,
				-0.41196927428245544
			],
			[
				0.2054227739572525,
				-0.48238128423690796,
				0.6704190969467163,
				-0.10462594777345657,
				-0.360004186630249,
				0.5779507756233215,
				0.5333567261695862,
				-0.354880154132843
			]
		],
		"weight_1": [
			-0.05116887763142586,
			-0.046836718916893005,
			0.35513103008270264,
			0.11614610254764557,
			0.0,
			0.3632426857948303,
			0.36335843801498413,
			-0.04267395660281181
		]
	},
	"layer_3": {},
	"layer_4": {
		"weight_0": [
			[
				-0.29131677746772766,
				0.13613194227218628,
				0.2955961227416992,
				0.26733022928237915
			],
			[
				-0.3994906544685364,
				-0.5225863456726074,
				-0.3491593897342682,
				0.25932300090789795
			],
			[
				0.8663402795791626,
				-0.4318532943725586,
				-0.21494153141975403,
				-0.15814661979675293
			],
			[
				0.2327067106962204,
				-0.26750874519348145,
				-0.542059600353241,
				-0.07548379898071289
			],
			[
				-0.3538721799850464,
				0.7037754654884338,
				-0.49567341804504395,
				0.35637956857681274
			],
			[
				0.5730466842651367,
				-0.6856606006622314,
				-0.02023366652429104,
				0.39933496713638306
			],
			[
				0.7426936030387878,
				-0.10225582122802734,
				0.2042047381401062,
				-0.5958011746406555
			],
			[
				-0.29712820053100586,
				-0.0779992938041687,
				0.4447935223579407,
				-0.23555299639701843
			]
		],
		"weight_1": [
			0.3520556688308716,
			0.0,
			-0.04836510494351387,
			0.0
		]
	},
	"layer_5": {},
	"layer_6": {
		"weight_0": [
			[
				8.312134742736816
			],
			[
				-0.8569669723510742
			],
			[
				-0.6498153209686279
			],
			[
				0.7305595874786377
			]
		],
		"weight_1": [
			7.4432830810546875
		]
	}
}