{
	"layer_0": {
		"weight_0": [
			[
				2.5753042697906494,
				0.018558595329523087,
				0.7505527138710022,
				-0.0895463153719902,
				-0.5491604208946228,
				0.6942728757858276,
				2.2260048389434814,
				0.011039224453270435,
				0.6730635166168213,
				-0.03945821523666382,
				-0.2930946946144104,
				2.5640249252319336,
				0.15022319555282593,
				2.224684953689575,
				-0.351032018661499,
				2.7751517295837402
			],
			[
				-0.0747263953089714,
				-0.48895907402038574,
				-3.0879011154174805,
				0.005539597477763891,
				-0.24800419807434082,
				-5.902384281158447,
				-0.49764344096183777,
				-0.02557685412466526,
				-1.7841275930404663,
				-0.018720686435699463,
				-0.34604424238204956,
				-0.25950944423675537,
				-0.46412962675094604,
				-0.14134839177131653,
				-0.3309205174446106,
				0.31453636288642883
			]
		],
		"weight_1": [
			0.46403267979621887,
			-0.0021882792934775352,
			0.7396538853645325,
			-0.005732902325689793,
			0.0,
			0.4350506365299225,
			0.02646719291806221,
			-0.010419029742479324,
			1.562690258026123,
			0.0,
			0.0,
			0.5375072956085205,
			-0.0885705053806305,
			0.36048394441604614,
			0.0,
			-0.685101330280304
		]
	},
	"layer_1": {},
	"layer_2": {
		"weight_0": [
			[
				0.9694086909294128,
				1.1657538414001465,
				-0.14475993812084198,
				0.8827254772186279,
				0.2538236975669861,
				-0.4718274474143982,
				1.6514428853988647,
				0.3182462453842163
			],
			[
				-0.13851025700569153,
				0.11415993422269821,
				0.19510650634765625,
				-0.3467654287815094,
				0.29116714000701904,
				0.3898019790649414,
				0.007027365267276764,
				-0.4756947457790375
			],
			[
				3.0911824703216553,
				2.414541244506836,
				-0.9927113056182861,
				-1.4897453784942627,
				-0.6529378294944763,
				0.39640238881111145,
				3.0985426902770996,
				-0.8063342571258545
			],
			[
				-0.005781011190265417,
				-0.4687400758266449,
				0.22295811772346497,
				-0.19808445870876312,
				-0.07971996814012527,
				0.0821143388748169,
				-0.1947040557861328,
				0.29557740688323975
			],
			[
				-0.030502796173095703,
				0.40362977981567383,
				-0.41789257526397705,
				-0.08069610595703125,
				-0.08911442756652832,
				-0.377302885055542,
				-0.040262460708618164,
				-0.43678832054138184
			],
			[
				4.107029438018799,
				3.52236270904541,
				-1.867651343345642,
				-0.9366562366485596,
				-2.4543797969818115,
				-0.2826543152332306,
				3.4803214073181152,
				-1.9676613807678223
			],
			[
				2.040782928466797,
				1.8823803663253784,
				-0.9363284111022949,
				-1.038774013519287,
				-0.5566688776016235,
				-0.07661556452512741,
				1.7721027135849,
				-0.3325236439704895
			],
			[
				-0.2576330304145813,
				-0.27041488885879517,
				-0.068058080971241,
				-0.261343389749527,
				0.16623857617378235,
				0.43363356590270996,
				0.4150053560733795,
				-0.48540231585502625
			],
			[
				0.6404937505722046,
				0.8691699504852295,
				0.7291000485420227,
				0.6796334981918335,
				0.48573803901672363,
				-0.36284008622169495,
				0.35040152072906494,
				0.5943227410316467
			],
			[
				0.33058154582977295,
				-0.16879045963287354,
				0.351642370223999,
				-0.32523488998413086,
				-0.26156091690063477,
				-0.09122717380523682,
				-0.3432176113128662,
				0.11743283271789551
			],
			[
				0.09351050853729248,
				0.27223193645477295,
				0.0714026689529419,
				0.20152533054351807,
				-0.030632495880126953,
				0.1560821533203125,
				0.26642727851867676,
				-0.07367193698883057
			],
			[
				1.1785403490066528,
				1.3706570863723755,
				0.4696352779865265,
				0.3298913240432739,
				0.15670543909072876,
				0.3055420219898224,
				1.4114309549331665,
				-0.005274991039186716
			],
			[
				-0.3149380683898926,
				-0.10846798866987228,
				0.44663479924201965,
				0.18975216150283813,
				0.4243558943271637,
				0.10493826866149902,
				-0.06949806213378906,
				0.3779076039791107
			],
			[
				1.3930890560150146,
				1.1188654899597168,
				-0.0011261207982897758,
				0.7148799896240234,
				0.03167371079325676,
				-0.32991713285446167,
				1.4632699489593506,
				-0.37340930104255676
			],
			[
				0.49635636806488037,
				0.343783974647522,
				0.17799437046051025,
				-0.1602715253829956,
				0.1475611925125122,
				0.08054912090301514,
				0.2380439043045044,
				0.002481222152709961
			],
			[
				-0.10771024972200394,
				-0.3419862687587738,
				1.8304928541183472,
				-1.198960542678833,
				1.0088093280792236,
				0.2794853746891022,
				-0.5892372131347656,
				1.5141472816467285
			]
		],
		"weight_1": [
			0.4858245849609375,
			0.4643561840057373,
			0.547565221786499,
			-0.1270187795162201,
			0.7111996412277222,
			-0.044858355075120926,
			0.5965341925621033,
			0.7170088291168213
		]
	},
	"layer_3": {},
	"layer_4": {
		"weight_0": [
			[
				-0.1584388166666031,
				-0.4681966304779053,
				2.179792642593384,
				-0.452143132686615
			],
			[
				-0.1649273931980133,
				-0.23779477179050446,
				1.7739062309265137,
				0.15090340375900269
			],
			[
				1.5533270835876465,
				0.5744538307189941,
				-2.9192497730255127,
				0.2719312906265259
			],
			[
				-2.679257869720459,
				0.2725257873535156,
				1.7484475374221802,
				0.35236436128616333
			],
			[
				1.6031858921051025,
				0.32155776023864746,
				-1.8250939846038818,
				-0.26283448934555054
			],
			[
				0.44371360540390015,
				0.4688730835914612,
				-0.26070183515548706,
				0.40174561738967896
			],
			[
				0.43371304869651794,
				-0.5404314994812012,
				1.9750208854675293,
				-0.03368884325027466
			],
			[
				1.2452808618545532,
				-0.024084612727165222,
				-2.1949315071105957,
				-0.6468346118927002
			]
		],
		"weight_1": [
			0.584679126739502,
			-0.03701114282011986,
			0.5852128863334656,
			0.0
		]
	},
	"layer_5": {},
	"layer_6": {
		"weight_0": [
			[
				-3.1017813682556152
			],
			[
				-0.4645761549472809
			],
			[
				2.0321054458618164
			],
			[
				-0.24242842197418213
			]
		],
		"weight_1": [
			0.5817714333534241
		]
	}
}