{
	"layer_0": {
		"weight_0": [
			[
				0.04466181993484497,
				-0.11813047528266907,
				-0.5522709488868713,
				0.532450795173645,
				0.16451892256736755,
				-0.25548017024993896,
				-0.31593871116638184,
				0.35845690965652466,
				0.040754031389951706,
				0.3295699954032898,
				-0.08351609110832214,
				0.5345170497894287,
				-0.23228102922439575,
				-0.015042411163449287,
				-0.26565325260162354,
				0.24781036376953125
			],
			[
				-0.500470757484436,
				-0.40125948190689087,
				-0.01309734582901001,
				-0.48658496141433716,
				0.22937771677970886,
				-0.4389689862728119,
				0.07249533385038376,
				0.09849376231431961,
				0.2859853506088257,
				-0.5336325764656067,
				0.15107610821723938,
				-0.05530659854412079,
				-0.3311029076576233,
				0.39213383197784424,
				0.45826929807662964,
				-0.5507044792175293
			]
		],
		"weight_1": [
			0.0,
			0.0,
			0.0,
			0.0,
			-0.018708132207393646,
			0.0,
			0.03501661494374275,
			0.02112850733101368,
			0.019264865666627884,
			0.0,
			-0.017745021730661392,
			0.01658189296722412,
			0.0,
			-0.02334916591644287,
			-0.02023172751069069,
			0.0
		]
	},
	"layer_1": {
		"weight_0": [
			[
				-0.4732842445373535,
				-0.3838307857513428,
				0.03980123996734619,
				-0.4217801094055176,
				-0.4075356721878052,
				-0.10029876232147217,
				0.23235869407653809,
				0.19178450107574463
			],
			[
				-0.11435866355895996,
				-0.12138378620147705,
				-0.4912606477737427,
				-0.26761460304260254,
				0.33478593826293945,
				-0.4920262098312378,
				-0.13692831993103027,
				-0.46374452114105225
			],
			[
				-0.3166494369506836,
				-0.1998196840286255,
				-0.1201317310333252,
				0.4767845869064331,
				-0.026428580284118652,
				0.0741657018661499,
				0.22513866424560547,
				0.19304978847503662
			],
			[
				-0.13178324699401855,
				0.29991376399993896,
				0.3272876739501953,
				-0.16310179233551025,
				-0.3096132278442383,
				0.14333105087280273,
				0.10595250129699707,
				-0.3676643371582031
			],
			[
				-0.445324182510376,
				0.24036671221256256,
				-0.07585293054580688,
				-0.11139070987701416,
				0.1221628189086914,
				0.14213445782661438,
				0.3267505168914795,
				-0.01509188860654831
			],
			[
				-0.0790179967880249,
				0.32854652404785156,
				-0.4147728681564331,
				0.25320565700531006,
				-0.13287580013275146,
				-0.10043632984161377,
				0.02642655372619629,
				0.10913383960723877
			],
			[
				-0.13580262660980225,
				0.16644448041915894,
				0.3526228964328766,
				0.3185542821884155,
				-0.41476500034332275,
				-0.36581987142562866,
				-0.21284958720207214,
				-0.4061329662799835
			],
			[
				-0.41618359088897705,
				-0.21496424078941345,
				-0.19123025238513947,
				-0.012000679969787598,
				-0.4794121980667114,
				-0.3106330931186676,
				-0.13988639414310455,
				-0.10606210678815842
			],
			[
				-0.36295127868652344,
				-0.06628484278917313,
				0.2718256413936615,
				0.07072925567626953,
				-0.15362560749053955,
				-0.26937493681907654,
				-0.28054079413414,
				0.26749280095100403
			],
			[
				-0.2736603021621704,
				0.44220125675201416,
				-0.4486609697341919,
				0.20294201374053955,
				0.3697378635406494,
				-0.3772001266479492,
				-0.4846639633178711,
				0.1260664463043213
			],
			[
				0.09185314178466797,
				0.4474465847015381,
				0.03582534193992615,
				-0.11085116863250732,
				-0.22692275047302246,
				-0.15366493165493011,
				0.24671810865402222,
				0.034236080944538116
			],
			[
				-0.49111735820770264,
				-0.2088635116815567,
				0.40129807591438293,
				-0.016229629516601562,
				0.47968780994415283,
				0.09972918033599854,
				-0.43248388171195984,
				-0.42780831456184387
			],
			[
				-0.1304917335510254,
				-0.22125935554504395,
				0.3734135627746582,
				0.2388620376586914,
				-0.32047533988952637,
				-0.40399301052093506,
				-0.4226583242416382,
				-0.3015251159667969
			],
			[
				-0.2614477872848511,
				-0.3352294862270355,
				-0.002230565994977951,
				-0.35762619972229004,
				-0.4811363220214844,
				0.19891634583473206,
				0.20847663283348083,
				0.25760844349861145
			],
			[
				-0.19269180297851562,
				0.43405094742774963,
				0.4499385356903076,
				0.031940340995788574,
				-0.499001145362854,
				0.3361322283744812,
				-0.1739521324634552,
				0.12530872225761414
			],
			[
				0.3513106107711792,
				-0.2521841526031494,
				0.15921235084533691,
				-0.17627429962158203,
				0.15720140933990479,
				-0.24685227870941162,
				0.4698721170425415,
				0.08288908004760742
			]
		],
		"weight_1": [
			0.0,
			-0.01972692646086216,
			0.0208462905138731,
			0.0,
			0.0,
			-0.021236158907413483,
			-0.001789446105249226,
			-0.02296561561524868
		]
	},
	"layer_2": {
		"weight_0": [
			[
				0.6757574677467346,
				0.5183985829353333,
				-0.1779087781906128,
				0.2504827380180359
			],
			[
				0.5503157377243042,
				0.680539071559906,
				0.4300662875175476,
				0.5514397621154785
			],
			[
				-0.5812444686889648,
				-0.37163472175598145,
				-0.21381500363349915,
				-0.3540271818637848
			],
			[
				-0.5872625112533569,
				0.0770077109336853,
				-0.09145951271057129,
				0.5125297904014587
			],
			[
				-0.6161761283874512,
				0.41555649042129517,
				-0.29331254959106445,
				-0.13176894187927246
			],
			[
				0.4897953271865845,
				-0.07714271545410156,
				-0.5227584838867188,
				0.15391451120376587
			],
			[
				-0.1553037464618683,
				-0.5905044674873352,
				-0.700291097164154,
				0.4852330982685089
			],
			[
				0.45013853907585144,
				-0.34778499603271484,
				-0.3470204472541809,
				-0.1686585396528244
			]
		],
		"weight_1": [
			-0.022213030606508255,
			0.0,
			0.0,
			-0.004828059114515781
		]
	},
	"layer_3": {
		"weight_0": [
			[
				-0.2620342969894409
			],
			[
				0.0713047981262207
			],
			[
				-0.891305685043335
			],
			[
				-0.5040697455406189
			]
		],
		"weight_1": [
			2.363356590270996
		]
	}
}