{
	"layer_0": {
		"weight_0": [
			[
				-0.3618151843547821,
				0.07896417379379272,
				-0.08698663115501404,
				0.054346419870853424,
				-0.032280564308166504,
				0.5080345273017883,
				0.11953341960906982,
				0.3201245665550232,
				-0.3033977448940277,
				-0.00018270546570420265,
				-0.41863226890563965,
				-0.18227536976337433,
				-0.2460404634475708,
				-0.3867253065109253,
				0.1761220097541809,
				-0.07547736167907715
			],
			[
				0.30027252435684204,
				0.07102584838867188,
				-0.33359891176223755,
				0.15622790157794952,
				-0.3273269832134247,
				0.020794818177819252,
				-0.2892964780330658,
				0.15270094573497772,
				-0.35220038890838623,
				0.36625343561172485,
				-0.5342528223991394,
				0.29887837171554565,
				-0.37037885189056396,
				0.34668415784835815,
				-0.18428871035575867,
				-0.37923121452331543
			]
		],
		"weight_1": [
			0.003162275766953826,
			0.0031622701790183783,
			0.0,
			0.0031622762326151133,
			0.0,
			0.0031622759997844696,
			0.0,
			-0.0031622753012925386,
			0.0,
			0.003162228036671877,
			0.0,
			-0.0031622746028006077,
			0.0,
			-0.003162275068461895,
			0.0,
			0.0
		]
	},
	"layer_1": {},
	"layer_2": {
		"weight_0": [
			[
				0.40554940700531006,
				-0.2161165475845337,
				-0.05955231189727783,
				0.38262176513671875,
				0.08021628111600876,
				-0.2403559684753418,
				0.25628745555877686,
				0.4133501350879669
			],
			[
				-0.02756822668015957,
				0.39741039276123047,
				0.44140613079071045,
				-0.4595978260040283,
				0.04477358236908913,
				-0.19584619998931885,
				0.4755321443080902,
				0.0035615935921669006
			],
			[
				0.25045156478881836,
				-0.17238807678222656,
				0.4512760639190674,
				0.38549935817718506,
				-0.20557940006256104,
				0.47334468364715576,
				-0.03356277942657471,
				0.3442312479019165
			],
			[
				0.21678459644317627,
				0.320121169090271,
				-0.30367231369018555,
				-0.03646886348724365,
				-0.26501309871673584,
				0.3495309352874756,
				0.34754860401153564,
				-0.22444458305835724
			],
			[
				-0.18512487411499023,
				-0.362072229385376,
				0.12055647373199463,
				-0.08654117584228516,
				-0.010465502738952637,
				0.22408723831176758,
				0.34799695014953613,
				0.1392117738723755
			],
			[
				-0.08094336092472076,
				-0.2910137176513672,
				-0.4402472972869873,
				-0.08408284187316895,
				-0.399242639541626,
				0.2978789806365967,
				0.44024521112442017,
				-0.01736566796898842
			],
			[
				0.21366429328918457,
				0.22733163833618164,
				-0.18983817100524902,
				0.40674400329589844,
				-0.44454705715179443,
				-0.30768775939941406,
				0.47662782669067383,
				0.007477164268493652
			],
			[
				-0.45554685592651367,
				-0.2981088161468506,
				-0.3261528015136719,
				0.2925347089767456,
				-0.07390118390321732,
				-0.16900193691253662,
				0.03911268338561058,
				-0.45898908376693726
			],
			[
				-0.33469057083129883,
				-0.1681053638458252,
				-0.10172951221466064,
				-0.11350131034851074,
				-0.19585669040679932,
				0.44419753551483154,
				0.19548916816711426,
				0.09700393676757812
			],
			[
				-0.20835040509700775,
				-0.3830157518386841,
				0.010612130165100098,
				-0.09274542331695557,
				-0.13220204412937164,
				0.1744096279144287,
				0.23363423347473145,
				0.08699018508195877
			],
			[
				0.0306546688079834,
				0.37055039405822754,
				-0.1969008445739746,
				0.07624900341033936,
				-0.4541679620742798,
				-0.15658283233642578,
				0.4591946601867676,
				-0.2696692943572998
			],
			[
				0.10225654393434525,
				-0.4180644750595093,
				0.33295750617980957,
				-0.07984650135040283,
				0.37567174434661865,
				-0.11451494693756104,
				0.01054621022194624,
				-0.3221789300441742
			],
			[
				-0.052374958992004395,
				-0.00555729866027832,
				-0.30312955379486084,
				0.37536394596099854,
				0.18662738800048828,
				0.05003643035888672,
				0.4770925045013428,
				-0.043442606925964355
			],
			[
				0.0833592489361763,
				-0.23388826847076416,
				-0.4480295181274414,
				-0.24904978275299072,
				0.47133326530456543,
				-0.0899209976196289,
				-0.08138012886047363,
				0.15755099058151245
			],
			[
				0.19038331508636475,
				-0.12255454063415527,
				0.3253200054168701,
				-0.2867180109024048,
				0.24504601955413818,
				-0.4390065670013428,
				-0.06035304069519043,
				0.4645524024963379
			],
			[
				0.12716937065124512,
				-0.10611271858215332,
				0.2605997323989868,
				-0.46407508850097656,
				-0.35840821266174316,
				0.05383181571960449,
				0.37015676498413086,
				0.23505103588104248
			]
		],
		"weight_1": [
			0.0031622766982764006,
			0.0,
			0.0,
			0.0,
			-0.0031622769311070442,
			0.0,
			0.0031622753012925386,
			0.003162223380059004
		]
	},
	"layer_3": {},
	"layer_4": {
		"weight_0": [
			[
				-0.15336227416992188,
				0.5449050068855286,
				-0.6216983199119568,
				-0.6215065717697144
			],
			[
				0.23158985376358032,
				0.2666332721710205,
				0.2295263409614563,
				-0.5938374400138855
			],
			[
				-0.704584002494812,
				0.46025794744491577,
				0.6013862490653992,
				-0.2560822367668152
			],
			[
				0.6067530512809753,
				-0.4860996603965759,
				0.2356603741645813,
				0.511788547039032
			],
			[
				-0.1709415316581726,
				-0.6615084409713745,
				0.587696373462677,
				0.6252674460411072
			],
			[
				-0.00946718454360962,
				-0.06147521734237671,
				-0.5475239753723145,
				-0.4605790674686432
			],
			[
				-0.08233928680419922,
				-0.3975081741809845,
				-0.2832731604576111,
				-0.2609032094478607
			],
			[
				0.04379427433013916,
				0.12590831518173218,
				-0.6309150457382202,
				-0.2862752079963684
			]
		],
		"weight_1": [
			0.0,
			0.0,
			-0.0031622599344700575,
			-0.0031622769311070442
		]
	},
	"layer_5": {},
	"layer_6": {
		"weight_0": [
			[
				-0.9980811476707458
			],
			[
				0.8962298631668091
			],
			[
				-0.026081014424562454
			],
			[
				-0.9606695175170898
			]
		],
		"weight_1": [
			2.363345146179199
		]
	}
}