{
	"layer_0": {
		"weight_0": 0.0,
		"weight_1": 1.0,
		"weight_2": -1
	},
	"layer_1": {
		"weight_0": [
			0.626051664352417,
			1.4166347980499268,
			0.5638553500175476,
			0.39323627948760986,
			1.2204500436782837,
			0.131039097905159,
			0.11479596048593521,
			0.0,
			0.2082269787788391,
			0.5350775122642517,
			-0.14650151133537292,
			0.6898985505104065,
			0.0,
			0.541192352771759,
			0.23686900734901428,
			0.3811798393726349
		],
		"weight_1": [
			[
				1.2147927284240723,
				-0.5883851051330566,
				0.5832086205482483,
				1.6449559926986694,
				-7.27790641784668,
				1.0889379978179932,
				0.9711565971374512,
				-0.23079919815063477,
				5.4399027824401855,
				2.290273666381836,
				0.21621036529541016,
				0.4048961400985718,
				-0.10876151919364929,
				1.2839406728744507,
				0.8327841758728027,
				0.5914024710655212
			],
			[
				-0.6562402844429016,
				-0.9734833240509033,
				-2.9123547077178955,
				-0.3833748996257782,
				-1.3021035194396973,
				-6.99497127532959,
				-7.94106388092041,
				-0.19477057456970215,
				0.15782147645950317,
				-0.5941953659057617,
				-0.527152955532074,
				-1.8137065172195435,
				-0.2989461123943329,
				-0.7913877964019775,
				-5.203249454498291,
				-3.6653311252593994
			]
		],
		"weight_2": -1,
		"weight_3": -7.94106388092041,
		"weight_4": 7.94106388092041,
		"weight_5": -7.407113075256348,
		"weight_6": 5.652769088745117
	},
	"layer_2": {
		"weight_0": -1,
		"weight_1": -3.3394137455289297e-10,
		"weight_2": 5.608283042907715
	},
	"layer_3": {
		"weight_0": [
			0.921390175819397,
			0.3325175642967224,
			0.2193707525730133,
			0.0,
			0.3379051685333252,
			0.5977666974067688,
			-0.5042749643325806,
			0.0
		],
		"weight_1": [
			[
				0.45944833755493164,
				1.0917612314224243,
				-0.48861753940582275,
				-0.4886120557785034,
				0.918756365776062,
				-0.543779730796814,
				0.17107237875461578,
				-0.3356970548629761
			],
			[
				1.3796420097351074,
				0.24116669595241547,
				-0.4566148519515991,
				-0.28531062602996826,
				0.009664468467235565,
				0.6367769837379456,
				-1.4829182624816895,
				0.2209453582763672
			],
			[
				1.0816785097122192,
				2.353715419769287,
				-0.4327525496482849,
				0.19522607326507568,
				1.253269910812378,
				1.3130747079849243,
				0.3267037868499756,
				0.43492376804351807
			],
			[
				0.18707722425460815,
				0.5058104991912842,
				0.2212609499692917,
				0.14936697483062744,
				0.3023764491081238,
				-0.7380422949790955,
				0.4040362238883972,
				-0.3414098024368286
			],
			[
				-0.6405998468399048,
				-1.3621537685394287,
				-1.9765366315841675,
				-0.13644146919250488,
				-0.6946341395378113,
				1.0307728052139282,
				-0.6400046944618225,
				-0.4124464988708496
			],
			[
				3.6855669021606445,
				4.760285377502441,
				-0.031139492988586426,
				-0.3771088123321533,
				4.853762626647949,
				0.12559643387794495,
				2.335157871246338,
				-0.30947887897491455
			],
			[
				4.343714237213135,
				5.161168098449707,
				0.19417046010494232,
				-0.2357853651046753,
				5.489595890045166,
				-1.2178044319152832,
				2.9134433269500732,
				-0.09608685970306396
			],
			[
				-0.2287062406539917,
				-0.49924027919769287,
				-0.007678627967834473,
				0.2571679353713989,
				0.28201305866241455,
				-0.056894898414611816,
				0.49152040481567383,
				-0.2470874786376953
			],
			[
				-0.19701708853244781,
				0.5160248875617981,
				0.46189579367637634,
				-0.2263582944869995,
				0.18260949850082397,
				-2.793095111846924,
				0.6409915089607239,
				-0.2227102518081665
			],
			[
				0.3235669434070587,
				0.6893541812896729,
				-0.6616346836090088,
				-0.4147326946258545,
				0.6604539752006531,
				-1.5407373905181885,
				0.09771531820297241,
				-0.20797979831695557
			],
			[
				0.21620656549930573,
				-0.3935593366622925,
				-0.41368216276168823,
				-0.17664706707000732,
				-0.18081551790237427,
				-0.10736021399497986,
				-0.029685288667678833,
				-0.3675950765609741
			],
			[
				0.6695318222045898,
				1.244074821472168,
				-0.23808470368385315,
				0.4708811044692993,
				0.9914412498474121,
				0.23903696238994598,
				-0.7397022843360901,
				-0.28773820400238037
			],
			[
				0.2569535970687866,
				-0.1371244192123413,
				0.40200865268707275,
				-0.29292476177215576,
				0.43820691108703613,
				-0.1806555986404419,
				0.05091571807861328,
				-0.3907897472381592
			],
			[
				0.8475977778434753,
				0.28308358788490295,
				-1.0315489768981934,
				0.06390440464019775,
				0.22457346320152283,
				-0.6204128265380859,
				0.1543688029050827,
				-0.14157021045684814
			],
			[
				1.9987345933914185,
				4.137695789337158,
				0.09486620873212814,
				0.19932150840759277,
				3.2286217212677,
				0.059890929609537125,
				1.8843210935592651,
				0.1882261037826538
			],
			[
				0.9191348552703857,
				2.8206284046173096,
				0.2754756510257721,
				-0.13217687606811523,
				2.42197322845459,
				0.9076855778694153,
				0.9144379496574402,
				-0.17355716228485107
			]
		],
		"weight_2": -1,
		"weight_3": -5.489595890045166,
		"weight_4": 5.489595890045166,
		"weight_5": -21.424453735351562,
		"weight_6": 12.136308670043945
	},
	"layer_4": {
		"weight_0": -1,
		"weight_1": -3.3394137455289297e-10,
		"weight_2": 11.431075096130371
	},
	"layer_5": {
		"weight_0": [
			0.3848669230937958,
			-0.0056030466221272945,
			1.6429177522659302,
			0.374970018863678
		],
		"weight_1": [
			[
				1.2206064462661743,
				-0.31415367126464844,
				0.6641804575920105,
				0.7490219473838806
			],
			[
				2.0000228881835938,
				-0.5227979421615601,
				-0.5470735430717468,
				1.9225367307662964
			],
			[
				0.5878849029541016,
				-0.08195918053388596,
				-1.5437756776809692,
				1.6796040534973145
			],
			[
				-0.5719084739685059,
				-0.5883664488792419,
				-0.39566516876220703,
				0.6465746760368347
			],
			[
				1.8404353857040405,
				-0.1534387320280075,
				-0.14485931396484375,
				1.3816055059432983
			],
			[
				-3.1098361015319824,
				0.4763423502445221,
				3.1328752040863037,
				-3.739196538925171
			],
			[
				-2.50195050239563,
				-0.0684005469083786,
				-0.13818757236003876,
				-1.4575966596603394
			],
			[
				-0.0656195878982544,
				0.15815603733062744,
				0.2414180040359497,
				-0.11876815557479858
			]
		],
		"weight_2": -1,
		"weight_3": -3.739196538925171,
		"weight_4": 3.739196538925171,
		"weight_5": -9.390287399291992,
		"weight_6": 39.319950103759766
	},
	"layer_6": {
		"weight_0": -1,
		"weight_1": -3.3394137455289297e-10,
		"weight_2": 38.09502029418945
	},
	"layer_7": {
		"weight_0": [
			0.4853211045265198
		],
		"weight_1": [
			[
				1.9909852743148804
			],
			[
				-0.9538359045982361
			],
			[
				-4.174820423126221
			],
			[
				1.7309073209762573
			]
		],
		"weight_2": -1,
		"weight_3": -4.176832675933838,
		"weight_4": 4.176832675933838,
		"weight_5": -0.15848319232463837,
		"weight_6": 134.80368041992188
	}
}