{
	"layer_0": {
		"weight_0": [
			[
				0.20324309170246124,
				1.6321730613708496,
				0.49733948707580566,
				1.3920810222625732,
				0.06825054436922073,
				0.11776380240917206,
				1.169708013534546,
				0.8667092323303223,
				4.365906238555908,
				0.2587175667285919,
				2.684539318084717,
				-0.4329565167427063,
				1.7225043773651123,
				2.263211727142334,
				3.8735580444335938,
				-0.3962518870830536
			],
			[
				-1.2151155471801758,
				-0.19167844951152802,
				-3.8848977088928223,
				0.42417919635772705,
				-0.26924529671669006,
				0.14935557544231415,
				-0.47521498799324036,
				-7.322104454040527,
				0.21550525724887848,
				-1.8836884498596191,
				0.09846832603216171,
				-0.04805523157119751,
				-0.6410092115402222,
				0.027422787621617317,
				-0.08671850711107254,
				-0.3576761484146118
			]
		],
		"weight_1": [
			0.5334784388542175,
			0.16142292320728302,
			0.3185636103153229,
			-0.21827639639377594,
			-0.035022635012865067,
			-0.2741212844848633,
			0.23007464408874512,
			0.17374983429908752,
			0.03820797801017761,
			0.39404505491256714,
			0.0004313139943405986,
			0.0,
			0.05725410580635071,
			0.0023076601792126894,
			0.07731740921735764,
			0.0
		]
	},
	"layer_1": {
		"weight_0": [
			[
				-0.7555904984474182,
				-0.9450823068618774,
				0.15015225112438202,
				-0.013396967202425003,
				0.3360747992992401,
				0.47360101342201233,
				-0.12667809426784515,
				-1.5335420370101929
			],
			[
				0.6099521517753601,
				0.13517481088638306,
				-0.2295999825000763,
				1.0413274765014648,
				1.215396761894226,
				1.3938486576080322,
				1.274580955505371,
				-0.27901050448417664
			],
			[
				-1.1399742364883423,
				0.14124757051467896,
				-0.009058956988155842,
				2.1571056842803955,
				2.974220037460327,
				2.4511001110076904,
				2.266716241836548,
				1.9352102279663086
			],
			[
				1.0842883586883545,
				0.3265799582004547,
				0.3714783787727356,
				-0.22150710225105286,
				-0.8009328246116638,
				0.07122909277677536,
				-0.8339905142784119,
				0.6434018015861511
			],
			[
				-0.24226701259613037,
				0.19410192966461182,
				0.24200940132141113,
				-0.3940254747867584,
				-0.40795445442199707,
				0.1680755764245987,
				0.2482633888721466,
				0.08362283557653427
			],
			[
				-0.3007291257381439,
				-0.3590857982635498,
				0.41102805733680725,
				-0.1899523138999939,
				0.22736206650733948,
				-0.24677501618862152,
				-0.15688128769397736,
				0.029164301231503487
			],
			[
				0.2517499327659607,
				0.25366201996803284,
				-0.4548129439353943,
				0.24017472565174103,
				0.4397588074207306,
				0.09442128986120224,
				0.29548779129981995,
				-0.561281681060791
			],
			[
				1.2869153022766113,
				4.454699993133545,
				0.06837808340787888,
				6.441187858581543,
				6.520910739898682,
				6.718496799468994,
				7.292526721954346,
				3.912733554840088
			],
			[
				0.8403391242027283,
				0.3443916141986847,
				-0.24707771837711334,
				1.2721971273422241,
				0.940089225769043,
				0.8562979102134705,
				0.629283607006073,
				0.5657893419265747
			],
			[
				-1.467281699180603,
				-1.5773910284042358,
				-0.054007407277822495,
				0.6604200601577759,
				0.8278099894523621,
				0.7535296678543091,
				1.1557742357254028,
				-0.16276893019676208
			],
			[
				0.6751622557640076,
				0.20281511545181274,
				0.09490130096673965,
				1.206712007522583,
				0.4744470417499542,
				1.097504734992981,
				0.9723973870277405,
				0.3232077658176422
			],
			[
				0.023923635482788086,
				-0.26257646083831787,
				0.2987701892852783,
				0.3360058069229126,
				0.0245131254196167,
				0.3375222682952881,
				0.20438146591186523,
				-0.1918315887451172
			],
			[
				0.8038894534111023,
				0.18837463855743408,
				-0.2765922248363495,
				1.1344956159591675,
				1.2645156383514404,
				0.743248462677002,
				1.088122010231018,
				0.34454596042633057
			],
			[
				0.6221767067909241,
				0.5151916146278381,
				-0.5613926649093628,
				1.1375385522842407,
				0.9590118527412415,
				0.591686487197876,
				0.11546117067337036,
				-0.014773581176996231
			],
			[
				1.0589492321014404,
				0.7167466878890991,
				-0.35595881938934326,
				0.7869896292686462,
				0.03014586865901947,
				0.9566500782966614,
				0.8019775152206421,
				0.810477614402771
			],
			[
				0.3968914747238159,
				0.45848870277404785,
				-0.08469188213348389,
				0.106178879737854,
				0.38773465156555176,
				-0.29456067085266113,
				-0.12777531147003174,
				0.1986778974533081
			]
		],
		"weight_1": [
			-0.6013027429580688,
			-0.7673589587211609,
			-0.06681414693593979,
			-0.09773378819227219,
			0.020098784938454628,
			-0.09170897305011749,
			0.039070867002010345,
			-1.6446102857589722
		]
	},
	"layer_2": {
		"weight_0": [
			[
				-2.881277322769165,
				0.665120542049408,
				-0.0441933274269104,
				-2.730281114578247
			],
			[
				-0.570341944694519,
				0.8560044765472412,
				0.1584879755973816,
				-1.660163402557373
			],
			[
				0.5294732451438904,
				0.05461287498474121,
				0.47740644216537476,
				-0.19052910804748535
			],
			[
				1.607309103012085,
				-0.7979189157485962,
				-0.1947312355041504,
				1.5458070039749146
			],
			[
				1.0900074243545532,
				0.42427676916122437,
				-0.204592764377594,
				1.5666285753250122
			],
			[
				0.9098044633865356,
				-0.3795304596424103,
				-0.062471091747283936,
				1.1147557497024536
			],
			[
				1.9206175804138184,
				0.5146592259407043,
				0.007660806179046631,
				1.2062983512878418
			],
			[
				-2.6791257858276367,
				-1.7723338603973389,
				-0.67768794298172,
				-2.985631227493286
			]
		],
		"weight_1": [
			-0.01931285485625267,
			0.9038691520690918,
			0.0,
			-0.020055457949638367
		]
	},
	"layer_3": {
		"weight_0": [
			[
				2.316652774810791
			],
			[
				-4.6819281578063965
			],
			[
				-0.0570300817489624
			],
			[
				2.988807201385498
			]
		],
		"weight_1": [
			-0.013950753025710583
		]
	}
}