{
	"layer_0": {
		"weight_0": 0.0,
		"weight_1": 1.0,
		"weight_2": -1
	},
	"layer_1": {
		"weight_0": [
			0.6305318474769592,
			0.0,
			0.6062971353530884,
			0.5879449248313904,
			0.6118141412734985,
			0.6290238499641418,
			0.0,
			0.0,
			0.626965343952179,
			0.0,
			0.6425282955169678,
			0.621740460395813,
			0.0,
			0.4088894724845886,
			0.4298717975616455,
			0.6592156291007996
		],
		"weight_1": [
			[
				1.5629736185073853,
				-0.30978915095329285,
				1.5790988206863403,
				2.2417612075805664,
				1.69538414478302,
				1.9902526140213013,
				-0.2189851701259613,
				-0.27434414625167847,
				1.5141812562942505,
				-0.13499173521995544,
				1.7240736484527588,
				2.229499101638794,
				-0.1427011787891388,
				1.4710593223571777,
				1.7579598426818848,
				2.1842546463012695
			],
			[
				-0.5996097326278687,
				-0.03197741508483887,
				-0.5248236656188965,
				-0.5263272523880005,
				-0.782285213470459,
				-0.501915454864502,
				-0.5288457274436951,
				-0.40460965037345886,
				-0.7702705264091492,
				-0.1390797197818756,
				-0.43426963686943054,
				-0.8224247694015503,
				-0.3365270495414734,
				-1.4803355932235718,
				-1.6097147464752197,
				-0.8618007898330688
			]
		],
		"weight_2": -1,
		"weight_3": -2.2418410778045654,
		"weight_4": 2.2418410778045654,
		"weight_5": -0.5658519268035889,
		"weight_6": 2.8642516136169434
	},
	"layer_2": {
		"weight_0": [
			0.2914064824581146,
			-0.027454107999801636,
			0.6204531192779541,
			0.6126556992530823,
			0.6270408034324646,
			0.6112081408500671,
			-0.17629699409008026,
			-0.04590743035078049
		],
		"weight_1": [
			[
				-0.15495212376117706,
				0.24359670281410217,
				0.8488416075706482,
				0.3561744689941406,
				0.6436085104942322,
				0.7060003876686096,
				-0.4893472194671631,
				0.23099824786186218
			],
			[
				-0.3752638101577759,
				-0.31986260414123535,
				-0.42751944065093994,
				0.1882694959640503,
				-0.41149210929870605,
				0.33282923698425293,
				-0.406833291053772,
				0.06438970565795898
			],
			[
				0.5083963871002197,
				0.04919019341468811,
				0.4896313548088074,
				0.8584515452384949,
				-0.004480538424104452,
				0.807420015335083,
				-0.2962750196456909,
				0.3313029706478119
			],
			[
				0.4531227946281433,
				0.3427451252937317,
				0.886561393737793,
				0.5199428200721741,
				1.0696783065795898,
				0.8179012537002563,
				0.16601279377937317,
				0.4537406861782074
			],
			[
				0.04803401604294777,
				-0.425884485244751,
				0.9065885543823242,
				0.5504661798477173,
				0.4096566438674927,
				1.2397892475128174,
				-0.4238094389438629,
				0.010236735455691814
			],
			[
				-0.08624427765607834,
				-0.31967973709106445,
				0.5043770670890808,
				0.8319756388664246,
				0.9404380917549133,
				0.8448139429092407,
				0.06708153337240219,
				-0.42185938358306885
			],
			[
				-0.13193774223327637,
				-0.32627296447753906,
				0.3961803913116455,
				0.37476086616516113,
				0.030876874923706055,
				0.3585699796676636,
				-0.4084796905517578,
				0.2836049795150757
			],
			[
				-0.1953287124633789,
				-0.36251723766326904,
				-0.3995128870010376,
				-0.28529787063598633,
				-0.3888547420501709,
				-0.1847522258758545,
				-0.0023040771484375,
				0.054531216621398926
			],
			[
				-0.26398828625679016,
				-0.48872730135917664,
				0.7950263619422913,
				0.29581958055496216,
				0.6044541001319885,
				0.5382324457168579,
				-0.5292009115219116,
				-0.1303141713142395
			],
			[
				-0.17953121662139893,
				-0.4102567434310913,
				0.0974569320678711,
				-0.12117350101470947,
				-0.4339163303375244,
				-0.28550946712493896,
				-0.0823441743850708,
				-0.2967621088027954
			],
			[
				0.313123881816864,
				-0.06607561558485031,
				0.4846824109554291,
				0.37721484899520874,
				0.6158444285392761,
				0.2598384618759155,
				0.18837597966194153,
				-0.17353923618793488
			],
			[
				-0.19103610515594482,
				0.3424724042415619,
				1.081114411354065,
				1.5786447525024414,
				1.5854129791259766,
				1.2310532331466675,
				0.24462635815143585,
				-0.08389058709144592
			],
			[
				-0.3469587564468384,
				0.4282921552658081,
				-0.33840036392211914,
				0.37188494205474854,
				0.39013755321502686,
				-0.4401843547821045,
				0.47430920600891113,
				-0.11947262287139893
			],
			[
				-0.5284181833267212,
				-0.027147753164172173,
				1.4318137168884277,
				1.500518798828125,
				1.2554302215576172,
				1.847489356994629,
				0.09628467261791229,
				-0.27406057715415955
			],
			[
				-0.29397329688072205,
				-0.45572781562805176,
				1.8416796922683716,
				1.5598175525665283,
				1.0690430402755737,
				1.3647851943969727,
				-0.3628295063972473,
				-0.146249920129776
			],
			[
				-0.2733033001422882,
				-0.05805669352412224,
				1.442558765411377,
				1.5880041122436523,
				1.6556469202041626,
				1.517805576324463,
				0.2825862169265747,
				0.22763368487358093
			]
		],
		"weight_2": -1,
		"weight_3": -1.8478162288665771,
		"weight_4": 1.8478162288665771,
		"weight_5": -0.5658519268035889,
		"weight_6": 21.153982162475586
	},
	"layer_3": {
		"weight_0": [
			-0.016705350950360298,
			0.6279512643814087,
			0.21163591742515564,
			0.0
		],
		"weight_1": [
			[
				-0.18782365322113037,
				-0.8583519458770752,
				0.7389279007911682,
				0.1881888508796692
			],
			[
				-0.6458779573440552,
				-0.09206608682870865,
				0.151093527674675,
				-0.050126075744628906
			],
			[
				-0.5028836131095886,
				1.2238304615020752,
				-0.07560620456933975,
				-0.6251158118247986
			],
			[
				-0.28745824098587036,
				1.0672889947891235,
				-0.29032912850379944,
				0.4369369149208069
			],
			[
				-0.7122697830200195,
				1.5154722929000854,
				0.4675564467906952,
				-0.4868694245815277
			],
			[
				-0.3004523813724518,
				1.3145920038223267,
				-0.0965137705206871,
				0.08109104633331299
			],
			[
				0.37827277183532715,
				-0.18966595828533173,
				-0.3390006721019745,
				-0.6076782941818237
			],
			[
				0.5665728449821472,
				-0.48697155714035034,
				0.05780508741736412,
				0.172410249710083
			]
		],
		"weight_2": -1,
		"weight_3": -1.5157064199447632,
		"weight_4": 1.5157064199447632,
		"weight_5": -0.5658519268035889,
		"weight_6": 79.62290954589844
	},
	"layer_4": {
		"weight_0": [
			0.5984584093093872
		],
		"weight_1": [
			[
				-0.48313263058662415
			],
			[
				1.1455360651016235
			],
			[
				-0.7785617113113403
			],
			[
				0.7538542747497559
			]
		],
		"weight_2": -1,
		"weight_3": -1.145777940750122,
		"weight_4": 1.145777940750122,
		"weight_5": -0.5658519268035889,
		"weight_6": 57.73139953613281
	}
}