{
	"layer_0": {
		"weight_0": [
			[
				3.107982873916626,
				1.9552174806594849,
				-0.25899070501327515,
				-0.07768446207046509,
				-0.1089627742767334,
				-0.3229985237121582,
				3.7714390754699707,
				0.24117422103881836,
				3.604795217514038,
				1.2094091176986694,
				0.36980894207954407,
				1.1718602180480957,
				0.11363515257835388,
				-0.2057695835828781,
				-0.5499964952468872,
				-0.5224225521087646
			],
			[
				0.8463287353515625,
				1.024999976158142,
				4.332565784454346,
				4.425327777862549,
				-0.29312965273857117,
				3.9751837253570557,
				0.5026998519897461,
				0.13485747575759888,
				0.6670827865600586,
				1.2232496738433838,
				3.075568437576294,
				1.440950632095337,
				-0.11814720928668976,
				4.303420066833496,
				-0.4065709114074707,
				-0.23100140690803528
			]
		],
		"weight_1": [
			0.03220798447728157,
			0.02362862415611744,
			0.267886221408844,
			0.09547274559736252,
			0.0,
			0.3272708058357239,
			0.08584889024496078,
			-0.29444098472595215,
			0.0343339629471302,
			0.04117608070373535,
			-0.16081014275550842,
			-0.025619622319936752,
			-0.11597608029842377,
			0.20920005440711975,
			0.0,
			0.0
		]
	},
	"layer_1": {
		"weight_0": [
			[
				-2.6256489753723145,
				-2.005082607269287,
				0.24888060986995697,
				0.7043130397796631,
				0.4293646514415741,
				0.9031299352645874,
				-0.5945162773132324,
				0.7179132103919983
			],
			[
				-1.4899802207946777,
				-0.8932109475135803,
				0.595970630645752,
				0.7030942440032959,
				-0.27510616183280945,
				0.6828102469444275,
				-0.13608123362064362,
				1.0328987836837769
			],
			[
				0.9823359251022339,
				0.7604718804359436,
				1.1903241872787476,
				1.6135351657867432,
				0.08604174107313156,
				1.8738523721694946,
				1.3742152452468872,
				1.265528678894043
			],
			[
				0.5617133975028992,
				0.7833254337310791,
				1.4089043140411377,
				1.3836114406585693,
				-0.08979026228189468,
				1.0589792728424072,
				1.335610032081604,
				1.828004240989685
			],
			[
				-0.10412454605102539,
				-0.04209625720977783,
				0.07979166507720947,
				-0.22276294231414795,
				0.1512378454208374,
				0.24876844882965088,
				-0.005001187324523926,
				0.27276039123535156
			],
			[
				1.013363242149353,
				1.5033892393112183,
				1.3284846544265747,
				1.5142264366149902,
				0.2397433966398239,
				1.8585807085037231,
				1.2114107608795166,
				1.118031620979309
			],
			[
				-4.4635329246521,
				-2.871288537979126,
				0.8526201844215393,
				0.49956104159355164,
				-0.4935799241065979,
				0.329638808965683,
				-1.5221630334854126,
				0.8072261810302734
			],
			[
				-0.2602630853652954,
				0.2279214859008789,
				-0.22205772995948792,
				0.5971139669418335,
				0.014723701402544975,
				-0.216755673289299,
				-0.4854229986667633,
				-0.1314660906791687
			],
			[
				-3.7198119163513184,
				-1.633391261100769,
				0.17827117443084717,
				0.5007243156433105,
				0.2584167420864105,
				0.7597514986991882,
				-0.7751227021217346,
				0.3537661135196686
			],
			[
				-0.6439736485481262,
				-0.0208484698086977,
				0.42292699217796326,
				0.8490498661994934,
				-0.15587176382541656,
				0.536770761013031,
				0.005476086400449276,
				0.9022785425186157
			],
			[
				0.3349402844905853,
				0.24276025593280792,
				1.4611799716949463,
				1.6405699253082275,
				-0.5043362379074097,
				0.8778557777404785,
				0.8588456511497498,
				1.1117899417877197
			],
			[
				-0.5797691345214844,
				0.153664231300354,
				0.5964776873588562,
				1.2978006601333618,
				0.2495662420988083,
				0.32056665420532227,
				0.10673362761735916,
				0.930083692073822
			],
			[
				0.459926962852478,
				-0.40575265884399414,
				-0.08168116211891174,
				0.20656700432300568,
				0.25224679708480835,
				-0.39147400856018066,
				0.1620800793170929,
				-0.4006918966770172
			],
			[
				0.859481930732727,
				1.4638954401016235,
				1.8628195524215698,
				1.2572773694992065,
				-0.271347314119339,
				1.7146215438842773,
				1.5914925336837769,
				1.2750916481018066
			],
			[
				-0.4162290096282959,
				-0.09388077259063721,
				0.4438365697860718,
				-0.2509845495223999,
				-0.3249845504760742,
				-0.45979583263397217,
				-0.372788667678833,
				-0.42703545093536377
			],
			[
				-0.30966460704803467,
				0.28407716751098633,
				0.014959335327148438,
				-0.17750036716461182,
				-0.435583233833313,
				0.08617329597473145,
				0.2216968536376953,
				0.41402554512023926
			]
		],
		"weight_1": [
			0.0649065226316452,
			0.18518155813217163,
			0.2174956500530243,
			0.21983718872070312,
			-0.0489903949201107,
			0.20472992956638336,
			0.2903728783130646,
			0.2014670968055725
		]
	},
	"layer_2": {
		"weight_0": [
			[
				-6.472095489501953,
				0.30076950788497925,
				-0.22801899909973145,
				-0.16752851009368896
			],
			[
				-3.092427968978882,
				-0.1454116851091385,
				-0.4104125201702118,
				0.24141407012939453
			],
			[
				1.6763230562210083,
				-0.2760547697544098,
				0.1349700689315796,
				-0.057576391845941544
			],
			[
				1.2422298192977905,
				-0.5478852391242981,
				-0.3535095453262329,
				0.2849939167499542
			],
			[
				-0.04232300445437431,
				0.09666793793439865,
				-0.06100118160247803,
				0.5984005331993103
			],
			[
				1.501021385192871,
				-0.7686555981636047,
				0.18462693691253662,
				-0.5526818037033081
			],
			[
				-3.7233901023864746,
				0.45446211099624634,
				0.008781373500823975,
				0.2070492058992386
			],
			[
				1.2967604398727417,
				-0.06863237172365189,
				-0.05303335189819336,
				-0.7352613806724548
			]
		],
		"weight_1": [
			0.22153258323669434,
			-0.20816142857074738,
			0.0,
			-0.12236592918634415
		]
	},
	"layer_3": {
		"weight_0": [
			[
				2.8584353923797607
			],
			[
				-0.240659698843956
			],
			[
				0.1538623571395874
			],
			[
				-0.26456454396247864
			]
		],
		"weight_1": [
			0.23122958838939667
		]
	}
}