{
	"layer_0": {
		"weight_0": 0.0,
		"weight_1": 1.0,
		"weight_2": -1
	},
	"layer_1": {
		"weight_0": [
			0.7163879871368408,
			0.8678309917449951,
			0.0,
			0.7011106014251709,
			0.9942694902420044,
			0.7821599245071411,
			-0.0031622769311070442,
			-0.12000352144241333,
			0.48932334780693054,
			0.0,
			0.8563729524612427,
			0.7109617590904236,
			0.7015092372894287,
			0.275339812040329,
			0.0,
			0.38322487473487854
		],
		"weight_1": [
			[
				1.004555344581604,
				1.2906689643859863,
				-0.5397140979766846,
				1.429783821105957,
				1.9750765562057495,
				1.5073732137680054,
				0.050788719207048416,
				0.14306026697158813,
				0.8131270408630371,
				-0.19369935989379883,
				1.0235755443572998,
				1.101697325706482,
				0.6758372187614441,
				-0.5481393337249756,
				-0.17733553051948547,
				0.7476025223731995
			],
			[
				-0.570174515247345,
				0.2402021586894989,
				-0.41552895307540894,
				-0.865094006061554,
				1.837752342224121,
				0.011030653491616249,
				-0.44623643159866333,
				-0.1955067217350006,
				-1.987138271331787,
				-0.2538944184780121,
				0.2779305577278137,
				-0.37717288732528687,
				-0.7907987833023071,
				1.7757526636123657,
				-0.2368764877319336,
				-1.5478496551513672
			]
		],
		"weight_2": -1,
		"weight_3": -1.987138271331787,
		"weight_4": 1.987138271331787,
		"weight_5": -0.5658519268035889,
		"weight_6": 3.971055030822754
	},
	"layer_2": {
		"weight_0": [
			0.5651495456695557,
			0.8114572167396545,
			-0.053673505783081055,
			0.0,
			0.010710190050303936,
			0.48957592248916626,
			-0.06888534873723984,
			0.8132476806640625
		],
		"weight_1": [
			[
				0.2390536367893219,
				1.0881375074386597,
				-0.16545812785625458,
				0.38143324851989746,
				0.4196711480617523,
				0.44134247303009033,
				-0.15460066497325897,
				0.35580798983573914
			],
			[
				-0.3717808425426483,
				0.7761551141738892,
				-0.3162762224674225,
				-0.3665722608566284,
				-0.1280367374420166,
				-0.32392632961273193,
				-0.2197476327419281,
				0.6991145014762878
			],
			[
				-0.1679917573928833,
				0.4871335029602051,
				-0.14909374713897705,
				0.3031851053237915,
				0.21063733100891113,
				0.004194855690002441,
				0.14121496677398682,
				-0.34748005867004395
			],
			[
				1.1354676485061646,
				1.2556942701339722,
				-0.41254469752311707,
				-0.08098924160003662,
				-0.34916824102401733,
				1.0832396745681763,
				-0.26787281036376953,
				1.0979031324386597
			],
			[
				-0.6605255007743835,
				0.12115415185689926,
				0.16222572326660156,
				0.19693684577941895,
				0.4124965965747833,
				-0.6818357706069946,
				-0.18192613124847412,
				0.4616902768611908
			],
			[
				0.10605525970458984,
				0.8037879467010498,
				0.045865967869758606,
				-0.36315858364105225,
				-0.28006044030189514,
				-0.3635706305503845,
				0.4201963543891907,
				0.4809253513813019
			],
			[
				-0.37122973799705505,
				-0.3357815146446228,
				-0.3322981595993042,
				0.3486661911010742,
				-0.15629887580871582,
				-0.4086415767669678,
				0.14302003383636475,
				-0.20038248598575592
			],
			[
				-0.1257694959640503,
				-0.025362234562635422,
				0.21965229511260986,
				-0.41013479232788086,
				-0.3212190568447113,
				-0.27554577589035034,
				-0.07109762728214264,
				-0.12601806223392487
			],
			[
				2.0309174060821533,
				1.6552711725234985,
				-0.13223333656787872,
				0.03696620464324951,
				-0.3299112617969513,
				2.1726150512695312,
				-0.1975657194852829,
				2.183419942855835
			],
			[
				0.45978760719299316,
				-0.26978039741516113,
				0.27528607845306396,
				-0.3130272626876831,
				0.3047744035720825,
				0.3629058599472046,
				0.31314003467559814,
				0.3627980947494507
			],
			[
				-0.41868942975997925,
				0.6116264462471008,
				0.30515560507774353,
				-0.45762813091278076,
				0.04210276156663895,
				-0.018536332994699478,
				-0.42657729983329773,
				0.11048684269189835
			],
			[
				0.10329677909612656,
				0.47339653968811035,
				-0.1011236235499382,
				0.08488845825195312,
				0.1965739130973816,
				0.4995919466018677,
				-0.045302100479602814,
				0.8307700753211975
			],
			[
				0.7431685924530029,
				1.0913053750991821,
				-0.35818055272102356,
				-0.46203601360321045,
				-0.24551008641719818,
				0.7797167301177979,
				-0.11756335198879242,
				0.5568504333496094
			],
			[
				-2.0427095890045166,
				-1.2308498620986938,
				-0.17425133287906647,
				0.1569889783859253,
				-0.0590728260576725,
				-1.8000179529190063,
				-0.4713512659072876,
				-1.349671721458435
			],
			[
				-0.15063011646270752,
				-0.43498694896698,
				-0.15119481086730957,
				-0.1685161590576172,
				0.33622467517852783,
				-0.4506784677505493,
				-0.28198325634002686,
				0.17859864234924316
			],
			[
				1.1889933347702026,
				1.0017131567001343,
				-0.25072234869003296,
				0.05346345901489258,
				0.0947151854634285,
				0.837327778339386,
				0.39674416184425354,
				0.981800377368927
			]
		],
		"weight_2": -1,
		"weight_3": -2.1830527782440186,
		"weight_4": 2.1830527782440186,
		"weight_5": -0.5658519268035889,
		"weight_6": 13.192021369934082
	},
	"layer_3": {
		"weight_0": [
			0.8027688264846802,
			0.0,
			0.7971630692481995,
			-0.004996951669454575
		],
		"weight_1": [
			[
				1.3751740455627441,
				-0.09740358591079712,
				1.9868251085281372,
				-0.3516369163990021
			],
			[
				1.387162446975708,
				-0.5112377405166626,
				0.3897818624973297,
				-0.31109005212783813
			],
			[
				-0.0768899992108345,
				0.7063265442848206,
				-0.5276387333869934,
				-0.11753290891647339
			],
			[
				-0.17764776945114136,
				0.586245596408844,
				-0.010950922966003418,
				-0.4083286225795746
			],
			[
				-0.22229109704494476,
				0.024722516536712646,
				-0.36908677220344543,
				-0.4170664846897125
			],
			[
				1.4004943370819092,
				0.4711112380027771,
				1.5880452394485474,
				0.17030632495880127
			],
			[
				-0.5106047987937927,
				-0.5064924955368042,
				0.7212487459182739,
				0.13930080831050873
			],
			[
				1.4839000701904297,
				0.26177775859832764,
				0.6762109994888306,
				-0.15188650786876678
			]
		],
		"weight_2": -1,
		"weight_3": -1.9868251085281372,
		"weight_4": 1.9868251085281372,
		"weight_5": -0.5658519268035889,
		"weight_6": 40.56421661376953
	},
	"layer_4": {
		"weight_0": [
			0.7929267883300781
		],
		"weight_1": [
			[
				1.9758849143981934
			],
			[
				-0.253015398979187
			],
			[
				1.792269229888916
			],
			[
				-0.4630158543586731
			]
		],
		"weight_2": -1,
		"weight_3": -1.9772521257400513,
		"weight_4": 1.9772521257400513,
		"weight_5": -0.5658519268035889,
		"weight_6": 97.2931900024414
	}
}