{
	"layer_0": {
		"weight_0": [
			[
				0.9410408139228821,
				-0.230209082365036,
				-0.06213611364364624,
				-1.5781689882278442,
				1.57086181640625,
				3.9105050563812256,
				-0.55171138048172,
				0.3043099045753479,
				0.28309106826782227,
				4.909351825714111,
				0.2544842064380646,
				0.3505041301250458,
				1.4379240274429321,
				0.23553791642189026,
				0.1851804405450821,
				0.8250606656074524
			],
			[
				-8.302497863769531,
				-0.5375730991363525,
				-0.04208695888519287,
				-0.3630801737308502,
				-0.2862202227115631,
				0.11819620430469513,
				-0.08929544687271118,
				-1.8934202194213867,
				-2.8841609954833984,
				0.22199609875679016,
				-0.02531377226114273,
				-4.075831890106201,
				-0.21070872247219086,
				-0.9783387184143066,
				-0.7082566618919373,
				-0.46170157194137573
			]
		],
		"weight_1": [
			0.1395205855369568,
			0.0,
			0.0,
			0.982779324054718,
			0.26014161109924316,
			0.004451787564903498,
			0.0,
			0.45496803522109985,
			0.4190756380558014,
			0.0747683122754097,
			-0.25666651129722595,
			0.29414084553718567,
			0.19001783430576324,
			0.39127597212791443,
			0.48848995566368103,
			0.36650970578193665
		]
	},
	"layer_1": {
		"weight_0": [
			[
				5.274710178375244,
				5.747951984405518,
				5.228682994842529,
				-0.19792190194129944,
				5.803019046783447,
				4.417376518249512,
				5.097542762756348,
				0.44422709941864014
			],
			[
				-0.23547983169555664,
				-0.4509345293045044,
				0.07557117938995361,
				0.3213568925857544,
				-0.46952223777770996,
				0.2673267126083374,
				-0.2666289806365967,
				-0.0242159366607666
			],
			[
				0.15508174896240234,
				-0.10461723804473877,
				0.006794333457946777,
				0.4004337787628174,
				-0.40749049186706543,
				-0.4071521759033203,
				-0.3819798231124878,
				0.31111645698547363
			],
			[
				-0.8506784439086914,
				-0.5489736199378967,
				-0.19693824648857117,
				0.8843681216239929,
				-0.6290269494056702,
				-0.6338992714881897,
				-0.6276602149009705,
				-0.4655872583389282
			],
			[
				1.0544660091400146,
				0.49523866176605225,
				-0.1741713285446167,
				-1.1961591243743896,
				0.22034338116645813,
				0.48595568537712097,
				0.4514295756816864,
				0.3622775077819824
			],
			[
				0.1279299259185791,
				0.03586999699473381,
				0.5602321028709412,
				-4.838393211364746,
				0.49838927388191223,
				0.6629635691642761,
				0.43126964569091797,
				-0.3238680362701416
			],
			[
				-0.33010172843933105,
				0.06573903560638428,
				0.2735450267791748,
				-0.03970503807067871,
				-0.2663702964782715,
				-0.33033323287963867,
				0.11800217628479004,
				-0.4062955379486084
			],
			[
				0.35138818621635437,
				0.25467297434806824,
				-0.46379274129867554,
				1.282902717590332,
				0.729213535785675,
				-0.848077654838562,
				0.9344172477722168,
				-0.07073795795440674
			],
			[
				1.0447903871536255,
				0.7298945188522339,
				-0.2691233158111572,
				1.9537273645401,
				0.7112756371498108,
				-1.2136224508285522,
				1.191062092781067,
				-0.23633027076721191
			],
			[
				0.6270996332168579,
				0.07319779694080353,
				0.4173448383808136,
				-3.3516781330108643,
				0.3048478066921234,
				0.7086367607116699,
				0.31015506386756897,
				0.13729643821716309
			],
			[
				-0.18645623326301575,
				-0.1287083476781845,
				-0.2646673619747162,
				-0.03080129623413086,
				-0.3095601797103882,
				0.42100608348846436,
				0.04799956455826759,
				0.009086251258850098
			],
			[
				2.743135452270508,
				2.3082823753356934,
				1.6292612552642822,
				1.9565861225128174,
				2.6464502811431885,
				-0.07733161002397537,
				2.211301326751709,
				0.07756531238555908
			],
			[
				0.5404289364814758,
				0.8016966581344604,
				-0.0799807757139206,
				-0.9750073552131653,
				0.3639124035835266,
				0.41282472014427185,
				0.417611300945282,
				-0.4310636520385742
			],
			[
				0.40273866057395935,
				0.6021674275398254,
				-0.8373852968215942,
				0.035963304340839386,
				-0.0032452961895614862,
				-0.5713098645210266,
				0.5917375683784485,
				-0.2741127014160156
			],
			[
				0.21517831087112427,
				0.24035654962062836,
				-0.70367431640625,
				-0.15909461677074432,
				0.3002040982246399,
				-0.4745651185512543,
				0.17923061549663544,
				0.26041150093078613
			],
			[
				0.7122467160224915,
				0.12491025775671005,
				0.11685533821582794,
				-0.09339560568332672,
				0.08484838902950287,
				-0.1453571766614914,
				0.6004248261451721,
				0.06706452369689941
			]
		],
		"weight_1": [
			0.37331628799438477,
			0.34754297137260437,
			-0.5534934997558594,
			0.7819645404815674,
			0.2920808792114258,
			-0.11387237906455994,
			0.29019707441329956,
			0.0
		]
	},
	"layer_2": {
		"weight_0": [
			[
				1.4176898002624512,
				1.4024637937545776,
				0.6605743765830994,
				1.0932036638259888
			],
			[
				1.320773720741272,
				1.2983907461166382,
				0.8514730334281921,
				0.9320938587188721
			],
			[
				-1.7210509777069092,
				-1.6721268892288208,
				-1.432576298713684,
				-1.2953921556472778
			],
			[
				-1.6166951656341553,
				-1.4837172031402588,
				-1.8037272691726685,
				-2.03786563873291
			],
			[
				0.2617645263671875,
				0.30981796979904175,
				1.5185916423797607,
				1.4590253829956055
			],
			[
				-1.2153370380401611,
				-1.182979941368103,
				-1.5478167533874512,
				-1.3497051000595093
			],
			[
				1.0000457763671875,
				1.1556484699249268,
				0.7681418061256409,
				1.0786166191101074
			],
			[
				0.02116680145263672,
				-0.22104200720787048,
				0.6975254416465759,
				0.34376686811447144
			]
		],
		"weight_1": [
			0.33000609278678894,
			0.3359304964542389,
			0.41403642296791077,
			0.1794499009847641
		]
	},
	"layer_3": {
		"weight_0": [
			[
				2.118147850036621
			],
			[
				2.4990968704223633
			],
			[
				2.9195010662078857
			],
			[
				2.485952138900757
			]
		],
		"weight_1": [
			0.3540430963039398
		]
	}
}