{
	"layer_0": {
		"weight_0": [
			[
				0.9124521613121033,
				2.1667165756225586,
				0.18888825178146362,
				1.0551115274429321,
				-0.6574004292488098,
				2.3840932846069336,
				-0.6285898685455322,
				1.5235803127288818
			],
			[
				-6.617469310760498,
				-0.9443532228469849,
				-0.46778738498687744,
				-3.3419857025146484,
				-0.08742648363113403,
				-1.0076862573623657,
				-0.6351598501205444,
				-1.1122634410858154
			]
		],
		"weight_1": [
			0.5143332481384277,
			1.52115797996521,
			-0.1262919008731842,
			0.839192807674408,
			0.0,
			1.0289722681045532,
			0.0,
			1.1198958158493042
		]
	},
	"layer_1": {
		"weight_0": [
			[
				5.629683494567871,
				-0.4268794059753418,
				-4.091212749481201,
				5.285066604614258,
				0.4163237512111664,
				6.170421123504639,
				5.395142555236816,
				0.098338782787323
			],
			[
				0.5474447011947632,
				-0.3697535991668701,
				1.1256660223007202,
				0.5371708869934082,
				-0.1518717259168625,
				0.9302846193313599,
				0.6637829542160034,
				0.04744508117437363
			],
			[
				0.06822723895311356,
				0.033261656761169434,
				0.31957435607910156,
				-0.2734690308570862,
				-0.47222861647605896,
				-0.1343879997730255,
				0.23458760976791382,
				-0.24180519580841064
			],
			[
				1.9707170724868774,
				-0.04062420129776001,
				-1.0481396913528442,
				2.595709800720215,
				-0.3272305130958557,
				3.3537960052490234,
				2.784052610397339,
				-0.3304349482059479
			],
			[
				-0.10577565431594849,
				0.45474475622177124,
				0.10128307342529297,
				0.5342674851417542,
				0.3190074563026428,
				-0.2657833695411682,
				-0.20679986476898193,
				0.08505052328109741
			],
			[
				1.6277337074279785,
				-0.24988344311714172,
				0.08259089291095734,
				1.8896080255508423,
				0.207941472530365,
				1.4770656824111938,
				1.4716717004776,
				-0.28778377175331116
			],
			[
				0.007338166236877441,
				-0.20675474405288696,
				0.15984129905700684,
				-0.5438130497932434,
				-0.49301666021347046,
				0.23320621252059937,
				0.5632466673851013,
				0.4140762686729431
			],
			[
				1.2636066675186157,
				-0.2232772409915924,
				0.5731956362724304,
				1.691787600517273,
				-0.6569924354553223,
				0.7857780456542969,
				1.8097187280654907,
				-0.2853783965110779
			]
		],
		"weight_1": [
			0.8068222403526306,
			0.0,
			0.4580436944961548,
			1.0221643447875977,
			-0.09200713783502579,
			1.0244466066360474,
			1.0231213569641113,
			-0.031258512288331985
		]
	},
	"layer_2": {
		"weight_0": [
			[
				1.7348238229751587
			],
			[
				0.6768271923065186
			],
			[
				-4.57568359375
			],
			[
				2.5797958374023438
			],
			[
				-0.6121945381164551
			],
			[
				2.6195356845855713
			],
			[
				2.4870240688323975
			],
			[
				0.5385856032371521
			]
		],
		"weight_1": [
			1.0217958688735962
		]
	}
}