{
	"layer_0": {
		"weight_0": [
			[
				0.24473679065704346,
				0.6370725035667419,
				0.36299002170562744,
				0.46653425693511963,
				0.7000455260276794,
				0.5198088884353638,
				1.2009286880493164,
				-0.4158458113670349,
				1.2136591672897339,
				-0.5038869976997375,
				-0.4811643958091736,
				1.1044347286224365,
				0.6195653676986694,
				0.4438138008117676,
				0.245886892080307,
				0.9032351970672607
			],
			[
				-1.1298394203186035,
				-0.3910068869590759,
				-0.4527803361415863,
				-1.4691654443740845,
				-0.6780661940574646,
				-0.6585319638252258,
				-1.1366561651229858,
				-0.33192136883735657,
				-0.6621950268745422,
				-0.06536537408828735,
				-0.24298641085624695,
				-0.8345776796340942,
				-1.607509970664978,
				-0.5487788915634155,
				-0.13906632363796234,
				-0.3358290493488312
			]
		],
		"weight_1": [
			0.2949105203151703,
			0.5862842202186584,
			0.606903076171875,
			0.3565130829811096,
			0.6048769354820251,
			0.6162014603614807,
			0.5611833333969116,
			0.0,
			0.6083341240882874,
			0.0,
			0.0,
			0.6264586448669434,
			0.3695821464061737,
			0.6120828986167908,
			-0.22931890189647675,
			0.5995739102363586
		]
	},
	"layer_1": {
		"weight_0": [
			[
				0.40152740478515625,
				-0.4674112796783447,
				0.724873960018158,
				-0.42431843280792236,
				0.11515367031097412,
				-0.3581930100917816,
				1.2693195343017578,
				0.4575831890106201
			],
			[
				0.3572799861431122,
				-0.4792446196079254,
				0.528475284576416,
				-0.47482070326805115,
				-0.10117363929748535,
				-0.29556894302368164,
				0.07801441848278046,
				0.333548903465271
			],
			[
				0.19275575876235962,
				0.055922020226716995,
				0.3129994571208954,
				0.43697091937065125,
				-0.4074031114578247,
				-0.42517751455307007,
				0.5415217280387878,
				0.19618453085422516
			],
			[
				1.4003939628601074,
				-0.3177796006202698,
				1.5644441843032837,
				-0.23152045905590057,
				-0.02714681625366211,
				-0.18475407361984253,
				1.7749598026275635,
				1.7164242267608643
			],
			[
				0.6124626994132996,
				0.3572022020816803,
				0.5748743414878845,
				-0.19101276993751526,
				-0.15086281299591064,
				0.4912126660346985,
				0.3153972625732422,
				1.1466326713562012
			],
			[
				0.5245192646980286,
				0.06266410648822784,
				0.8558700084686279,
				0.10865352302789688,
				-0.3532360792160034,
				0.3857734501361847,
				1.0572257041931152,
				0.29602479934692383
			],
			[
				0.6165804266929626,
				0.31448498368263245,
				1.0012744665145874,
				-0.018887275829911232,
				-0.3113905191421509,
				0.03872145339846611,
				1.2645113468170166,
				1.3597440719604492
			],
			[
				0.06193649768829346,
				0.4029562473297119,
				0.27722227573394775,
				0.11307406425476074,
				-0.013647675514221191,
				0.1436140537261963,
				0.43896591663360596,
				0.4764760732650757
			],
			[
				0.47283798456192017,
				-0.4661434292793274,
				0.5683742761611938,
				0.06280604749917984,
				-0.4584634304046631,
				0.10325483977794647,
				0.7103913426399231,
				0.7695779204368591
			],
			[
				-0.18490660190582275,
				0.11846983432769775,
				0.4865405559539795,
				0.1074293851852417,
				0.2656879425048828,
				0.11764025688171387,
				0.001367807388305664,
				-0.445703387260437
			],
			[
				0.4466954469680786,
				-0.41730523109436035,
				-0.12615787982940674,
				-0.11674690246582031,
				-0.14592671394348145,
				-0.2693876028060913,
				0.05377674102783203,
				0.45373833179473877
			],
			[
				0.9605339169502258,
				0.1334209144115448,
				1.030416488647461,
				0.3938252627849579,
				-0.47561895847320557,
				0.08600832521915436,
				0.9575814008712769,
				0.9534556865692139
			],
			[
				1.1506702899932861,
				0.2113037407398224,
				1.9991614818572998,
				-0.6553578972816467,
				0.10178935527801514,
				-0.6653879284858704,
				1.8516991138458252,
				1.8677384853363037
			],
			[
				0.46995431184768677,
				0.199982687830925,
				0.42842602729797363,
				0.4470050632953644,
				-0.48835670948028564,
				0.2666988670825958,
				0.6820144653320312,
				0.6051022410392761
			],
			[
				0.030731525272130966,
				-0.1764489710330963,
				-0.03394901752471924,
				-0.21761082112789154,
				0.01646578311920166,
				-0.10618102550506592,
				-0.1539556086063385,
				-0.09963380545377731
			],
			[
				0.2207513153553009,
				0.03373851999640465,
				0.36714231967926025,
				-0.02980850450694561,
				0.326322078704834,
				-0.07150241732597351,
				0.2860625386238098,
				0.1668325513601303
			]
		],
		"weight_1": [
			0.4878230392932892,
			-0.025365278124809265,
			0.595674991607666,
			0.006575704552233219,
			0.0,
			0.05821609869599342,
			0.5847706198692322,
			0.5831217169761658
		]
	},
	"layer_2": {
		"weight_0": [
			[
				0.2179899513721466,
				-0.42172861099243164,
				-0.04615449905395508,
				0.9084774851799011
			],
			[
				0.527506947517395,
				0.32051461935043335,
				-0.2895534038543701,
				-0.3883260488510132
			],
			[
				1.4705593585968018,
				-0.5557581186294556,
				-0.008309364318847656,
				0.8846353888511658
			],
			[
				-1.0799427032470703,
				-0.5540902614593506,
				0.25341278314590454,
				-0.6660090088844299
			],
			[
				-0.2265072762966156,
				0.20688199996948242,
				0.16127443313598633,
				0.6701011061668396
			],
			[
				-0.31515979766845703,
				0.2007262110710144,
				0.251178503036499,
				-0.7552363276481628
			],
			[
				0.8221949338912964,
				0.5442368388175964,
				-0.34986940026283264,
				1.1675275564193726
			],
			[
				0.7411479949951172,
				-0.6730588674545288,
				-0.2730913460254669,
				1.178462266921997
			]
		],
		"weight_1": [
			0.5807455778121948,
			0.0,
			0.0,
			0.5717462301254272
		]
	},
	"layer_3": {
		"weight_0": [
			[
				1.2725305557250977
			],
			[
				0.00035750865936279297
			],
			[
				-0.5359914302825928
			],
			[
				1.9770570993423462
			]
		],
		"weight_1": [
			0.5683704018592834
		]
	}
}