{
	"layer_0": {
		"weight_0": [
			[
				-0.47861120104789734,
				-0.6325942873954773,
				1.8888871669769287,
				-0.7137359976768494,
				-0.7402199506759644,
				0.7373647689819336,
				11.028532981872559,
				0.8395385146141052
			],
			[
				-0.086658775806427,
				-0.05601900815963745,
				-16.218873977661133,
				-0.7407551407814026,
				-2.6285338401794434,
				-4.21603536605835,
				-0.35628652572631836,
				-6.346235275268555
			]
		],
		"weight_1": [
			0.0,
			0.0,
			0.650600254535675,
			0.0,
			3.2517080307006836,
			1.6133387088775635,
			0.5468173623085022,
			0.9411232471466064
		]
	},
	"layer_1": {
		"weight_0": [
			[
				0.5507727265357971,
				-0.24859365820884705,
				-0.46124935150146484,
				0.08729267120361328,
				0.04728502035140991,
				0.41377002000808716,
				-0.18861514329910278,
				0.1811985969543457
			],
			[
				0.13384228944778442,
				0.22617346048355103,
				0.5477645993232727,
				0.5739924311637878,
				-0.0718379020690918,
				0.08103036880493164,
				-0.27344974875450134,
				0.03868645429611206
			],
			[
				3.294159412384033,
				-3.7901415824890137,
				3.1238319873809814,
				3.202012300491333,
				3.5268638134002686,
				0.20906291902065277,
				-1.0019783973693848,
				-1.7331568002700806
			],
			[
				0.2053225040435791,
				-0.11864915490150452,
				-0.2935362756252289,
				-0.049488067626953125,
				-0.3588223457336426,
				0.41283267736434937,
				0.15040332078933716,
				0.4714503884315491
			],
			[
				0.8987149596214294,
				1.2574946880340576,
				1.2008453607559204,
				1.7163728475570679,
				0.9229448437690735,
				-0.10609584301710129,
				1.2228626012802124,
				0.9623963236808777
			],
			[
				1.6788984537124634,
				1.1514613628387451,
				1.5090252161026,
				1.3973090648651123,
				1.6080769300460815,
				-0.061621181666851044,
				1.4003193378448486,
				-0.057489652186632156
			],
			[
				1.01485276222229,
				-1.5784296989440918,
				1.1443771123886108,
				1.3675729036331177,
				0.5609675049781799,
				1.0803518295288086,
				-5.607417106628418,
				-0.4552971124649048
			],
			[
				1.9811636209487915,
				0.22600498795509338,
				2.8761003017425537,
				2.3673574924468994,
				2.581636667251587,
				-0.6816216707229614,
				2.849534273147583,
				-1.1726094484329224
			]
		],
		"weight_1": [
			0.5737705826759338,
			0.6111282110214233,
			0.706379771232605,
			0.7053951025009155,
			0.7252568602561951,
			-0.2947438657283783,
			0.6260794997215271,
			1.204018473625183
		]
	},
	"layer_2": {
		"weight_0": [
			[
				2.366286039352417
			],
			[
				-4.97816276550293
			],
			[
				2.693758487701416
			],
			[
				2.5917487144470215
			],
			[
				2.9142162799835205
			],
			[
				-5.863868236541748
			],
			[
				-6.852427005767822
			],
			[
				-5.330756187438965
			]
		],
		"weight_1": [
			0.7271860837936401
		]
	}
}