{
	"layer_0": {
		"weight_0": [
			[
				0.18570758402347565,
				-0.22970473766326904,
				0.7792962193489075,
				0.9268835186958313,
				-0.5375956892967224,
				1.0988829135894775,
				-0.47081249952316284,
				1.0992255210876465,
				1.056457757949829,
				-0.4247496426105499,
				1.061600923538208,
				0.6708781719207764,
				1.1323962211608887,
				-0.23283463716506958,
				0.2698371708393097,
				-0.2825140058994293
			],
			[
				-0.1971159279346466,
				-0.5334787964820862,
				-0.5734145641326904,
				-0.6807716488838196,
				-0.08671188354492188,
				-0.5358409881591797,
				-0.5134844779968262,
				-1.4142796993255615,
				-1.448953628540039,
				-0.14835408329963684,
				-0.750487208366394,
				-1.6505354642868042,
				-0.8732101917266846,
				-0.13272559642791748,
				-0.30113649368286133,
				-0.2651154696941376
			]
		],
		"weight_1": [
			-0.1643781065940857,
			0.0,
			0.7279573082923889,
			0.6819754242897034,
			0.0,
			0.7153317928314209,
			0.0,
			0.6386882066726685,
			0.596772313117981,
			0.0,
			0.7220407128334045,
			0.47884678840637207,
			0.7058369517326355,
			0.0,
			0.769696056842804,
			0.0
		]
	},
	"layer_1": {
		"weight_0": [
			[
				0.3381911516189575,
				-0.009658982045948505,
				0.47242286801338196,
				-0.40313518047332764,
				0.22624213993549347,
				-0.3296351730823517,
				0.16862963140010834,
				-0.3863476514816284
			],
			[
				0.40877068042755127,
				-0.26221954822540283,
				0.44188010692596436,
				-0.3404250144958496,
				0.13474524021148682,
				-0.4590643644332886,
				-0.2527339458465576,
				0.27301907539367676
			],
			[
				-0.07586419582366943,
				-0.3958345353603363,
				-0.35297051072120667,
				0.01467287540435791,
				0.07358014583587646,
				1.0150185823440552,
				0.06609544157981873,
				0.2506228983402252
			],
			[
				0.31214672327041626,
				0.23561134934425354,
				0.06343583762645721,
				0.38080453872680664,
				-0.3033745586872101,
				0.8763517141342163,
				-0.009914184920489788,
				0.3797747492790222
			],
			[
				0.1943274736404419,
				0.16709506511688232,
				-0.43907856941223145,
				-0.13081872463226318,
				-0.39421164989471436,
				0.3540157079696655,
				-0.157456636428833,
				-0.1990145444869995
			],
			[
				-0.3006778955459595,
				0.1769092082977295,
				-0.46466052532196045,
				-0.015270352363586426,
				-0.47035786509513855,
				0.975834310054779,
				-0.4138254225254059,
				0.22718249261379242
			],
			[
				-0.08309721946716309,
				0.2715243101119995,
				0.11281538009643555,
				-0.012119889259338379,
				0.25430071353912354,
				-0.2275540828704834,
				0.004521489143371582,
				0.010393977165222168
			],
			[
				-0.506209671497345,
				-0.1488088220357895,
				-0.19962531328201294,
				-0.24189698696136475,
				0.2446521520614624,
				1.5506175756454468,
				0.12311188131570816,
				-0.41259080171585083
			],
			[
				0.19384194910526276,
				-0.44101083278656006,
				-0.03527311235666275,
				-0.4881126880645752,
				-0.31661972403526306,
				1.9230263233184814,
				-0.22233709692955017,
				-0.21187974512577057
			],
			[
				0.4208019971847534,
				0.3147534132003784,
				-0.2786027193069458,
				-0.3925197124481201,
				0.3822934627532959,
				0.22935450077056885,
				-0.21783030033111572,
				-0.4261479377746582
			],
			[
				-0.13580814003944397,
				-0.17041321098804474,
				0.25403207540512085,
				-0.03577089309692383,
				0.23418445885181427,
				0.9225112199783325,
				-0.27865609526634216,
				-0.17117126286029816
			],
			[
				-0.4003368616104126,
				-0.08436620235443115,
				-0.4760611057281494,
				-0.14947760105133057,
				-0.05418729782104492,
				2.0853419303894043,
				0.2802612781524658,
				0.0017963153077289462
			],
			[
				0.16120582818984985,
				0.22601653635501862,
				-0.07974466681480408,
				0.009702205657958984,
				0.17031575739383698,
				1.2952866554260254,
				0.08027781546115875,
				-0.090397410094738
			],
			[
				0.01881861686706543,
				-0.4905019998550415,
				0.4550248384475708,
				-0.4560844898223877,
				-0.22708415985107422,
				-0.22333693504333496,
				0.12691986560821533,
				0.4188251495361328
			],
			[
				-0.22345614433288574,
				-0.3334121108055115,
				-0.4626096487045288,
				-0.3882943391799927,
				-0.04531586170196533,
				0.3700801730155945,
				0.5184850096702576,
				-0.2885953485965729
			],
			[
				-0.15675091743469238,
				-0.2382822036743164,
				0.19268321990966797,
				-0.015281438827514648,
				-0.11828792095184326,
				0.024091243743896484,
				0.26889896392822266,
				-0.05079245567321777
			]
		],
		"weight_1": [
			-0.009600521065294743,
			-0.030887873843312263,
			-0.010522652417421341,
			0.0,
			-0.007819297723472118,
			0.7184584736824036,
			0.08054031431674957,
			0.023424258455634117
		]
	},
	"layer_2": {
		"weight_0": [
			[
				0.5409955382347107,
				0.17296339571475983,
				0.24983888864517212,
				0.28097936511039734
			],
			[
				0.40608152747154236,
				-0.4890151023864746,
				-0.3088133633136749,
				-0.4072129428386688
			],
			[
				0.38007622957229614,
				0.5900149941444397,
				0.5340461730957031,
				-0.5468525886535645
			],
			[
				0.24480915069580078,
				-0.08164012432098389,
				0.028712987899780273,
				-0.4906080365180969
			],
			[
				0.42307090759277344,
				-0.5536912083625793,
				-0.10950891673564911,
				-0.3447408676147461
			],
			[
				0.021019989624619484,
				1.4614582061767578,
				1.0584876537322998,
				1.7833375930786133
			],
			[
				-0.5214070677757263,
				-0.8675591945648193,
				-0.6093376874923706,
				-0.7263213992118835
			],
			[
				0.4418451488018036,
				0.18839475512504578,
				0.1053779125213623,
				0.07317319512367249
			]
		],
		"weight_1": [
			-0.421256959438324,
			0.7052003741264343,
			0.013488061726093292,
			0.7054697871208191
		]
	},
	"layer_3": {
		"weight_0": [
			[
				-0.6708047389984131
			],
			[
				2.149656057357788
			],
			[
				0.7210174798965454
			],
			[
				1.9972227811813354
			]
		],
		"weight_1": [
			0.6990417838096619
		]
	}
}