{
	"layer_0": {
		"weight_0": [
			[
				0.451786607503891,
				0.3978938162326813,
				0.0391048826277256,
				0.9996187090873718,
				-0.30608826875686646,
				0.562707245349884,
				0.602817714214325,
				0.0640094131231308,
				-0.28841206431388855,
				0.25555652379989624,
				-0.49322372674942017,
				-0.015711486339569092,
				-0.1732434630393982,
				0.8744869232177734,
				0.9314528703689575,
				-0.20872852206230164
			],
			[
				0.23026297986507416,
				0.8603523373603821,
				-0.10540515184402466,
				0.19589056074619293,
				-0.43613433837890625,
				0.3179088532924652,
				0.600813090801239,
				-0.183929443359375,
				-0.1092538833618164,
				-0.27920523285865784,
				-0.41115206480026245,
				-0.4377659261226654,
				-0.17159563302993774,
				0.7304525375366211,
				0.7866625785827637,
				-0.5042038559913635
			]
		],
		"weight_1": [
			0.39151424169540405,
			0.480474591255188,
			-0.024951187893748283,
			0.49252745509147644,
			0.0,
			0.471455454826355,
			0.4908027946949005,
			-0.044728733599185944,
			0.0,
			-0.21415495872497559,
			0.0,
			0.0,
			0.0,
			0.4059341251850128,
			0.40165072679519653,
			0.0
		]
	},
	"layer_1": {},
	"layer_2": {
		"weight_0": [
			[
				0.5449146628379822,
				0.02090016007423401,
				0.16506028175354004,
				0.5626140236854553,
				-0.46793508529663086,
				0.29603949189186096,
				0.22329668700695038,
				0.36524832248687744
			],
			[
				-0.24646276235580444,
				-0.22400622069835663,
				-0.47932374477386475,
				0.7137308120727539,
				0.09559142589569092,
				0.8161382675170898,
				0.2486766129732132,
				0.9362573027610779
			],
			[
				-0.0749279260635376,
				0.33217713236808777,
				-0.2033228874206543,
				-0.3089192807674408,
				-0.1292327642440796,
				-0.2714138627052307,
				-0.06942808628082275,
				0.06628525257110596
			],
			[
				-0.036579348146915436,
				0.057814665138721466,
				-0.08878445625305176,
				0.7366353869438171,
				-0.45081186294555664,
				0.6948776841163635,
				0.24316763877868652,
				0.11344213783740997
			],
			[
				-0.2095954418182373,
				0.06540310382843018,
				-0.07797753810882568,
				-0.25131797790527344,
				0.22985553741455078,
				0.34048640727996826,
				-0.496590256690979,
				-0.0160752534866333
			],
			[
				0.19493485987186432,
				0.14378243684768677,
				-0.1305680274963379,
				0.5155632495880127,
				-0.4455728530883789,
				0.6355146169662476,
				0.7325304746627808,
				0.36446613073349
			],
			[
				0.29062557220458984,
				-0.12483569234609604,
				-0.19951272010803223,
				0.6401177644729614,
				-0.05877065658569336,
				0.7202698588371277,
				0.4928745925426483,
				0.1468801200389862
			],
			[
				-0.30560603737831116,
				-0.16373899579048157,
				0.09149158000946045,
				-0.26208290457725525,
				0.11171257495880127,
				-0.15380394458770752,
				-0.3880886435508728,
				0.4766654968261719
			],
			[
				0.27584385871887207,
				-0.4248133897781372,
				-0.21044790744781494,
				-0.3699479103088379,
				0.12955331802368164,
				0.2980548143386841,
				-0.050521254539489746,
				-0.42423808574676514
			],
			[
				-0.26810911297798157,
				0.4171992540359497,
				0.4338952302932739,
				-0.16224928200244904,
				0.36853957176208496,
				0.25590112805366516,
				-0.11481066048145294,
				-0.09149777889251709
			],
			[
				-0.2653391361236572,
				-0.38671135902404785,
				-0.4230591058731079,
				-0.26065659523010254,
				0.14797258377075195,
				-0.047086119651794434,
				0.4261215925216675,
				0.012740492820739746
			],
			[
				-0.16187357902526855,
				-0.2613492012023926,
				-0.26320111751556396,
				0.2751709222793579,
				0.06895327568054199,
				0.17393028736114502,
				-0.41246652603149414,
				-0.36694085597991943
			],
			[
				0.1647946834564209,
				0.4290975332260132,
				0.22337281703948975,
				0.4145219326019287,
				0.31442809104919434,
				-0.22099459171295166,
				-0.06442105770111084,
				0.24415898323059082
			],
			[
				0.6300140023231506,
				0.2416035681962967,
				-0.41462814807891846,
				0.4116714298725128,
				-0.48070240020751953,
				0.5617854595184326,
				0.41953882575035095,
				0.3906082212924957
			],
			[
				0.6267492771148682,
				-0.24859464168548584,
				-0.44381213188171387,
				0.2649773359298706,
				0.12317490577697754,
				0.43203026056289673,
				0.9797850847244263,
				0.6022668480873108
			],
			[
				-0.29726338386535645,
				0.21464431285858154,
				-0.1241828203201294,
				0.2664583921432495,
				-0.3632206916809082,
				0.4920332431793213,
				-0.3940105438232422,
				0.4293529987335205
			]
		],
		"weight_1": [
			0.18459641933441162,
			-0.05973505973815918,
			0.0,
			0.49405211210250854,
			0.0,
			0.46310386061668396,
			0.5014462471008301,
			0.4416486620903015
		]
	},
	"layer_3": {},
	"layer_4": {
		"weight_0": [
			[
				0.5698175430297852,
				0.40552619099617004,
				0.04137927666306496,
				0.2868998646736145
			],
			[
				-0.3950108587741852,
				0.2335851639509201,
				-0.37588226795196533,
				0.5105558037757874
			],
			[
				0.3440689444541931,
				-0.2524729371070862,
				-0.6546145677566528,
				0.251825213432312
			],
			[
				0.8699014186859131,
				-0.03417981043457985,
				1.1921862363815308,
				1.0450154542922974
			],
			[
				-0.6592127680778503,
				0.6041762232780457,
				-0.18795889616012573,
				0.6825366616249084
			],
			[
				0.9411121010780334,
				-0.17645615339279175,
				0.2489662915468216,
				0.8847846984863281
			],
			[
				0.3870791494846344,
				-0.023493565618991852,
				0.7317988276481628,
				0.5879506468772888
			],
			[
				0.8057511448860168,
				-0.5116176605224609,
				0.4522039592266083,
				-0.19418197870254517
			]
		],
		"weight_1": [
			0.3727661073207855,
			-0.028513774275779724,
			0.4816419780254364,
			0.45645615458488464
		]
	},
	"layer_5": {},
	"layer_6": {
		"weight_0": [
			[
				2.560178756713867
			],
			[
				-1.0703197717666626
			],
			[
				2.634935140609741
			],
			[
				2.505246877670288
			]
		],
		"weight_1": [
			2.318389892578125
		]
	}
}