{
	"layer_0": {
		"weight_0": [
			[
				0.14569756388664246,
				0.9754844903945923,
				0.7649852633476257,
				0.6577759385108948,
				-0.00345611572265625,
				1.3975821733474731,
				0.1702945977449417,
				0.7423549890518188,
				1.0004020929336548,
				0.40773871541023254,
				0.693946361541748,
				0.6736335158348083,
				-0.24308648705482483,
				1.0306041240692139,
				1.226357102394104,
				0.878226637840271
			],
			[
				1.5717958211898804,
				1.0406243801116943,
				0.1361168771982193,
				-1.8175891637802124,
				-0.5205321907997131,
				-0.43450576066970825,
				-0.13476431369781494,
				-0.5453020930290222,
				-0.11322927474975586,
				-0.7292316555976868,
				0.15917405486106873,
				-0.8977231979370117,
				-0.4686906039714813,
				-0.05791505426168442,
				-1.3681299686431885,
				-0.3872032165527344
			]
		],
		"weight_1": [
			0.38268667459487915,
			0.47853586077690125,
			0.6381807923316956,
			0.4562252163887024,
			0.0,
			0.6737881898880005,
			-0.15792469680309296,
			0.5630039572715759,
			0.6530109643936157,
			0.680880069732666,
			0.6703886985778809,
			0.6107094287872314,
			0.0,
			0.6590861082077026,
			0.6468576788902283,
			0.6643528938293457
		]
	},
	"layer_1": {
		"weight_0": [
			[
				-0.5692097544670105,
				-0.5120813250541687,
				-0.33617663383483887,
				0.18594439327716827,
				-0.44126367568969727,
				-0.16551625728607178,
				-0.3829090893268585,
				-1.5685564279556274
			],
			[
				-0.05338340997695923,
				0.44422510266304016,
				-0.315710186958313,
				0.40426337718963623,
				-0.11630523204803467,
				0.41768309473991394,
				0.22093643248081207,
				-0.7611146569252014
			],
			[
				-0.09852950274944305,
				0.7068571448326111,
				0.6050739884376526,
				0.5688807368278503,
				-0.3760089874267578,
				-0.3098619878292084,
				-0.07295523583889008,
				-0.22312019765377045
			],
			[
				1.7125067710876465,
				2.050175189971924,
				1.9083210229873657,
				1.0038872957229614,
				-0.32008278369903564,
				0.3845219612121582,
				2.0346992015838623,
				1.25905442237854
			],
			[
				0.22722196578979492,
				0.4168587923049927,
				0.47764313220977783,
				-0.07652783393859863,
				0.3049362897872925,
				-0.029048919677734375,
				0.08812284469604492,
				0.20123505592346191
			],
			[
				0.5623472929000854,
				0.9832244515419006,
				0.8769383430480957,
				0.8005416989326477,
				-0.20909440517425537,
				-0.05113688483834267,
				0.36045533418655396,
				0.1950182020664215
			],
			[
				-0.07230979949235916,
				-0.3358427584171295,
				0.3100826144218445,
				-0.19017930328845978,
				0.16621851921081543,
				0.03754330426454544,
				0.10980028659105301,
				-0.4962267577648163
			],
			[
				-0.06679798662662506,
				0.3934522867202759,
				0.5356425642967224,
				0.6955499053001404,
				0.4983835220336914,
				-0.2903931438922882,
				-0.1402614563703537,
				0.32485079765319824
			],
			[
				0.21609069406986237,
				0.6417841911315918,
				0.2825593650341034,
				0.18681438267230988,
				-0.14701080322265625,
				-0.39366447925567627,
				0.221451535820961,
				0.04518889635801315
			],
			[
				0.8518080711364746,
				0.23690763115882874,
				0.8682444095611572,
				0.7853078842163086,
				0.37171196937561035,
				-0.04459056630730629,
				0.9113457798957825,
				0.7710056304931641
			],
			[
				0.4061863124370575,
				0.46675556898117065,
				0.21115484833717346,
				0.6426135301589966,
				0.4275531768798828,
				0.09693840891122818,
				0.5753549337387085,
				-0.3128533959388733
			],
			[
				0.5508610010147095,
				1.001086950302124,
				0.45910003781318665,
				1.4237663745880127,
				0.12472367286682129,
				0.07750190049409866,
				1.1477596759796143,
				0.7931991219520569
			],
			[
				0.04705774784088135,
				0.16788244247436523,
				0.4566386938095093,
				-0.1921226978302002,
				-0.19931364059448242,
				0.09845685958862305,
				-0.06660306453704834,
				0.08037185668945312
			],
			[
				0.8478273749351501,
				0.6975356340408325,
				0.4933430850505829,
				0.7080878019332886,
				-0.3273582458496094,
				-0.14628861844539642,
				0.6274402737617493,
				-0.31064358353614807
			],
			[
				1.4935225248336792,
				0.811500608921051,
				1.2576462030410767,
				0.9201081395149231,
				-0.35719597339630127,
				0.30623793601989746,
				1.5697060823440552,
				1.3583850860595703
			],
			[
				0.8086127638816833,
				0.392844557762146,
				0.3179699182510376,
				0.5715563893318176,
				-0.344921350479126,
				-0.11218685656785965,
				0.891995370388031,
				0.17330598831176758
			]
		],
		"weight_1": [
			0.6439012289047241,
			0.6483786702156067,
			0.5885476469993591,
			0.7030836343765259,
			0.0,
			-0.045213159173727036,
			0.6303592324256897,
			0.3905206024646759
		]
	},
	"layer_2": {
		"weight_0": [
			[
				1.1400014162063599,
				0.03976308926939964,
				0.9628837704658508,
				-0.11108581721782684
			],
			[
				1.110867977142334,
				-0.13371334969997406,
				1.2894479036331177,
				0.22617223858833313
			],
			[
				0.2698249816894531,
				-0.4185161888599396,
				1.4046286344528198,
				-0.1869482845067978
			],
			[
				0.5957910418510437,
				0.7484151721000671,
				0.5007482171058655,
				0.7289790511131287
			],
			[
				-0.21834713220596313,
				-0.4493730664253235,
				-0.42484965920448303,
				-0.0686531662940979
			],
			[
				-0.22613658010959625,
				-0.48083752393722534,
				-0.3044304847717285,
				-0.598074197769165
			],
			[
				1.4880117177963257,
				0.1162310540676117,
				1.1149224042892456,
				-0.37546688318252563
			],
			[
				2.106107234954834,
				-1.5400992631912231,
				1.4840729236602783,
				-1.3174564838409424
			]
		],
		"weight_1": [
			0.640049159526825,
			0.15046021342277527,
			0.6355269551277161,
			0.06542985886335373
		]
	},
	"layer_3": {
		"weight_0": [
			[
				1.2263766527175903
			],
			[
				-1.538183331489563
			],
			[
				1.0889639854431152
			],
			[
				-1.4473795890808105
			]
		],
		"weight_1": [
			0.6260894536972046
		]
	}
}