{
	"layer_0": {
		"weight_0": 0.0,
		"weight_1": 1.0,
		"weight_2": -1
	},
	"layer_1": {
		"weight_0": [
			-0.12952764332294464,
			0.20071330666542053,
			0.6436704397201538,
			0.49792373180389404,
			0.603722870349884,
			0.6940860152244568,
			0.525507926940918,
			0.5465055108070374,
			0.5957245826721191,
			0.0,
			0.7074711322784424,
			-0.03839784488081932,
			0.5118879079818726,
			0.5549445748329163,
			0.21896517276763916,
			0.0996241420507431
		],
		"weight_1": [
			[
				0.34408724308013916,
				-0.332073837518692,
				0.8881259560585022,
				0.4789564609527588,
				1.3187477588653564,
				1.0383431911468506,
				0.9467259645462036,
				-0.16382020711898804,
				1.3731330633163452,
				-0.5395181179046631,
				1.1033538579940796,
				0.08575548976659775,
				0.8091574311256409,
				0.7630389332771301,
				0.5478529930114746,
				-0.1681220978498459
			],
			[
				0.010918401181697845,
				1.7274116277694702,
				-0.18388959765434265,
				-1.2328280210494995,
				-0.39742907881736755,
				-0.09985695034265518,
				-0.23635801672935486,
				-0.4431911110877991,
				-0.34762635827064514,
				-0.5547578930854797,
				0.2537349760532379,
				-0.3754870593547821,
				-0.2655256688594818,
				-1.7369037866592407,
				-1.9886829853057861,
				1.7402721643447876
			]
		],
		"weight_2": -1,
		"weight_3": -1.9886829853057861,
		"weight_4": 1.9886829853057861,
		"weight_5": -0.5658519268035889,
		"weight_6": 2.35207200050354
	},
	"layer_2": {
		"weight_0": [
			0.0,
			0.4205113351345062,
			0.7109134793281555,
			0.40205833315849304,
			-0.27993959188461304,
			-0.06768330931663513,
			0.6267966628074646,
			0.6625921726226807
		],
		"weight_1": [
			[
				0.0512312650680542,
				-0.6794062852859497,
				-0.3801340162754059,
				0.20282432436943054,
				-0.8104134798049927,
				-0.3130028247833252,
				0.06299992650747299,
				-0.7492015361785889
			],
			[
				0.03921222686767578,
				-2.371433734893799,
				-0.9945505857467651,
				-1.717846393585205,
				0.7999424934387207,
				0.35019662976264954,
				-0.833442747592926,
				-0.7725067734718323
			],
			[
				0.24933123588562012,
				-0.05089036375284195,
				0.9812149405479431,
				0.3859695494174957,
				-0.20631703734397888,
				-0.5587388873100281,
				0.9473516941070557,
				0.7694036364555359
			],
			[
				-0.1556689739227295,
				1.098771095275879,
				0.5201845169067383,
				0.9552223086357117,
				-0.5377248525619507,
				0.38564491271972656,
				1.1382169723510742,
				1.1778923273086548
			],
			[
				0.27516305446624756,
				0.160283625125885,
				0.7833753228187561,
				-0.19198836386203766,
				0.15322023630142212,
				0.278838574886322,
				0.9785453081130981,
				0.8986892104148865
			],
			[
				0.008331775665283203,
				0.028569018468260765,
				0.3607405126094818,
				-0.4587074816226959,
				-0.33413442969322205,
				-0.2179962545633316,
				0.09143881499767303,
				0.7328881621360779
			],
			[
				-0.4169696569442749,
				0.282977432012558,
				0.5923514366149902,
				0.23971989750862122,
				0.1520739197731018,
				-0.5121583938598633,
				0.3402196764945984,
				0.4336029887199402
			],
			[
				0.03674745559692383,
				0.26123014092445374,
				-0.18034332990646362,
				0.22878199815750122,
				-0.22521452605724335,
				-0.512183666229248,
				0.580012321472168,
				0.2833707630634308
			],
			[
				-0.40588855743408203,
				0.264197438955307,
				0.9661757946014404,
				0.45844539999961853,
				-0.19429126381874084,
				-0.5250416398048401,
				1.029706358909607,
				0.9925804138183594
			],
			[
				0.3021090030670166,
				0.3814598321914673,
				-0.4796510934829712,
				-0.11391472816467285,
				0.0024834871292114258,
				0.3780961036682129,
				-0.21348989009857178,
				0.20043134689331055
			],
			[
				-0.19774913787841797,
				-0.41344818472862244,
				0.12908397614955902,
				0.27891913056373596,
				-0.2868291735649109,
				-0.45804181694984436,
				0.6758289337158203,
				0.5332610011100769
			],
			[
				-0.46187829971313477,
				-0.3714040219783783,
				0.20612142980098724,
				-0.2671510577201843,
				0.31820666790008545,
				0.3617802858352661,
				-0.2946155071258545,
				-0.07077862322330475
			],
			[
				-0.3981940746307373,
				0.2787880599498749,
				-0.003469712333753705,
				0.13701915740966797,
				-0.019285492599010468,
				-0.343944251537323,
				0.6792469024658203,
				0.5511988997459412
			],
			[
				-0.0643686056137085,
				1.4897518157958984,
				1.3065576553344727,
				0.8556692004203796,
				-0.531661868095398,
				0.19088733196258545,
				0.9552937150001526,
				1.6328893899917603
			],
			[
				-0.26717495918273926,
				1.4571223258972168,
				1.6956826448440552,
				1.9900193214416504,
				-0.1287141740322113,
				-0.4041033983230591,
				1.7063068151474,
				1.8363606929779053
			],
			[
				-0.39373815059661865,
				-2.3235175609588623,
				-0.2719316780567169,
				-1.9152038097381592,
				1.1055833101272583,
				0.3233058750629425,
				-0.41874974966049194,
				-1.0654419660568237
			]
		],
		"weight_2": -1,
		"weight_3": -2.371433734893799,
		"weight_4": 2.371433734893799,
		"weight_5": -0.5658519268035889,
		"weight_6": 10.79910659790039
	},
	"layer_3": {
		"weight_0": [
			0.5589621663093567,
			-0.1422756463289261,
			0.0,
			0.5587589144706726
		],
		"weight_1": [
			[
				0.07667958736419678,
				0.2941516041755676,
				-0.39099764823913574,
				0.2182416319847107
			],
			[
				2.0463368892669678,
				-1.115898609161377,
				-0.379957377910614,
				2.0471088886260986
			],
			[
				1.3789105415344238,
				0.3293926417827606,
				-0.5732638835906982,
				0.8330199718475342
			],
			[
				1.5497287511825562,
				0.2128947675228119,
				-0.5194138884544373,
				0.37465548515319824
			],
			[
				1.2382179498672485,
				-0.7218640446662903,
				-0.6772862076759338,
				0.8664071559906006
			],
			[
				0.20307815074920654,
				-0.0920458436012268,
				-0.5116630792617798,
				0.3987652659416199
			],
			[
				0.9545527696609497,
				0.5725119709968567,
				-0.10279786586761475,
				0.6577085852622986
			],
			[
				1.2810626029968262,
				-0.4565596878528595,
				-0.18868905305862427,
				1.4451714754104614
			]
		],
		"weight_2": -1,
		"weight_3": -2.0471088886260986,
		"weight_4": 2.0471088886260986,
		"weight_5": -0.5658519268035889,
		"weight_6": 43.782188415527344
	},
	"layer_4": {
		"weight_0": [
			0.555544376373291
		],
		"weight_1": [
			[
				1.7459132671356201
			],
			[
				-1.9868388175964355
			],
			[
				-0.8828130960464478
			],
			[
				1.7806737422943115
			]
		],
		"weight_2": -1,
		"weight_3": -1.9868388175964355,
		"weight_4": 1.9868388175964355,
		"weight_5": -0.5658519268035889,
		"weight_6": 108.94831085205078
	}
}