{
	"layer_0": {
		"weight_0": 0.0,
		"weight_1": 1.0,
		"weight_2": -1
	},
	"layer_1": {
		"weight_0": [
			0.6576876044273376,
			-0.045281995087862015,
			0.23506204783916473,
			0.0,
			1.4631993770599365,
			0.0,
			0.8085535168647766,
			0.0,
			0.4570237398147583,
			0.5168405175209045,
			-0.5075752139091492,
			0.0,
			0.5430032014846802,
			0.5280168652534485,
			0.5012810826301575,
			1.082518458366394
		],
		"weight_1": [
			[
				0.8217635750770569,
				0.09672188758850098,
				1.2145005464553833,
				-0.006755650043487549,
				-4.6836371421813965,
				-0.058803021907806396,
				0.725861668586731,
				-0.5200358033180237,
				-1.0163923501968384,
				1.4840447902679443,
				0.9188089370727539,
				-0.09226995706558228,
				-12.289994239807129,
				0.8127102255821228,
				2.1742379665374756,
				0.5321330428123474
			],
			[
				-3.6078293323516846,
				-0.6209851503372192,
				-10.009941101074219,
				-0.2624633312225342,
				-0.9186971783638,
				-0.33989423513412476,
				-2.4675276279449463,
				-0.0045146942138671875,
				0.4460040032863617,
				-0.5467184782028198,
				-0.8475979566574097,
				-0.19419944286346436,
				-2.6497368812561035,
				-5.591675758361816,
				-0.5389153957366943,
				-1.7889509201049805
			]
		],
		"weight_2": -1,
		"weight_3": -12.289994239807129,
		"weight_4": 12.289994239807129,
		"weight_5": -1.1747631106841295e-35,
		"weight_6": 2.451653242111206
	},
	"layer_2": {
		"weight_0": [
			0.8814601302146912,
			0.48551347851753235,
			0.6050386428833008,
			0.5766515731811523,
			0.23945055902004242,
			1.041210412979126,
			-0.1626555472612381,
			-0.11961851269006729
		],
		"weight_1": [
			[
				1.1498245000839233,
				0.5264614820480347,
				0.6330285668373108,
				0.6129131317138672,
				0.5981204509735107,
				-0.17725002765655518,
				0.17763692140579224,
				0.322319358587265
			],
			[
				-0.4301478862762451,
				-0.24785208702087402,
				-0.03934422880411148,
				0.3554359972476959,
				0.4470377564430237,
				0.20635467767715454,
				0.4076627492904663,
				0.022606609389185905
			],
			[
				2.1564314365386963,
				2.084390878677368,
				2.1708548069000244,
				2.6135172843933105,
				-1.8025599718093872,
				2.6259608268737793,
				-0.6202476620674133,
				0.419641375541687
			],
			[
				0.31654107570648193,
				-0.06183969974517822,
				-0.33317506313323975,
				0.25911033153533936,
				-0.4537283182144165,
				0.3321894407272339,
				-0.3218216896057129,
				0.3182542324066162
			],
			[
				-0.4427504539489746,
				-0.558226466178894,
				-0.3936997950077057,
				-0.3439215123653412,
				0.12347627431154251,
				-1.1498874425888062,
				1.275063157081604,
				-0.05536431074142456
			],
			[
				-0.021085023880004883,
				-0.19992947578430176,
				-0.06988155841827393,
				0.10539841651916504,
				0.3874502182006836,
				-0.47285008430480957,
				-0.3425896167755127,
				-0.06879615783691406
			],
			[
				0.789526641368866,
				0.41638830304145813,
				0.23122595250606537,
				0.35675862431526184,
				0.44383829832077026,
				-0.2742053270339966,
				0.5224021673202515,
				-0.15144222974777222
			],
			[
				0.05485522747039795,
				0.37772083282470703,
				0.06502699851989746,
				-0.1361680030822754,
				-0.32971251010894775,
				-0.35565173625946045,
				-0.04753291606903076,
				-0.012879610061645508
			],
			[
				-0.016262486577033997,
				0.13021615147590637,
				-0.020042113959789276,
				0.36079877614974976,
				0.7384055852890015,
				-0.22485366463661194,
				-0.3427724838256836,
				0.1359202265739441
			],
			[
				0.5318088531494141,
				0.24470974504947662,
				0.3836876451969147,
				0.2633730471134186,
				0.34486883878707886,
				-0.5864879488945007,
				-1.9933838844299316,
				-0.17895305156707764
			],
			[
				0.9386743307113647,
				-0.3563387095928192,
				-0.691956102848053,
				0.09863968938589096,
				0.5791624188423157,
				0.5169781446456909,
				-0.09446918964385986,
				0.045530278235673904
			],
			[
				-0.262467622756958,
				0.4239107370376587,
				0.07490193843841553,
				0.25627315044403076,
				0.010631084442138672,
				-0.21807539463043213,
				-0.1048053503036499,
				-0.16352629661560059
			],
			[
				-1.6811702251434326,
				-1.5911760330200195,
				-2.172893762588501,
				-1.7039730548858643,
				1.5936883687973022,
				-0.3795931935310364,
				-3.7781424522399902,
				0.1347520798444748
			],
			[
				0.8356593251228333,
				1.2009031772613525,
				0.7839109897613525,
				1.3217283487319946,
				0.3684813976287842,
				-0.06447666883468628,
				0.19800110161304474,
				-0.170492023229599
			],
			[
				0.8182933330535889,
				-0.29418906569480896,
				0.10933297872543335,
				-0.006822496652603149,
				0.11854209005832672,
				-0.580768346786499,
				-1.256082534790039,
				-0.4998292624950409
			],
			[
				1.1739846467971802,
				0.3083258271217346,
				0.7084031701087952,
				0.014710456132888794,
				0.485326886177063,
				0.6734648942947388,
				0.6730835437774658,
				-0.3909687101840973
			]
		],
		"weight_2": -1,
		"weight_3": -3.7781424522399902,
		"weight_4": 3.7781424522399902,
		"weight_5": -1.1747631106841295e-35,
		"weight_6": 7.4629807472229
	},
	"layer_3": {
		"weight_0": [
			0.7907740473747253,
			0.6086389422416687,
			-0.00602301862090826,
			-0.32887113094329834
		],
		"weight_1": [
			[
				2.0296130180358887,
				2.173154354095459,
				-0.073661208152771,
				-0.6572303771972656
			],
			[
				2.7445285320281982,
				2.249938488006592,
				0.050070106983184814,
				0.2493659406900406
			],
			[
				2.019754648208618,
				2.166348695755005,
				-0.5472938418388367,
				0.06162809208035469
			],
			[
				2.5391392707824707,
				2.341931104660034,
				-0.24064180254936218,
				0.3282293677330017
			],
			[
				-2.9044551849365234,
				-3.4638423919677734,
				-0.13051344454288483,
				-0.3123137950897217
			],
			[
				-1.3780828714370728,
				-3.3175766468048096,
				0.23556526005268097,
				-0.17249208688735962
			],
			[
				-3.6414153575897217,
				-3.9958112239837646,
				0.5703628659248352,
				0.07718843221664429
			],
			[
				0.20687270164489746,
				-0.11752165853977203,
				0.10209500789642334,
				0.6607853174209595
			]
		],
		"weight_2": -1,
		"weight_3": -3.9958112239837646,
		"weight_4": 3.9958112239837646,
		"weight_5": -1.1747631106841295e-35,
		"weight_6": 27.32676124572754
	},
	"layer_4": {
		"weight_0": [
			0.8467031717300415
		],
		"weight_1": [
			[
				2.682239055633545
			],
			[
				2.746068000793457
			],
			[
				-0.09036138653755188
			],
			[
				-0.20959419012069702
			]
		],
		"weight_2": -1,
		"weight_3": -2.747196674346924,
		"weight_4": 2.747196674346924,
		"weight_5": -1.1747631106841295e-35,
		"weight_6": 138.9829864501953
	}
}