{
	"layer_0": {
		"weight_0": [
			[
				0.6081655025482178,
				-0.5030419230461121,
				0.02594614587724209,
				0.20365995168685913,
				0.15564002096652985,
				-0.23823727667331696,
				-0.315146267414093,
				-0.13074231147766113,
				-0.029876768589019775,
				0.1715470552444458,
				-0.5608434677124023,
				-0.1767677515745163,
				-0.334109902381897,
				0.4816359579563141,
				-0.02901327610015869,
				0.175407275557518
			],
			[
				-0.1349712461233139,
				0.13689042627811432,
				0.44212406873703003,
				-0.13096661865711212,
				0.306890606880188,
				0.5050925612449646,
				0.15399648249149323,
				0.07277414947748184,
				-0.4644937515258789,
				0.39874452352523804,
				0.22743864357471466,
				0.3753902316093445,
				0.06669403612613678,
				0.3906703293323517,
				-0.2163311243057251,
				0.1349121779203415
			]
		],
		"weight_1": [
			0.035009562969207764,
			-0.04492197930812836,
			-0.0731118842959404,
			0.05468370020389557,
			-0.058686431497335434,
			0.07683760672807693,
			0.08424626290798187,
			-0.047392845153808594,
			0.0,
			0.056391630321741104,
			-0.05401447042822838,
			-0.06852416694164276,
			-0.029194733127951622,
			-0.06974570453166962,
			0.0,
			-0.08653226494789124
		]
	},
	"layer_1": {
		"weight_0": [
			[
				0.1902737319469452,
				0.20432579517364502,
				0.09562998265028,
				0.4936155676841736,
				0.06398892402648926,
				-0.0031671011820435524,
				-0.17735743522644043,
				-0.27560123801231384
			],
			[
				0.33529675006866455,
				-0.26954197883605957,
				-0.062338948249816895,
				-0.32700493931770325,
				0.28529301285743713,
				0.10224985331296921,
				-0.15298116207122803,
				-0.08588388562202454
			],
			[
				0.1870591640472412,
				-0.3510909378528595,
				0.12130241841077805,
				-0.18620747327804565,
				0.3190614879131317,
				-0.17349033057689667,
				-0.1836838722229004,
				0.2702964246273041
			],
			[
				-0.18108080327510834,
				0.23481693863868713,
				0.09437274187803268,
				0.08107078075408936,
				-0.3017936050891876,
				0.5136078596115112,
				0.0002956390380859375,
				0.09467538446187973
			],
			[
				0.21355585753917694,
				0.38377645611763,
				0.4238787889480591,
				-0.11775431782007217,
				-0.5018090605735779,
				-0.2131159007549286,
				0.2888181209564209,
				-0.3869386911392212
			],
			[
				-0.19333235919475555,
				-0.17329645156860352,
				-0.43214061856269836,
				0.5258440375328064,
				0.12498550117015839,
				0.17161603271961212,
				-0.45725488662719727,
				0.04728890210390091
			],
			[
				-0.3229852318763733,
				-0.48023760318756104,
				0.31919991970062256,
				0.558388352394104,
				-0.4062236249446869,
				-0.242414653301239,
				-0.005367398262023926,
				-0.4431073069572449
			],
			[
				0.3764307498931885,
				-0.33215415477752686,
				-0.4183867871761322,
				0.2908003628253937,
				0.4931566119194031,
				0.2857164442539215,
				-0.27180492877960205,
				0.3113744258880615
			],
			[
				-0.39062249660491943,
				-0.4139585494995117,
				-0.12390851974487305,
				-0.3463907241821289,
				-0.07980203628540039,
				0.39500272274017334,
				-0.2651916742324829,
				0.05069458484649658
			],
			[
				0.16496753692626953,
				0.2522885203361511,
				-0.1875397264957428,
				0.5250749588012695,
				-0.16067135334014893,
				0.1581161469221115,
				0.1439990997314453,
				-0.09273597598075867
			],
			[
				0.41870778799057007,
				-0.047371745109558105,
				-0.27857744693756104,
				0.3010621666908264,
				0.31317973136901855,
				0.1891126185655594,
				-0.3448445796966553,
				0.1009707972407341
			],
			[
				0.06857597827911377,
				0.40152812004089355,
				0.12405448406934738,
				0.28788575530052185,
				0.19969241321086884,
				-0.26492226123809814,
				-0.3562929630279541,
				0.03793780133128166
			],
			[
				0.38495561480522156,
				0.10633039474487305,
				0.03752577304840088,
				-0.3503519892692566,
				-0.041606198996305466,
				0.15001769363880157,
				-0.3934849500656128,
				-0.14012731611728668
			],
			[
				0.3165084719657898,
				-0.46110233664512634,
				-0.2749822437763214,
				-0.19653581082820892,
				0.04465043917298317,
				0.34005987644195557,
				-0.31130218505859375,
				0.38823291659355164
			],
			[
				0.05909264087677002,
				-0.13026225566864014,
				0.28247320652008057,
				-0.11855947971343994,
				-0.13337695598602295,
				0.2833799123764038,
				-0.1662137508392334,
				0.02190852165222168
			],
			[
				0.3456045091152191,
				-0.26881638169288635,
				0.1607993245124817,
				-0.02202291041612625,
				0.4261668026447296,
				-0.36334267258644104,
				0.33014798164367676,
				-0.2889975309371948
			]
		],
		"weight_1": [
			-0.07385960221290588,
			-0.00805065780878067,
			-0.019025705754756927,
			0.08160407841205597,
			-0.02497476525604725,
			0.07867582887411118,
			0.0,
			-0.050187088549137115
		]
	},
	"layer_2": {
		"weight_0": [
			[
				0.4984985589981079,
				0.4117642939090729,
				0.12062092125415802,
				-0.6525758504867554
			],
			[
				0.09850257635116577,
				0.18688993155956268,
				0.644367516040802,
				0.3791430592536926
			],
			[
				0.4127477705478668,
				-0.526298463344574,
				0.6622859239578247,
				0.3118743300437927
			],
			[
				-0.23241287469863892,
				-0.35385531187057495,
				-0.6505477428436279,
				0.11100366711616516
			],
			[
				0.23255842924118042,
				-0.5742513537406921,
				-0.5865010619163513,
				-0.40448588132858276
			],
			[
				-0.2743913233280182,
				0.14233894646167755,
				0.029534637928009033,
				-0.5684409737586975
			],
			[
				0.07870990037918091,
				0.431297242641449,
				0.2672625780105591,
				0.46817606687545776
			],
			[
				0.34431448578834534,
				-0.47699278593063354,
				0.6662866473197937,
				-0.13459664583206177
			]
		],
		"weight_1": [
			-0.07765448093414307,
			-0.06881681829690933,
			-0.015609337016940117,
			-0.01098946575075388
		]
	},
	"layer_3": {
		"weight_0": [
			[
				-0.4673784375190735
			],
			[
				-0.18999521434307098
			],
			[
				-0.6201813220977783
			],
			[
				-0.0359845794737339
			]
		],
		"weight_1": [
			57.335636138916016
		]
	}
}