{
	"layer_0": {
		"weight_0": 0.0,
		"weight_1": 1.0,
		"weight_2": -1
	},
	"layer_1": {
		"weight_0": [
			0.8135557770729065,
			-0.06155368313193321,
			0.8302695751190186,
			0.6308895349502563,
			0.1816329061985016,
			0.8252815008163452,
			0.5776181221008301,
			0.8309023976325989,
			0.0,
			0.8198685050010681,
			0.7068838477134705,
			0.787804126739502,
			0.0,
			0.0,
			0.8243804574012756,
			0.0
		],
		"weight_1": [
			[
				1.9210306406021118,
				-0.3151707947254181,
				0.7728326320648193,
				1.4625217914581299,
				-0.6507050395011902,
				1.2736738920211792,
				1.231834053993225,
				0.989348828792572,
				-0.4041721820831299,
				1.1527942419052124,
				0.36888280510902405,
				0.6764711141586304,
				-0.09533888101577759,
				-0.13933271169662476,
				1.5032485723495483,
				-0.5602203011512756
			],
			[
				-0.5194639563560486,
				0.4106588363647461,
				-0.0019135394832119346,
				-0.19610756635665894,
				1.2340624332427979,
				-0.535036563873291,
				-1.9895644187927246,
				-0.3318704664707184,
				-0.46069473028182983,
				-0.227846160531044,
				0.8454211950302124,
				-0.29928940534591675,
				-0.3277689814567566,
				-0.02924478054046631,
				-0.1784551441669464,
				-0.17849814891815186
			]
		],
		"weight_2": -1,
		"weight_3": -1.9895644187927246,
		"weight_4": 1.9895644187927246,
		"weight_5": -0.5658519268035889,
		"weight_6": 2.800116539001465
	},
	"layer_2": {
		"weight_0": [
			0.8391969799995422,
			0.8289341926574707,
			-0.20105865597724915,
			0.8389039039611816,
			0.0,
			-0.12014975398778915,
			-0.1410273164510727,
			-0.01173506397753954
		],
		"weight_1": [
			[
				0.9478127956390381,
				1.272243618965149,
				-0.0788969174027443,
				0.9928634762763977,
				-0.49220097064971924,
				0.426108181476593,
				0.07570725679397583,
				0.015228185802698135
			],
			[
				0.5751079320907593,
				0.8067833781242371,
				-1.2192028760910034,
				0.6874436736106873,
				0.17645251750946045,
				-0.6660898327827454,
				0.0020265253260731697,
				-0.4764808714389801
			],
			[
				0.5743363499641418,
				0.6735321879386902,
				-0.05427330359816551,
				0.05719173699617386,
				-0.4065358638763428,
				0.004263665527105331,
				-0.0006374891381710768,
				0.1589651256799698
			],
			[
				0.5629390478134155,
				0.1705886423587799,
				0.4381183683872223,
				0.6318104863166809,
				-0.48960351943969727,
				-0.3490903079509735,
				0.13855671882629395,
				0.21611738204956055
			],
			[
				-1.4296700954437256,
				-1.4251072406768799,
				0.709993302822113,
				-0.711728036403656,
				-0.10474777221679688,
				0.6509459614753723,
				-0.1487780660390854,
				-0.27886736392974854
			],
			[
				1.2865197658538818,
				1.1872979402542114,
				-0.5741654634475708,
				1.179535984992981,
				-0.4609663486480713,
				0.26289239525794983,
				-0.002083603758364916,
				-0.33752021193504333
			],
			[
				2.3239970207214355,
				1.5194813013076782,
				-1.0743941068649292,
				2.322705030441284,
				0.12840163707733154,
				-0.73883056640625,
				0.18327738344669342,
				-0.13672026991844177
			],
			[
				0.7724692225456238,
				0.820343554019928,
				0.4204017221927643,
				0.3415978252887726,
				-0.21650218963623047,
				-0.07201274484395981,
				0.31974366307258606,
				-0.2949615716934204
			],
			[
				-0.19091057777404785,
				0.16690611839294434,
				0.47763633728027344,
				-0.34864556789398193,
				0.07432317733764648,
				-0.4639754295349121,
				0.35205328464508057,
				-0.4431886672973633
			],
			[
				0.5110206007957458,
				0.5233179330825806,
				0.3987809419631958,
				0.35681790113449097,
				-0.38788390159606934,
				0.31309494376182556,
				-0.4915924668312073,
				0.2660766839981079
			],
			[
				0.13835906982421875,
				0.4929770827293396,
				0.9605687260627747,
				0.2628546953201294,
				0.20006442070007324,
				0.6720031499862671,
				-0.44663742184638977,
				-0.467173308134079
			],
			[
				0.45659133791923523,
				0.3522822856903076,
				0.5168941020965576,
				0.2891407608985901,
				-0.13618874549865723,
				-0.1334550678730011,
				-0.49804261326789856,
				-0.2053583860397339
			],
			[
				0.15046656131744385,
				0.40881335735321045,
				-0.128676176071167,
				-0.32771003246307373,
				0.015761375427246094,
				-0.4756026268005371,
				0.14736175537109375,
				-0.13770198822021484
			],
			[
				0.26027095317840576,
				0.15848052501678467,
				-0.12934696674346924,
				0.3522442579269409,
				-0.3614243268966675,
				-0.16555118560791016,
				0.48454904556274414,
				0.38270628452301025
			],
			[
				0.44240716099739075,
				1.0399513244628906,
				-0.11972159147262573,
				0.9748493432998657,
				-0.28809666633605957,
				0.06437606364488602,
				-0.03714694082736969,
				-0.25700628757476807
			],
			[
				-0.4898982048034668,
				-0.04646193981170654,
				0.1630563735961914,
				0.1693708896636963,
				-0.39320600032806396,
				0.3486521244049072,
				-0.21260762214660645,
				0.426227331161499
			]
		],
		"weight_2": -1,
		"weight_3": -2.325798749923706,
		"weight_4": 2.325798749923706,
		"weight_5": -0.5658519268035889,
		"weight_6": 14.92391586303711
	},
	"layer_3": {
		"weight_0": [
			-0.23534537851810455,
			0.8243800401687622,
			0.0,
			0.799327552318573
		],
		"weight_1": [
			[
				0.0427594892680645,
				0.6001609563827515,
				-0.001426100730895996,
				1.5889487266540527
			],
			[
				0.06541919708251953,
				1.1816028356552124,
				-0.03040909767150879,
				1.4063583612442017
			],
			[
				1.4386438131332397,
				-1.6812273263931274,
				-0.6553711891174316,
				-1.2058181762695312
			],
			[
				-0.04570012539625168,
				0.7991547584533691,
				-0.48615798354148865,
				1.284889817237854
			],
			[
				0.11738604307174683,
				-0.6887749433517456,
				0.6015720963478088,
				0.4676561951637268
			],
			[
				0.7650139331817627,
				-0.5847719311714172,
				0.34417349100112915,
				-0.3007362484931946
			],
			[
				0.014544792473316193,
				0.17677581310272217,
				-0.6524672508239746,
				-0.13268952071666718
			],
			[
				0.5446820855140686,
				-0.5163843035697937,
				-0.0643661618232727,
				0.13320395350456238
			]
		],
		"weight_2": -1,
		"weight_3": -1.6790088415145874,
		"weight_4": 1.6790088415145874,
		"weight_5": -0.5658519268035889,
		"weight_6": 50.58034896850586
	},
	"layer_4": {
		"weight_0": [
			0.8062086701393127
		],
		"weight_1": [
			[
				-1.6503245830535889
			],
			[
				0.9043370485305786
			],
			[
				-0.09133195877075195
			],
			[
				1.4052082300186157
			]
		],
		"weight_2": -1,
		"weight_3": -1.6481132507324219,
		"weight_4": 1.6481132507324219,
		"weight_5": -0.5658519268035889,
		"weight_6": 71.61009979248047
	}
}