{
	"layer_0": {
		"weight_0": [
			[
				0.8310115337371826,
				-0.5363901257514954,
				-0.32951563596725464,
				-0.3780681788921356,
				0.7659485936164856,
				0.04228680953383446,
				0.8284474611282349,
				0.06793777644634247,
				0.6589994430541992,
				-0.24451370537281036,
				0.5744988918304443,
				-0.01992279291152954,
				-0.015785515308380127,
				-0.2625546157360077,
				0.003447719616815448,
				1.0027741193771362
			],
			[
				-0.623938798904419,
				-0.12055173516273499,
				-0.4418995976448059,
				-0.40429332852363586,
				-0.7014873623847961,
				-0.28462204337120056,
				-0.46399539709091187,
				-0.5319907069206238,
				-1.402035117149353,
				0.139102041721344,
				-0.20403161644935608,
				-0.2578571140766144,
				-0.3213275969028473,
				1.351778268814087,
				-0.005279082804918289,
				-0.6506627202033997
			]
		],
		"weight_1": [
			0.6883591413497925,
			0.0,
			0.0,
			0.0,
			0.695117175579071,
			-0.007330853026360273,
			0.6746402978897095,
			-0.00480955746024847,
			0.2534957528114319,
			-0.14000250399112701,
			0.7320882678031921,
			0.0,
			0.0,
			0.2645651400089264,
			0.620084285736084,
			0.7146132588386536
		]
	},
	"layer_1": {
		"weight_0": [
			[
				0.4358597695827484,
				0.7375921010971069,
				0.8467116355895996,
				-0.3580549359321594,
				0.9181002378463745,
				1.1706864833831787,
				0.9336155652999878,
				-0.041733961552381516
			],
			[
				-0.2497342824935913,
				-0.26267874240875244,
				0.34704089164733887,
				-0.1736692190170288,
				-0.2617567777633667,
				-0.3376646041870117,
				0.41754138469696045,
				-0.3592108488082886
			],
			[
				-0.14871764183044434,
				-0.42495107650756836,
				0.3408527374267578,
				-0.2136094570159912,
				0.37097012996673584,
				0.18834590911865234,
				0.37455499172210693,
				-0.005742788314819336
			],
			[
				0.10907244682312012,
				-0.404948353767395,
				-0.37129437923431396,
				-0.018883705139160156,
				0.30937743186950684,
				0.35497212409973145,
				0.34621715545654297,
				0.32512712478637695
			],
			[
				0.6041711568832397,
				0.7621732354164124,
				0.6232303977012634,
				-0.6928061246871948,
				0.8862311244010925,
				1.1266472339630127,
				1.3990923166275024,
				-0.32822707295417786
			],
			[
				-0.2897662818431854,
				0.21674704551696777,
				0.17416846752166748,
				-0.18702228367328644,
				-0.3269293010234833,
				0.1999676376581192,
				-0.4191856384277344,
				-0.3895292282104492
			],
			[
				1.2338104248046875,
				0.5207900404930115,
				1.0492907762527466,
				0.30665284395217896,
				0.5074275732040405,
				0.7102799415588379,
				1.0366811752319336,
				-0.2673071026802063
			],
			[
				-0.281536340713501,
				-0.2528764009475708,
				-0.025435199961066246,
				-0.15221980214118958,
				0.3949888050556183,
				-0.2186514437198639,
				-0.44856780767440796,
				0.007022738456726074
			],
			[
				1.5123074054718018,
				1.040295124053955,
				1.3387078046798706,
				0.005853724200278521,
				1.7004666328430176,
				1.2965301275253296,
				1.0810599327087402,
				-0.4286668300628662
			],
			[
				-0.1989724487066269,
				-0.3813750445842743,
				0.5233023166656494,
				-0.44950470328330994,
				-0.36576589941978455,
				-0.1542404145002365,
				0.1270250678062439,
				-0.34892261028289795
			],
			[
				0.5173145532608032,
				0.8106229305267334,
				0.8382872939109802,
				-0.2920939326286316,
				0.13859675824642181,
				0.7419618964195251,
				0.33941641449928284,
				-0.21572089195251465
			],
			[
				0.4916059970855713,
				0.04554593563079834,
				-0.37373173236846924,
				0.3010215759277344,
				0.47681474685668945,
				0.0882941484451294,
				-0.2242809534072876,
				-0.4050328731536865
			],
			[
				-0.41958701610565186,
				-0.08421635627746582,
				-0.41560888290405273,
				-0.24558067321777344,
				-0.14731550216674805,
				-0.37290239334106445,
				-0.19979560375213623,
				-0.06433618068695068
			],
			[
				-0.9280511736869812,
				-1.1306790113449097,
				-0.8556368947029114,
				0.8865911960601807,
				-1.1986700296401978,
				-1.5826054811477661,
				-0.9194660782814026,
				0.10913007706403732
			],
			[
				0.002197789028286934,
				0.7096388936042786,
				0.24845071136951447,
				-0.01753346435725689,
				0.21149981021881104,
				-0.3198321461677551,
				-0.1384592354297638,
				0.1082272008061409
			],
			[
				0.8337206840515137,
				0.7457788586616516,
				0.982917308807373,
				-0.026334552094340324,
				1.0744879245758057,
				1.0172131061553955,
				0.8973121643066406,
				-0.3887137174606323
			]
		],
		"weight_1": [
			0.7444100379943848,
			0.7705451250076294,
			0.7339035272598267,
			0.17021597921848297,
			0.6822143793106079,
			0.6354515552520752,
			0.7735613584518433,
			-0.014817382209002972
		]
	},
	"layer_2": {
		"weight_0": [
			[
				1.1115598678588867,
				-0.5848284959793091,
				0.31990888714790344,
				1.0049558877944946
			],
			[
				1.1890151500701904,
				0.55300372838974,
				0.0069772787392139435,
				1.4214152097702026
			],
			[
				0.35092002153396606,
				0.1965188980102539,
				0.14691442251205444,
				1.1446337699890137
			],
			[
				1.3978294134140015,
				0.6540306210517883,
				-0.22027555108070374,
				0.15524877607822418
			],
			[
				1.2495163679122925,
				-0.07437826693058014,
				0.29106539487838745,
				1.730675220489502
			],
			[
				0.926343560218811,
				0.30203524231910706,
				-0.3374665379524231,
				1.6596791744232178
			],
			[
				0.7565365433692932,
				-0.4835070073604584,
				-0.6561108827590942,
				1.6135644912719727
			],
			[
				-0.0577845573425293,
				0.2638024687767029,
				-0.19364839792251587,
				-0.2461279034614563
			]
		],
		"weight_1": [
			0.771239697933197,
			0.10434964299201965,
			-0.056457869708538055,
			0.7680290341377258
		]
	},
	"layer_3": {
		"weight_0": [
			[
				1.0500086545944214
			],
			[
				0.2871725559234619
			],
			[
				-0.8215357661247253
			],
			[
				1.2998305559158325
			]
		],
		"weight_1": [
			0.7452351450920105
		]
	}
}