{
	"layer_0": {
		"weight_0": [
			[
				0.5629256963729858,
				-0.43908941745758057,
				0.021657301113009453,
				0.4165225327014923,
				-0.15953531861305237,
				1.1867589950561523,
				1.009614109992981,
				-0.25081419944763184,
				0.5632476806640625,
				0.8623421788215637,
				-0.23927491903305054,
				0.8604466915130615,
				0.3786093592643738,
				0.5595985054969788,
				1.0579886436462402,
				-0.286627858877182
			],
			[
				-0.27399322390556335,
				-0.49192044138908386,
				-0.438191682100296,
				-1.360835075378418,
				0.02411002106964588,
				-0.5829277634620667,
				-0.14214421808719635,
				-0.17258533835411072,
				-1.6566261053085327,
				-0.7236666083335876,
				-0.0988377034664154,
				-0.8718071579933167,
				-0.5680691599845886,
				0.7328915596008301,
				-0.3814713954925537,
				-0.3303548991680145
			]
		],
		"weight_1": [
			0.6455868482589722,
			0.0,
			-0.0031622766982764006,
			0.2770726680755615,
			-0.027665844187140465,
			0.625227153301239,
			0.6802695393562317,
			0.0,
			0.36342906951904297,
			0.6007441282272339,
			0.0,
			0.3274996876716614,
			0.6188408136367798,
			0.5604433417320251,
			0.5907321572303772,
			0.0
		]
	},
	"layer_1": {
		"weight_0": [
			[
				-0.2867349684238434,
				0.4667246341705322,
				0.34237584471702576,
				-0.04649713635444641,
				0.4344837963581085,
				0.03888687118887901,
				0.5475792288780212,
				0.6190758347511292
			],
			[
				-0.35532307624816895,
				0.06095540523529053,
				-0.39682114124298096,
				-0.18088221549987793,
				0.22902297973632812,
				0.24601221084594727,
				-0.2793058156967163,
				-0.36685991287231445
			],
			[
				-0.1419476419687271,
				0.4594947099685669,
				0.2058013379573822,
				0.3623567819595337,
				-0.43673139810562134,
				-0.41902095079421997,
				0.14962995052337646,
				0.25294581055641174
			],
			[
				1.4801517724990845,
				1.6278371810913086,
				1.0708733797073364,
				-0.9467660188674927,
				1.1213620901107788,
				1.3991811275482178,
				1.0183857679367065,
				-1.3708994388580322
			],
			[
				-0.18460217118263245,
				-0.3875803053379059,
				-0.14204378426074982,
				-0.06741487979888916,
				-0.4620792865753174,
				-0.2792380452156067,
				0.4317808449268341,
				0.125553160905838
			],
			[
				1.0382099151611328,
				0.6063454151153564,
				0.9335914254188538,
				-0.0362696573138237,
				0.7162498235702515,
				0.9865983724594116,
				0.2824563682079315,
				-0.27455610036849976
			],
			[
				0.7093388438224792,
				0.1308937966823578,
				0.15480856597423553,
				0.12198927253484726,
				0.5395057797431946,
				0.6621503233909607,
				0.48190197348594666,
				0.8241396546363831
			],
			[
				0.1332923173904419,
				0.004259347915649414,
				0.14620745182037354,
				-0.42370128631591797,
				-0.06718957424163818,
				0.24682986736297607,
				-0.26258671283721924,
				0.12661778926849365
			],
			[
				1.5346804857254028,
				1.4300565719604492,
				1.8751189708709717,
				0.11479583382606506,
				1.628943681716919,
				1.6655083894729614,
				0.9037456512451172,
				-0.6128803491592407
			],
			[
				0.8529570698738098,
				0.4254852533340454,
				0.8041631579399109,
				-0.24321721494197845,
				1.021517038345337,
				0.7041853070259094,
				0.3923514187335968,
				-0.5838719606399536
			],
			[
				-0.3148512840270996,
				0.34311866760253906,
				0.11513972282409668,
				-0.1283879280090332,
				-0.2125999927520752,
				-0.37112605571746826,
				-0.4423220157623291,
				0.49205291271209717
			],
			[
				0.5073114037513733,
				0.6612510681152344,
				0.644524335861206,
				-0.05751931294798851,
				0.7278445363044739,
				0.6047560572624207,
				0.6092660427093506,
				-0.23722392320632935
			],
			[
				1.1965126991271973,
				0.9322645664215088,
				0.7666015028953552,
				-0.10846907645463943,
				0.47715118527412415,
				1.0152770280838013,
				0.9448330402374268,
				-0.29767343401908875
			],
			[
				-0.4489741325378418,
				-0.033323682844638824,
				0.22908636927604675,
				0.6509947180747986,
				0.29682692885398865,
				-0.3285164535045624,
				0.1442141979932785,
				1.1916676759719849
			],
			[
				0.8201501965522766,
				0.745735228061676,
				0.7260434031486511,
				-0.04441802576184273,
				0.02443801797926426,
				0.31018245220184326,
				0.5080670118331909,
				-0.1611756533384323
			],
			[
				-0.14990806579589844,
				-0.13675343990325928,
				0.1755436658859253,
				-0.13037431240081787,
				0.45929110050201416,
				-0.09660470485687256,
				0.06200826168060303,
				-0.18654108047485352
			]
		],
		"weight_1": [
			0.6139318346977234,
			0.4897044897079468,
			0.6325187683105469,
			0.0820625051856041,
			0.6333993077278137,
			0.5882369875907898,
			0.5275124311447144,
			-0.15976157784461975
		]
	},
	"layer_2": {
		"weight_0": [
			[
				-0.19509664177894592,
				1.0390410423278809,
				-0.1811227947473526,
				1.556560754776001
			],
			[
				0.30978596210479736,
				1.1186643838882446,
				0.14808271825313568,
				0.7075039744377136
			],
			[
				0.3440186083316803,
				1.0895097255706787,
				-0.2891698479652405,
				1.1562610864639282
			],
			[
				0.1413065791130066,
				-1.0767033100128174,
				0.07798415422439575,
				-0.4598921835422516
			],
			[
				-0.7823731899261475,
				1.2685105800628662,
				0.5171269774436951,
				1.3543699979782104
			],
			[
				0.41521337628364563,
				0.31989702582359314,
				-0.42987027764320374,
				1.4648211002349854
			],
			[
				-0.16703131794929504,
				-0.0695389062166214,
				-0.38049453496932983,
				0.6374061703681946
			],
			[
				-0.38637688755989075,
				-1.385836124420166,
				-0.5118873119354248,
				-1.8865330219268799
			]
		],
		"weight_1": [
			-0.09261498600244522,
			0.6149160861968994,
			-0.0031622773967683315,
			0.6087108850479126
		]
	},
	"layer_3": {
		"weight_0": [
			[
				-0.8970973491668701
			],
			[
				1.0843364000320435
			],
			[
				-0.8570641875267029
			],
			[
				1.7306495904922485
			]
		],
		"weight_1": [
			0.6042987108230591
		]
	}
}