{
	"layer_0": {
		"weight_0": [
			[
				0.23165637254714966,
				-0.09435812383890152,
				0.7698967456817627,
				0.6924090385437012,
				-0.21319088339805603,
				0.34353798627853394,
				-0.10236102342605591,
				-0.564227283000946,
				0.4991614520549774,
				0.12313755601644516,
				0.7053027153015137,
				0.7798491716384888,
				-0.5052871704101562,
				0.7419424057006836,
				0.01450066827237606,
				0.09714864939451218
			],
			[
				0.5362040400505066,
				0.4684947729110718,
				0.4051769971847534,
				0.3841053545475006,
				-0.3534030318260193,
				0.42981117963790894,
				-0.22704848647117615,
				-0.40160638093948364,
				0.5287343263626099,
				0.10590634495019913,
				0.7792543172836304,
				0.13479726016521454,
				-0.46619099378585815,
				0.2117152065038681,
				0.5735031366348267,
				0.754307746887207
			]
		],
		"weight_1": [
			0.33546656370162964,
			0.34444019198417664,
			0.3279880881309509,
			0.3287120759487152,
			0.0,
			0.3326345384120941,
			0.0,
			0.0,
			0.3385395109653473,
			-0.12992720305919647,
			0.3361142873764038,
			0.33724913001060486,
			0.0,
			0.34317144751548767,
			0.3486335575580597,
			0.26123979687690735
		]
	},
	"layer_1": {},
	"layer_2": {
		"weight_0": [
			[
				0.7487708926200867,
				0.45610547065734863,
				0.35369062423706055,
				0.7059024572372437,
				0.4006223976612091,
				-0.41284722089767456,
				0.3064034879207611,
				-0.4328644275665283
			],
			[
				0.8382596969604492,
				0.15101507306098938,
				-0.3055051565170288,
				0.6956438422203064,
				0.20957660675048828,
				0.12711882591247559,
				-0.49684232473373413,
				-0.10328209400177002
			],
			[
				0.5927624702453613,
				-0.025721777230501175,
				0.11052858829498291,
				-0.07405063509941101,
				0.22658444941043854,
				-0.012921785935759544,
				0.017007742077112198,
				-0.4860161542892456
			],
			[
				0.20860403776168823,
				0.725647509098053,
				-0.36434507369995117,
				0.7298319935798645,
				0.7485809326171875,
				0.27500438690185547,
				-0.29828646779060364,
				-0.11375844478607178
			],
			[
				0.3231266736984253,
				-0.15063953399658203,
				0.10070943832397461,
				0.3784067630767822,
				0.040856003761291504,
				0.1055748462677002,
				0.08530056476593018,
				0.2973097562789917
			],
			[
				0.7499794363975525,
				0.7787647247314453,
				0.16002845764160156,
				0.30133217573165894,
				0.25089967250823975,
				-0.28343677520751953,
				0.41737914085388184,
				0.3248629570007324
			],
			[
				0.2312915325164795,
				0.14915263652801514,
				-0.36753833293914795,
				-0.14482808113098145,
				0.3830106258392334,
				0.15428972244262695,
				-0.33100950717926025,
				-0.2256397008895874
			],
			[
				-0.47612977027893066,
				0.27262985706329346,
				-0.20450007915496826,
				-0.058916449546813965,
				0.2986903190612793,
				0.32178544998168945,
				-0.11140549182891846,
				0.38743722438812256
			],
			[
				0.48778966069221497,
				0.7550703287124634,
				-0.4386340379714966,
				0.39558157324790955,
				0.6786340475082397,
				-0.3568577766418457,
				-0.16611960530281067,
				0.21195828914642334
			],
			[
				-0.2584846615791321,
				0.09405486285686493,
				0.17817997932434082,
				-0.36667895317077637,
				0.15759214758872986,
				0.2802273631095886,
				0.2796410024166107,
				-0.35724937915802
			],
			[
				0.732025146484375,
				0.5837100148200989,
				0.12688875198364258,
				0.6546651721000671,
				0.33431705832481384,
				-0.05209857225418091,
				0.08016940951347351,
				-0.28826093673706055
			],
			[
				0.2615230679512024,
				0.6585320830345154,
				-0.3178061246871948,
				-0.13903962075710297,
				0.7049242258071899,
				0.2755637466907501,
				-0.31284913420677185,
				0.2576305866241455
			],
			[
				0.08870327472686768,
				-0.17600536346435547,
				-0.040613412857055664,
				0.4531369209289551,
				-0.007664799690246582,
				0.42034661769866943,
				0.0167386531829834,
				-0.2099905014038086
			],
			[
				0.3225480020046234,
				0.44775643944740295,
				-0.4023171663284302,
				0.27701663970947266,
				0.3420441448688507,
				-0.24808749556541443,
				0.047896116971969604,
				-0.11780941486358643
			],
			[
				0.609465479850769,
				-0.1307140737771988,
				-0.4556717872619629,
				-0.02879350259900093,
				0.3234531879425049,
				0.28478193283081055,
				0.23634231090545654,
				-0.3534587621688843
			],
			[
				0.0037498923484236,
				0.37422439455986023,
				-0.3396822214126587,
				-0.06047404184937477,
				0.6816030144691467,
				-0.30914559960365295,
				-0.3128524422645569,
				-0.2158290147781372
			]
		],
		"weight_1": [
			0.3241918683052063,
			0.32045164704322815,
			0.0,
			0.29497718811035156,
			0.32100191712379456,
			-0.00589977391064167,
			-0.010496075265109539,
			0.0
		]
	},
	"layer_3": {},
	"layer_4": {
		"weight_0": [
			[
				-0.019339680671691895,
				0.9461953639984131,
				-0.3745015561580658,
				-0.45570820569992065
			],
			[
				-0.2116997241973877,
				0.3753499686717987,
				-0.13513493537902832,
				-0.3876352608203888
			],
			[
				0.4420486092567444,
				0.09735584259033203,
				0.5283744931221008,
				0.09364980459213257
			],
			[
				-0.6414733529090881,
				0.697581946849823,
				-0.4973360002040863,
				0.5382066369056702
			],
			[
				-0.491016149520874,
				1.02170991897583,
				-0.11728590726852417,
				0.43870803713798523
			],
			[
				-0.6118643283843994,
				-0.19774270057678223,
				0.5314715504646301,
				-0.6154575347900391
			],
			[
				0.5028727650642395,
				-0.3532441556453705,
				-0.5280405282974243,
				0.4389039874076843
			],
			[
				-0.16782671213150024,
				0.3967645764350891,
				0.3343051075935364,
				-0.18029510974884033
			]
		],
		"weight_1": [
			0.0,
			0.3256949782371521,
			0.0,
			-0.107005275785923
		]
	},
	"layer_5": {},
	"layer_6": {
		"weight_0": [
			[
				-0.42607951164245605
			],
			[
				8.235584259033203
			],
			[
				0.8323572874069214
			],
			[
				-0.9085438847541809
			]
		],
		"weight_1": [
			7.910348415374756
		]
	}
}