{
	"layer_0": {
		"weight_0": [
			[
				-0.2982841432094574,
				-0.35766345262527466,
				0.40389323234558105,
				-0.010561823844909668,
				0.47982773184776306,
				-0.19229230284690857,
				0.44873538613319397,
				-0.33290499448776245,
				0.4710264801979065,
				0.09881605952978134,
				-0.04055708646774292,
				0.4266127943992615,
				-0.27924948930740356,
				0.005393294617533684,
				0.02471012994647026,
				-0.44251391291618347
			],
			[
				0.29759398102760315,
				0.23293277621269226,
				-0.5577553510665894,
				-0.3946298062801361,
				0.3815097212791443,
				-0.30390799045562744,
				-0.31904563307762146,
				0.4101855456829071,
				0.44782525300979614,
				-0.48207470774650574,
				-0.2877155542373657,
				0.1975458860397339,
				-0.02034592628479004,
				0.130949467420578,
				0.5287235975265503,
				-0.4265684187412262
			]
		],
		"weight_1": [
			-0.022409845143556595,
			0.03410222753882408,
			-0.01848222129046917,
			0.0,
			-0.022855984047055244,
			0.0,
			0.02668035216629505,
			-0.02729637920856476,
			-0.02123688906431198,
			-0.017201222479343414,
			0.0,
			0.025990646332502365,
			0.0,
			-0.02735302597284317,
			0.022800462320446968,
			0.0
		]
	},
	"layer_1": {},
	"layer_2": {
		"weight_0": [
			[
				-0.3353962004184723,
				-0.46333393454551697,
				-0.405146986246109,
				-0.16345183551311493,
				0.285298228263855,
				-0.3010075092315674,
				-0.37865179777145386,
				0.09330248832702637
			],
			[
				0.28066349029541016,
				-0.04089466109871864,
				-0.08393527567386627,
				0.4862730801105499,
				-0.4563486576080322,
				0.24073421955108643,
				-0.33810320496559143,
				-0.29320698976516724
			],
			[
				0.1923655867576599,
				0.44645369052886963,
				0.31469929218292236,
				0.3626364469528198,
				0.13473224639892578,
				-0.1595228910446167,
				-0.06722496449947357,
				0.3456640839576721
			],
			[
				-0.2304697036743164,
				0.0072335004806518555,
				0.03285622596740723,
				-0.2707371711730957,
				-0.4396096467971802,
				-0.2079305648803711,
				-0.4584388732910156,
				0.2016538381576538
			],
			[
				0.13830937445163727,
				-0.29569098353385925,
				-0.028947429731488228,
				-0.08885426819324493,
				-0.34893798828125,
				0.04847133159637451,
				0.10578442364931107,
				0.25006598234176636
			],
			[
				-0.0406574010848999,
				0.08701109886169434,
				0.3649909496307373,
				-0.4193599224090576,
				0.3571176528930664,
				-0.25345075130462646,
				0.047571778297424316,
				-0.4847836494445801
			],
			[
				0.18597941100597382,
				0.32421964406967163,
				-0.2663155794143677,
				-0.38619887828826904,
				-0.37324225902557373,
				-0.2915489673614502,
				0.5041159987449646,
				-0.4919354319572449
			],
			[
				-0.19693347811698914,
				0.2666141986846924,
				0.1993764340877533,
				0.2508790194988251,
				-0.4717918634414673,
				0.3710496425628662,
				-0.20809178054332733,
				0.38726162910461426
			],
			[
				0.43135812878608704,
				0.19162341952323914,
				-0.3079763352870941,
				-0.21818533539772034,
				-0.13947021961212158,
				-0.4164332151412964,
				-0.3887753188610077,
				0.19748468697071075
			],
			[
				0.07731032371520996,
				0.04756209999322891,
				-0.13735735416412354,
				0.08166849613189697,
				0.3325291872024536,
				0.20650911331176758,
				0.06279753148555756,
				0.340004563331604
			],
			[
				-0.1768895387649536,
				0.3680400848388672,
				-0.3834340572357178,
				0.1255871057510376,
				0.29032599925994873,
				0.4836404323577881,
				-0.40662431716918945,
				-0.260823130607605
			],
			[
				-0.16751767694950104,
				0.3128277361392975,
				-0.18476584553718567,
				-0.015664629638195038,
				-0.0018613338470458984,
				-0.4209190607070923,
				0.5063043236732483,
				0.17224736511707306
			],
			[
				-0.31511855125427246,
				0.3552582263946533,
				-0.39885616302490234,
				0.41475510597229004,
				-0.24120259284973145,
				-0.2841329574584961,
				-0.4408724308013916,
				0.21772551536560059
			],
			[
				0.20077860355377197,
				-0.1022617444396019,
				0.3417850732803345,
				-0.4800189733505249,
				-0.3508591651916504,
				0.08775699138641357,
				-0.1222078949213028,
				-0.05982615053653717
			],
			[
				-0.5226125121116638,
				0.028243806213140488,
				0.41921231150627136,
				-0.038625530898571014,
				-0.10237348079681396,
				-0.375805139541626,
				0.2139836698770523,
				-0.45567217469215393
			],
			[
				0.04100298881530762,
				-0.2672814130783081,
				0.09647190570831299,
				0.44055652618408203,
				0.3115651607513428,
				0.1900641918182373,
				-0.466411828994751,
				-0.2893409729003906
			]
		],
		"weight_1": [
			-0.024337854236364365,
			0.02513701468706131,
			-0.01835305243730545,
			-0.007013631984591484,
			0.0,
			0.0,
			0.02964079938828945,
			-0.022948991507291794
		]
	},
	"layer_3": {},
	"layer_4": {
		"weight_0": [
			[
				0.39756202697753906,
				-0.3059721291065216,
				-0.2648555040359497,
				-0.4594144821166992
			],
			[
				-0.343759149312973,
				-0.40933775901794434,
				-0.15177693963050842,
				0.2817787826061249
			],
			[
				0.5061655640602112,
				0.36652201414108276,
				-0.6157917380332947,
				0.3597455620765686
			],
			[
				0.25395041704177856,
				0.21915602684020996,
				0.6119082570075989,
				-0.06300920248031616
			],
			[
				0.6843250393867493,
				0.12780511379241943,
				0.46901935338974,
				0.37970465421676636
			],
			[
				-0.18578213453292847,
				0.29950135946273804,
				-0.09626424312591553,
				-0.263564795255661
			],
			[
				-0.096902996301651,
				0.03193145990371704,
				-0.0038121952675282955,
				-0.7053862810134888
			],
			[
				0.4100002646446228,
				-0.43136370182037354,
				-0.5522034168243408,
				-0.107114277780056
			]
		],
		"weight_1": [
			-0.026328396052122116,
			0.0,
			-0.007017027121037245,
			-0.02119559422135353
		]
	},
	"layer_5": {},
	"layer_6": {
		"weight_0": [
			[
				-0.6015340685844421
			],
			[
				0.9840142726898193
			],
			[
				-0.34082186222076416
			],
			[
				-0.11453868448734283
			]
		],
		"weight_1": [
			2.3637471199035645
		]
	}
}