{
	"layer_0": {
		"weight_0": [
			[
				0.8974730372428894,
				0.5772767663002014,
				-0.004362821578979492,
				0.7208308577537537,
				0.1753825545310974,
				0.3054659366607666,
				0.015978924930095673,
				-0.19006139039993286,
				0.016482645645737648,
				0.7021898627281189,
				0.030734587460756302,
				0.06354130059480667,
				-0.010307066142559052,
				1.015676498413086,
				-0.3327179551124573,
				-0.17354464530944824
			],
			[
				0.7325176000595093,
				0.4377692937850952,
				-0.5419219136238098,
				0.35035276412963867,
				-0.4933122396469116,
				0.9061417579650879,
				0.6866376399993896,
				-0.023966312408447266,
				0.039659786969423294,
				0.08645891398191452,
				-0.14453980326652527,
				-0.1901310384273529,
				0.7857099175453186,
				0.9466564655303955,
				-0.08259791135787964,
				-0.029073715209960938
			]
		],
		"weight_1": [
			0.5299643278121948,
			0.5431815385818481,
			0.0,
			0.2814754843711853,
			-0.11269278079271317,
			0.4618551731109619,
			0.5683068633079529,
			0.0,
			-0.06105469539761543,
			0.4361496865749359,
			-0.012770501896739006,
			-0.04300849139690399,
			0.3873251974582672,
			0.5543968081474304,
			0.0,
			0.0
		]
	},
	"layer_1": {},
	"layer_2": {
		"weight_0": [
			[
				0.16851238906383514,
				0.7180790305137634,
				1.0019121170043945,
				0.7932378649711609,
				-0.1883039027452469,
				-0.20667803287506104,
				-0.25766122341156006,
				0.22749635577201843
			],
			[
				0.33705800771713257,
				0.35961025953292847,
				0.969202995300293,
				0.19964519143104553,
				-0.3536796271800995,
				-0.35078656673431396,
				-0.061631787568330765,
				0.04503031075000763
			],
			[
				0.473547101020813,
				0.012513399124145508,
				-0.4853326082229614,
				-0.1705031394958496,
				-0.09335386753082275,
				-0.22242975234985352,
				0.47945868968963623,
				-0.03367757797241211
			],
			[
				-0.1819327175617218,
				0.3225221037864685,
				0.7399594783782959,
				0.18525570631027222,
				0.31348633766174316,
				0.14065968990325928,
				0.202161505818367,
				0.3717927038669586
			],
			[
				0.2516251802444458,
				-0.22566096484661102,
				-0.35833537578582764,
				0.5823121666908264,
				0.4008890390396118,
				0.3552931547164917,
				-0.06701065599918365,
				-0.3746137320995331
			],
			[
				0.3756754398345947,
				0.22218608856201172,
				0.8294402956962585,
				0.9880590438842773,
				-0.009682083502411842,
				0.03260064125061035,
				-0.07206622511148453,
				0.20603148639202118
			],
			[
				-0.44890788197517395,
				0.9230688810348511,
				0.3035021424293518,
				0.8976842164993286,
				-0.10184852033853531,
				0.23334085941314697,
				0.05917791649699211,
				0.023492692038416862
			],
			[
				-0.29475295543670654,
				-0.07267653942108154,
				0.19627630710601807,
				0.1912541389465332,
				0.21877503395080566,
				-0.28541433811187744,
				0.3224318027496338,
				0.12707054615020752
			],
			[
				-0.3129497468471527,
				-0.09288432449102402,
				0.10544383525848389,
				-0.1852211207151413,
				0.12539967894554138,
				-0.1930307149887085,
				0.12401115149259567,
				0.07582491636276245
			],
			[
				-0.4130464494228363,
				0.3426658809185028,
				0.2667485177516937,
				0.6649961471557617,
				-0.023279797285795212,
				0.12430727481842041,
				-0.39235109090805054,
				-0.043539680540561676
			],
			[
				-0.48708391189575195,
				-0.4737168252468109,
				-0.06190025806427002,
				-0.3783334493637085,
				0.22250793874263763,
				-0.2768898010253906,
				0.42680811882019043,
				-0.15277907252311707
			],
			[
				-0.23512816429138184,
				-0.363952100276947,
				-0.1932627409696579,
				-0.4498077630996704,
				-0.4156438112258911,
				0.4019589424133301,
				0.2231532782316208,
				-0.09069399535655975
			],
			[
				-0.22971411049365997,
				0.1218058168888092,
				0.9990204572677612,
				0.6579514741897583,
				0.1509750783443451,
				0.27487707138061523,
				0.12019350379705429,
				-0.3544262945652008
			],
			[
				-0.24581773579120636,
				0.8101241588592529,
				0.7861871719360352,
				1.00458562374115,
				0.09570512175559998,
				-0.43320274353027344,
				0.3125680088996887,
				-0.3801041841506958
			],
			[
				0.12751805782318115,
				-0.4190387725830078,
				-0.38538336753845215,
				-0.2094961404800415,
				-0.2720283269882202,
				-0.47253429889678955,
				0.10885357856750488,
				0.08273494243621826
			],
			[
				0.07563233375549316,
				0.3573194742202759,
				0.0023467540740966797,
				-0.42799222469329834,
				0.3007028102874756,
				0.18090283870697021,
				-0.21879982948303223,
				-0.3329954147338867
			]
		],
		"weight_1": [
			-0.07230732589960098,
			0.5433681011199951,
			0.5043067336082458,
			0.5341717600822449,
			-0.04096270725131035,
			0.0,
			-0.1705142706632614,
			-0.09673770517110825
		]
	},
	"layer_3": {},
	"layer_4": {
		"weight_0": [
			[
				-0.5116719007492065,
				0.009387612342834473,
				-0.36368709802627563,
				0.4786071479320526
			],
			[
				0.736373245716095,
				0.1845991611480713,
				-0.627251386642456,
				1.23465895652771
			],
			[
				1.0681732892990112,
				-0.49042561650276184,
				0.38241395354270935,
				0.2230408936738968
			],
			[
				0.5525084733963013,
				-0.05663120746612549,
				-0.014390982687473297,
				0.5333146452903748
			],
			[
				-0.20216822624206543,
				0.13500189781188965,
				-0.27772778272628784,
				-0.10686802864074707
			],
			[
				0.16067999601364136,
				0.2736559510231018,
				0.5428457856178284,
				-0.5961776375770569
			],
			[
				-0.41012099385261536,
				-0.07187587022781372,
				-0.5990054607391357,
				-0.47767704725265503
			],
			[
				-0.6200352311134338,
				-0.6818579435348511,
				-0.09144798666238785,
				-0.2904839515686035
			]
		],
		"weight_1": [
			0.4145455062389374,
			0.0,
			-0.11035327613353729,
			0.5285119414329529
		]
	},
	"layer_5": {},
	"layer_6": {
		"weight_0": [
			[
				2.8969345092773438
			],
			[
				0.7777762413024902
			],
			[
				-0.9115123152732849
			],
			[
				2.6840248107910156
			]
		],
		"weight_1": [
			2.3463022708892822
		]
	}
}