{
	"layer_0": {
		"weight_0": 0.0,
		"weight_1": 1.0,
		"weight_2": -1
	},
	"layer_1": {
		"weight_0": [
			0.561577320098877,
			0.5471043586730957,
			0.45750942826271057,
			0.5617788434028625,
			-0.10266488045454025,
			0.38205236196517944,
			-0.12713323533535004,
			-0.10635136812925339,
			0.42726367712020874,
			0.0,
			-0.005936578847467899,
			0.0,
			0.4975908100605011,
			0.5401497483253479,
			-0.188449889421463,
			-0.03623952344059944
		],
		"weight_1": [
			[
				1.0323801040649414,
				1.39923894405365,
				1.1598379611968994,
				0.6831664443016052,
				0.2771160304546356,
				0.6968772411346436,
				0.20349064469337463,
				0.020183512941002846,
				0.8911624550819397,
				-0.5460457801818848,
				0.060840096324682236,
				-0.1290850043296814,
				0.8071247339248657,
				0.614645779132843,
				0.26446741819381714,
				-0.5744778513908386
			],
			[
				-0.5763543844223022,
				-0.5207064151763916,
				-0.5082101225852966,
				-0.5227989554405212,
				-0.007822281681001186,
				-2.1985301971435547,
				-0.5655205845832825,
				0.08591374009847641,
				-0.27504003047943115,
				-0.2664751708507538,
				-0.4260191321372986,
				-0.43722081184387207,
				-2.124966859817505,
				0.7231928706169128,
				-0.5847817063331604,
				0.03393579646945
			]
		],
		"weight_2": -1,
		"weight_3": -2.196993589401245,
		"weight_4": 2.196993589401245,
		"weight_5": -0.5658519268035889,
		"weight_6": 2.247978687286377
	},
	"layer_2": {
		"weight_0": [
			0.540916383266449,
			-0.00673616724088788,
			0.0,
			0.5269837379455566,
			0.0,
			0.0,
			0.526655375957489,
			-0.06162574514746666
		],
		"weight_1": [
			[
				0.9152584671974182,
				0.203467458486557,
				-0.33484864234924316,
				0.7468786835670471,
				-0.1623835563659668,
				-0.3724691867828369,
				0.5259016156196594,
				0.3825157880783081
			],
			[
				0.45304355025291443,
				-0.17046725749969482,
				-0.4167705774307251,
				0.6865025162696838,
				-0.43884575366973877,
				-0.03486013412475586,
				0.9190733432769775,
				-0.11304189264774323
			],
			[
				0.5411324501037598,
				0.134163036942482,
				0.26485884189605713,
				0.6249858736991882,
				-0.4371798038482666,
				0.043276190757751465,
				1.294054627418518,
				-0.23388056457042694
			],
			[
				0.6644327044487,
				-0.00270584668032825,
				-0.4670586585998535,
				0.6874823570251465,
				0.3146709203720093,
				0.3567720651626587,
				-0.0444178469479084,
				-0.17144501209259033
			],
			[
				-0.19476379454135895,
				0.167093887925148,
				0.4419887065887451,
				-0.3062369227409363,
				0.034328460693359375,
				0.19307971000671387,
				-0.5899394154548645,
				0.39420947432518005
			],
			[
				2.052732467651367,
				0.324861079454422,
				-0.27669477462768555,
				1.9742519855499268,
				0.05351364612579346,
				-0.250327467918396,
				2.6491096019744873,
				0.04503864049911499
			],
			[
				-0.1141120120882988,
				0.20313450694084167,
				0.12876605987548828,
				-0.2148289680480957,
				-0.10561656951904297,
				-0.025394439697265625,
				0.01771288923919201,
				0.3646806478500366
			],
			[
				0.21358489990234375,
				0.29916760325431824,
				0.4350022077560425,
				-0.20566843450069427,
				0.1872084140777588,
				-0.45255255699157715,
				-0.10157887637615204,
				-0.5421540141105652
			],
			[
				0.06625614315271378,
				-0.5024383664131165,
				0.03706192970275879,
				-0.045692455023527145,
				-0.3988136053085327,
				-0.3321518898010254,
				0.056952934712171555,
				0.03624846786260605
			],
			[
				-0.3197082281112671,
				-0.15961694717407227,
				-0.19859254360198975,
				-0.1149287223815918,
				0.009459137916564941,
				-0.12700963020324707,
				0.34883320331573486,
				-0.10709178447723389
			],
			[
				-0.3542391061782837,
				-0.2029200941324234,
				0.31300389766693115,
				0.008023858070373535,
				-0.4648209810256958,
				0.050289273262023926,
				-0.44125956296920776,
				-0.3508578836917877
			],
			[
				0.4087573289871216,
				-0.35789215564727783,
				0.28333544731140137,
				0.20523762702941895,
				-0.3755906820297241,
				0.45721912384033203,
				-0.11503815650939941,
				-0.24506866931915283
			],
			[
				1.7456103563308716,
				0.13043569028377533,
				0.38885021209716797,
				1.436109185218811,
				-0.0721745491027832,
				-0.09672665596008301,
				1.5049704313278198,
				0.0751052126288414
			],
			[
				0.39178016781806946,
				-0.3075627386569977,
				-0.26893770694732666,
				-0.4869018793106079,
				-0.4105321168899536,
				-0.2462313175201416,
				-0.4063654839992523,
				-0.05289549380540848
			],
			[
				-0.2125711292028427,
				-0.360436350107193,
				-0.3527028560638428,
				-0.36359110474586487,
				-0.23142313957214355,
				0.03678858280181885,
				0.019678901880979538,
				0.3251374661922455
			],
			[
				0.0011425435077399015,
				-0.04484463855624199,
				-0.06740987300872803,
				-0.3238292634487152,
				-0.4007108211517334,
				-0.320956826210022,
				0.06188294291496277,
				-0.3564029932022095
			]
		],
		"weight_2": -1,
		"weight_3": -2.6470720767974854,
		"weight_4": 2.6470720767974854,
		"weight_5": -0.5658519268035889,
		"weight_6": 7.80825662612915
	},
	"layer_3": {
		"weight_0": [
			0.44121578335762024,
			0.5339248180389404,
			0.5213441848754883,
			0.0
		],
		"weight_1": [
			[
				0.5606849193572998,
				1.3808479309082031,
				1.5949443578720093,
				-0.3350224196910858
			],
			[
				-0.04401330277323723,
				-0.22266317903995514,
				0.49486422538757324,
				-0.03288400173187256
			],
			[
				0.3251956105232239,
				0.27471768856048584,
				0.3326084017753601,
				-0.5796445608139038
			],
			[
				1.5880780220031738,
				1.57041335105896,
				1.0466662645339966,
				-0.4338286221027374
			],
			[
				0.6408050656318665,
				-0.3582313358783722,
				0.08458971977233887,
				0.061208367347717285
			],
			[
				-0.2788868844509125,
				0.46613532304763794,
				0.3022382855415344,
				0.1772763729095459
			],
			[
				1.119739294052124,
				0.9273232221603394,
				1.5337120294570923,
				-0.027711868286132812
			],
			[
				-0.08678154647350311,
				-0.4351471960544586,
				-0.17033374309539795,
				-0.38373035192489624
			]
		],
		"weight_2": -1,
		"weight_3": -1.5935331583023071,
		"weight_4": 1.5935331583023071,
		"weight_5": -0.5658519268035889,
		"weight_6": 26.931167602539062
	},
	"layer_4": {
		"weight_0": [
			0.5132715106010437
		],
		"weight_1": [
			[
				1.7916964292526245
			],
			[
				1.9475836753845215
			],
			[
				1.3944772481918335
			],
			[
				-1.061216950416565
			]
		],
		"weight_2": -1,
		"weight_3": -1.9461039304733276,
		"weight_4": 1.9461039304733276,
		"weight_5": -0.5658519268035889,
		"weight_6": 99.29493713378906
	}
}