{
	"layer_0": {
		"weight_0": 0.0,
		"weight_1": 1.0,
		"weight_2": -1
	},
	"layer_1": {
		"weight_0": [
			0.0,
			0.5118197202682495,
			0.8721193075180054,
			0.0,
			0.5069141387939453,
			0.0,
			0.7860924005508423,
			0.6491334438323975,
			-0.017654968425631523,
			0.0,
			0.0,
			0.0,
			0.8170616030693054,
			0.0,
			0.47824808955192566,
			0.7150495052337646
		],
		"weight_1": [
			[
				-0.41782304644584656,
				1.2246772050857544,
				0.8827991485595703,
				-0.2862483561038971,
				0.9765639901161194,
				-0.31927233934402466,
				1.915745496749878,
				1.4741638898849487,
				0.04839815944433212,
				-0.22686046361923218,
				-0.19298893213272095,
				-0.4125370979309082,
				1.6834253072738647,
				-0.0695694088935852,
				1.217911720275879,
				1.9951362609863281
			],
			[
				-0.5264221429824829,
				-1.898252010345459,
				0.543068528175354,
				-0.5414490699768066,
				-1.7852569818496704,
				-0.15866854786872864,
				-0.8569927215576172,
				-0.4654960334300995,
				-0.2350877821445465,
				-0.006655693054199219,
				-0.024457812309265137,
				-0.509529709815979,
				-0.15566876530647278,
				-0.3207593858242035,
				-1.8214160203933716,
				-0.6894893050193787
			]
		],
		"weight_2": -1,
		"weight_3": -1.9951362609863281,
		"weight_4": 1.9951362609863281,
		"weight_5": -0.5658519268035889,
		"weight_6": 2.869823932647705
	},
	"layer_2": {
		"weight_0": [
			0.0,
			-0.023927737027406693,
			0.7194086909294128,
			-0.012614157982170582,
			0.7225966453552246,
			0.0,
			0.08056089282035828,
			0.7287839651107788
		],
		"weight_1": [
			[
				-0.31280720233917236,
				0.10576879978179932,
				0.403678297996521,
				0.2930886745452881,
				-0.18735063076019287,
				0.23721051216125488,
				-0.3982882499694824,
				0.1602398157119751
			],
			[
				-0.3882089853286743,
				0.4241899251937866,
				1.5405677556991577,
				-0.057547926902770996,
				1.9266598224639893,
				-0.223913311958313,
				-0.35708510875701904,
				1.0388110876083374
			],
			[
				-0.22355902194976807,
				-0.4540342390537262,
				0.36771833896636963,
				0.09264519065618515,
				-0.1015375405550003,
				-0.1126021146774292,
				0.8722932934761047,
				0.5381959080696106
			],
			[
				-0.05649232864379883,
				-0.2432851791381836,
				0.048990607261657715,
				-0.00042569637298583984,
				0.10873115062713623,
				0.07897722721099854,
				-0.46324288845062256,
				-0.0370563268661499
			],
			[
				0.3107997179031372,
				-0.2898091971874237,
				1.481642723083496,
				-0.3389263153076172,
				1.4048701524734497,
				0.046173930168151855,
				-0.1924697607755661,
				1.3074711561203003
			],
			[
				-0.17362236976623535,
				0.37082231044769287,
				-0.0072345733642578125,
				0.0345536470413208,
				0.26710033416748047,
				-0.06380581855773926,
				0.08654606342315674,
				-0.09159862995147705
			],
			[
				0.14570963382720947,
				-0.15904521942138672,
				1.1195236444473267,
				-0.36628687381744385,
				1.654366135597229,
				0.1300961971282959,
				-0.6239656209945679,
				1.4811532497406006
			],
			[
				-0.16786015033721924,
				-0.2413530945777893,
				0.34952250123023987,
				-0.08935874700546265,
				1.081164836883545,
				-0.3799053430557251,
				0.47525352239608765,
				0.7460108995437622
			],
			[
				-0.29441821575164795,
				-0.115488201379776,
				-0.36781856417655945,
				-0.09469926357269287,
				0.17338542640209198,
				-0.2685360908508301,
				0.2156514674425125,
				0.1834656000137329
			],
			[
				0.010663747787475586,
				0.43877720832824707,
				0.2894853353500366,
				0.3474236726760864,
				-0.44404518604278564,
				-0.3415311574935913,
				0.23060476779937744,
				-0.39589571952819824
			],
			[
				0.1365053653717041,
				0.1703575849533081,
				0.22667038440704346,
				0.1481642723083496,
				-0.35224485397338867,
				0.03538918495178223,
				-0.4751969575881958,
				0.4455101490020752
			],
			[
				-0.39092183113098145,
				-0.225580096244812,
				0.4250016212463379,
				-0.27150166034698486,
				-0.4573631286621094,
				-0.49472367763519287,
				-0.37927067279815674,
				-0.36442744731903076
			],
			[
				-0.08112478256225586,
				0.20042893290519714,
				0.6711589694023132,
				-0.1818544864654541,
				0.025192836299538612,
				0.06728219985961914,
				0.32862618565559387,
				0.15781334042549133
			],
			[
				-0.19773101806640625,
				0.4028712511062622,
				-0.11386644840240479,
				-0.32394301891326904,
				0.3900492191314697,
				-0.27184295654296875,
				-0.32880330085754395,
				-0.30462872982025146
			],
			[
				-0.13176369667053223,
				0.19009867310523987,
				1.3606173992156982,
				-0.14375996589660645,
				1.5299336910247803,
				-0.011557936668395996,
				-0.38704583048820496,
				1.1637221574783325
			],
			[
				0.07395815849304199,
				-0.18237830698490143,
				1.56411874294281,
				-0.3552769124507904,
				1.290794849395752,
				-0.209641695022583,
				-0.43962976336479187,
				0.8821784853935242
			]
		],
		"weight_2": -1,
		"weight_3": -1.9247689247131348,
		"weight_4": 1.9247689247131348,
		"weight_5": -0.5658519268035889,
		"weight_6": 14.604046821594238
	},
	"layer_3": {
		"weight_0": [
			-0.11842291802167892,
			-0.15383590757846832,
			0.0,
			0.7102252244949341
		],
		"weight_1": [
			[
				0.28734099864959717,
				0.519683301448822,
				0.5258929133415222,
				0.3800659775733948
			],
			[
				0.24195224046707153,
				0.25382429361343384,
				-0.6352946162223816,
				-0.053095120936632156
			],
			[
				0.02578253112733364,
				0.3431831896305084,
				-0.4558909833431244,
				1.6252212524414062
			],
			[
				0.3672254681587219,
				0.5538225769996643,
				-0.2156434953212738,
				0.25676971673965454
			],
			[
				-0.7040731310844421,
				-0.0009274444309994578,
				-0.615033745765686,
				1.619193434715271
			],
			[
				-0.44685015082359314,
				-0.4011150896549225,
				-0.4297022819519043,
				0.6840937733650208
			],
			[
				-0.6441236138343811,
				-0.7160419821739197,
				-0.12853896617889404,
				-1.9494447708129883
			],
			[
				0.3601435720920563,
				-0.579285204410553,
				0.6725055575370789,
				1.2295814752578735
			]
		],
		"weight_2": -1,
		"weight_3": -1.9502755403518677,
		"weight_4": 1.9502755403518677,
		"weight_5": -0.5658519268035889,
		"weight_6": 51.888954162597656
	},
	"layer_4": {
		"weight_0": [
			0.699309229850769
		],
		"weight_1": [
			[
				-0.17521139979362488
			],
			[
				-0.0973256304860115
			],
			[
				0.2893803119659424
			],
			[
				1.949695348739624
			]
		],
		"weight_2": -1,
		"weight_3": -1.9477823972702026,
		"weight_4": 1.9477823972702026,
		"weight_5": -0.5658519268035889,
		"weight_6": 69.94340515136719
	}
}