{
	"layer_0": {
		"weight_0": 0.0,
		"weight_1": 1.0,
		"weight_2": -1
	},
	"layer_1": {
		"weight_0": [
			0.15960441529750824,
			0.1924879252910614,
			0.5317777395248413,
			0.5148604512214661,
			0.0,
			1.2852556705474854,
			0.0,
			0.0,
			0.0,
			0.0,
			-0.02558487467467785,
			0.5212595462799072,
			0.5036278963088989,
			1.5805082321166992,
			0.5453802347183228,
			1.2074280977249146
		],
		"weight_1": [
			[
				-0.36638501286506653,
				0.6588847637176514,
				1.651553750038147,
				2.3859522342681885,
				-0.30123522877693176,
				-3.6150383949279785,
				-0.3302798867225647,
				-0.39787590503692627,
				-0.4065568447113037,
				-0.38182562589645386,
				0.06083656847476959,
				0.5559657216072083,
				2.210726261138916,
				-1.3761866092681885,
				5.150398254394531,
				-0.8133022785186768
			],
			[
				2.967777967453003,
				-6.139644145965576,
				0.025781400501728058,
				-0.6392254829406738,
				-0.11033540964126587,
				-0.4381270706653595,
				-0.037405431270599365,
				-0.23934388160705566,
				-0.4821622371673584,
				-0.41096073389053345,
				-0.2646925747394562,
				-3.304147958755493,
				-0.5406241416931152,
				-0.2553218901157379,
				2.8426408767700195,
				-0.12328828126192093
			]
		],
		"weight_2": -1,
		"weight_3": -6.139758586883545,
		"weight_4": 6.139758586883545,
		"weight_5": -5.574497222900391,
		"weight_6": 7.832380771636963
	},
	"layer_2": {
		"weight_0": -1,
		"weight_1": -3.3394137455289297e-10,
		"weight_2": 7.556127548217773
	},
	"layer_3": {
		"weight_0": [
			0.6195352673530579,
			0.6236683130264282,
			0.8703343868255615,
			0.9280204176902771,
			0.5798057317733765,
			0.5488649010658264,
			0.26280686259269714,
			0.3962987959384918
		],
		"weight_1": [
			[
				-1.6953341960906982,
				-0.6426146030426025,
				-1.0806080102920532,
				-0.0705474466085434,
				-2.6469779014587402,
				-0.7335819602012634,
				-3.2448134422302246,
				-0.39941662549972534
			],
			[
				2.486354351043701,
				2.365767240524292,
				2.470013380050659,
				-0.8893750905990601,
				2.3413376808166504,
				2.7631735801696777,
				3.7690296173095703,
				0.740606427192688
			],
			[
				0.3111174702644348,
				0.3028872311115265,
				0.8027669787406921,
				-0.8034182190895081,
				0.2872256934642792,
				0.17903487384319305,
				-0.7465696930885315,
				-0.6798160076141357
			],
			[
				0.8473146557807922,
				0.518958568572998,
				0.7779558897018433,
				-1.433829426765442,
				1.0064587593078613,
				0.0823206827044487,
				0.548952579498291,
				-2.0422897338867188
			],
			[
				0.44479501247406006,
				-0.08609116077423096,
				0.4880216121673584,
				-0.40228164196014404,
				-0.04806935787200928,
				0.405254602432251,
				0.3266853094100952,
				-0.12910950183868408
			],
			[
				-0.667920708656311,
				-1.2756727933883667,
				-1.1397055387496948,
				0.5299124717712402,
				-0.255596399307251,
				-1.007562518119812,
				0.07737486064434052,
				1.1821776628494263
			],
			[
				-0.36184775829315186,
				-0.07995414733886719,
				0.13059210777282715,
				0.44196438789367676,
				-0.37531256675720215,
				-0.4472925662994385,
				-0.4926694631576538,
				-0.09972810745239258
			],
			[
				-0.010513782501220703,
				-0.11108696460723877,
				0.3331199884414673,
				-0.06834852695465088,
				-0.10452866554260254,
				0.4173058271408081,
				-0.13035833835601807,
				-0.0526278018951416
			],
			[
				-0.1265115737915039,
				-0.1209801435470581,
				0.355607271194458,
				0.2691209316253662,
				-0.03842592239379883,
				-0.30324041843414307,
				-0.13351213932037354,
				0.3586404323577881
			],
			[
				0.23090171813964844,
				-0.4726210832595825,
				-0.13750803470611572,
				-0.46497464179992676,
				0.2629363536834717,
				0.4900110960006714,
				0.4575151205062866,
				-0.18058526515960693
			],
			[
				0.08919091522693634,
				0.0654400959610939,
				-0.13501770794391632,
				0.312275767326355,
				0.24114888906478882,
				-0.4358082115650177,
				0.4810572862625122,
				-0.3958023190498352
			],
			[
				1.3602524995803833,
				1.5540032386779785,
				2.0410525798797607,
				1.267295002937317,
				1.6814419031143188,
				1.6662155389785767,
				1.3706867694854736,
				0.17786569893360138
			],
			[
				0.20052184164524078,
				0.23976215720176697,
				0.901797890663147,
				-1.1904239654541016,
				0.5188543200492859,
				0.28894418478012085,
				0.6689413785934448,
				-1.527535080909729
			],
			[
				0.6985477209091187,
				0.5948110222816467,
				0.7779096961021423,
				0.6372913718223572,
				-0.06269125640392303,
				0.54356449842453,
				-0.21172671020030975,
				1.1884902715682983
			],
			[
				-0.22269752621650696,
				0.1365508884191513,
				0.5186355710029602,
				-0.5467603206634521,
				-0.8014522194862366,
				-0.04529164731502533,
				-0.36567237973213196,
				-2.1731183528900146
			],
			[
				0.11043700575828552,
				0.7308337092399597,
				0.8281397223472595,
				0.3905017375946045,
				0.0444391593337059,
				0.30714893341064453,
				-0.41890451312065125,
				0.604438066482544
			]
		],
		"weight_2": -1,
		"weight_3": -3.7688493728637695,
		"weight_4": 3.7688493728637695,
		"weight_5": -25.877151489257812,
		"weight_6": 10.618341445922852
	},
	"layer_4": {
		"weight_0": -1,
		"weight_1": -3.3394137455289297e-10,
		"weight_2": 10.27068042755127
	},
	"layer_5": {
		"weight_0": [
			-0.09938819706439972,
			0.586963415145874,
			0.6357166767120361,
			0.6133070588111877
		],
		"weight_1": [
			[
				0.5029776692390442,
				1.2705341577529907,
				1.3618451356887817,
				1.156808614730835
			],
			[
				-0.3311389982700348,
				0.26264938712120056,
				0.6346659064292908,
				0.6710304617881775
			],
			[
				-0.3953474462032318,
				0.9372401833534241,
				0.4858107566833496,
				0.9166620969772339
			],
			[
				0.05174272879958153,
				-2.2984683513641357,
				-2.9204823970794678,
				-3.1404476165771484
			],
			[
				0.2424917072057724,
				1.6628947257995605,
				2.422349691390991,
				2.2713353633880615
			],
			[
				-0.07163916528224945,
				0.9153202176094055,
				1.2181707620620728,
				0.47110962867736816
			],
			[
				0.1959989368915558,
				4.513035774230957,
				5.496326446533203,
				4.891242980957031
			],
			[
				-0.48964181542396545,
				-3.5282866954803467,
				-4.361866474151611,
				-4.38794469833374
			]
		],
		"weight_2": -1,
		"weight_3": -5.496143341064453,
		"weight_4": 5.496143341064453,
		"weight_5": -4.78373384475708,
		"weight_6": 20.742650985717773
	},
	"layer_6": {
		"weight_0": -1,
		"weight_1": -3.3394137455289297e-10,
		"weight_2": 19.892162322998047
	},
	"layer_7": {
		"weight_0": [
			0.5909126400947571
		],
		"weight_1": [
			[
				-0.6512500643730164
			],
			[
				1.9360830783843994
			],
			[
				2.3325695991516113
			],
			[
				2.8087735176086426
			]
		],
		"weight_2": -1,
		"weight_3": -2.808544635772705,
		"weight_4": 2.808544635772705,
		"weight_5": -3.3394137455289297e-10,
		"weight_6": 135.79888916015625
	}
}