{
	"layer_0": {
		"weight_0": [
			[
				0.6460135579109192,
				0.6947246193885803,
				0.15319989621639252,
				-0.5535866022109985,
				1.192833423614502,
				0.04181084781885147,
				-3.1498184204101562,
				1.3994200229644775,
				0.14895720779895782,
				-0.4562318027019501,
				0.6598486304283142,
				0.4155651032924652,
				1.0795115232467651,
				-0.0234411358833313,
				1.372719168663025,
				0.38134610652923584
			],
			[
				-1.6541463136672974,
				-0.6728363633155823,
				-0.18655310571193695,
				-0.15075457096099854,
				-0.9073431491851807,
				-0.21710896492004395,
				-0.3182181417942047,
				-0.9741822481155396,
				1.0388438701629639,
				-0.36497676372528076,
				-6.132542610168457,
				-3.588301658630371,
				-0.8341501355171204,
				-0.38473132252693176,
				2.5101253986358643,
				0.3882313668727875
			]
		],
		"weight_1": [
			0.6416113376617432,
			0.6624101996421814,
			-0.13252867758274078,
			0.0,
			0.7266231775283813,
			-0.01241833996027708,
			0.7387353181838989,
			0.6324687004089355,
			0.46261632442474365,
			0.0,
			0.19504310190677643,
			0.4127737581729889,
			0.688191831111908,
			0.0,
			0.4710809290409088,
			0.9543442726135254
		]
	},
	"layer_1": {
		"weight_0": [
			[
				0.07358098030090332,
				0.09169473499059677,
				0.7139856815338135,
				0.987605631351471,
				-0.03237295523285866,
				0.8987687230110168,
				0.3639988899230957,
				1.3723084926605225
			],
			[
				0.06685686111450195,
				-0.22543112933635712,
				0.33124446868896484,
				0.2240000218153,
				-0.2524697482585907,
				0.4799264967441559,
				-0.4371751546859741,
				0.40250450372695923
			],
			[
				-0.4215139150619507,
				-0.18965326249599457,
				0.3862248361110687,
				-0.3667049705982208,
				-0.14808446168899536,
				0.0268203504383564,
				-0.4230090379714966,
				-0.07735593616962433
			],
			[
				-0.392889142036438,
				-0.15276885032653809,
				0.13087916374206543,
				-0.2360093593597412,
				-0.1833726167678833,
				0.23682475090026855,
				-0.16264593601226807,
				-0.44172894954681396
			],
			[
				-0.35821664333343506,
				-0.42787274718284607,
				0.27158379554748535,
				0.5849833488464355,
				-0.15501251816749573,
				0.9130377173423767,
				-0.3987553119659424,
				0.3724595904350281
			],
			[
				0.30418825149536133,
				0.30618223547935486,
				0.14857816696166992,
				-0.21859297156333923,
				-0.29109999537467957,
				0.3524669408798218,
				-0.4071805477142334,
				-0.1073257103562355
			],
			[
				-0.29015469551086426,
				-0.05013930797576904,
				-1.9429231882095337,
				-2.3162453174591064,
				0.1127561703324318,
				-2.1734960079193115,
				-0.3570002317428589,
				-2.3168845176696777
			],
			[
				0.1864023208618164,
				-0.06954678893089294,
				0.2731809616088867,
				0.5738555788993835,
				-0.13523365557193756,
				0.48821768164634705,
				0.06304657459259033,
				1.0434948205947876
			],
			[
				0.4000953435897827,
				-0.14330676198005676,
				0.06612695753574371,
				-0.492482453584671,
				0.03476507216691971,
				-0.2316545695066452,
				0.34617459774017334,
				-0.006350948940962553
			],
			[
				0.47435855865478516,
				-0.49467670917510986,
				0.24370265007019043,
				0.08912134170532227,
				0.16337740421295166,
				-0.3284105062484741,
				0.12615251541137695,
				-0.12772607803344727
			],
			[
				-0.16701877117156982,
				-0.17091955244541168,
				4.804702281951904,
				5.127460479736328,
				0.09927114099264145,
				4.903087139129639,
				-0.3681107759475708,
				5.058475971221924
			],
			[
				-0.16924285888671875,
				0.331121027469635,
				2.231863498687744,
				2.0154051780700684,
				0.26937127113342285,
				1.7083054780960083,
				-0.1620853990316391,
				2.1840217113494873
			],
			[
				-0.12343502044677734,
				0.4045213758945465,
				0.004222477320581675,
				0.3636975586414337,
				0.2647213339805603,
				0.23777484893798828,
				0.34323954582214355,
				0.4886553883552551
			],
			[
				0.3981548547744751,
				0.13846826553344727,
				-0.21170282363891602,
				-0.399261474609375,
				0.1429457664489746,
				0.4011143445968628,
				0.26006221771240234,
				0.27692294120788574
			],
			[
				-0.4775106906890869,
				0.03221304342150688,
				0.0838489830493927,
				-0.9211876392364502,
				0.07863308489322662,
				0.16293610632419586,
				-0.4637971520423889,
				-0.10088871419429779
			],
			[
				-0.44711339473724365,
				-0.28160274028778076,
				0.32393911480903625,
				-0.5206791758537292,
				-0.39371049404144287,
				0.09563522785902023,
				0.17963790893554688,
				0.5277811288833618
			]
		],
		"weight_1": [
			0.0,
			0.012229671701788902,
			0.533320426940918,
			0.8894938826560974,
			-0.05118649825453758,
			0.7796120643615723,
			-0.0031622699461877346,
			0.677889347076416
		]
	},
	"layer_2": {
		"weight_0": [
			[
				-0.4040581285953522,
				0.17561125755310059,
				0.5921980738639832,
				-0.2786462903022766
			],
			[
				0.10362520068883896,
				-0.49981385469436646,
				0.21172213554382324,
				-0.15194059908390045
			],
			[
				0.5139641165733337,
				-0.1830405741930008,
				-0.6915206909179688,
				1.4093518257141113
			],
			[
				3.118116617202759,
				0.31370124220848083,
				0.3391464352607727,
				3.598332166671753
			],
			[
				-0.15380732715129852,
				0.6248498558998108,
				-0.4020403027534485,
				-0.2640242278575897
			],
			[
				1.1735763549804688,
				-0.3970993459224701,
				-0.4474247097969055,
				1.4255363941192627
			],
			[
				0.667429506778717,
				-0.5031591653823853,
				0.5507004857063293,
				-0.5414026379585266
			],
			[
				1.8728430271148682,
				0.22629781067371368,
				-0.5211329460144043,
				1.8763227462768555
			]
		],
		"weight_1": [
			0.5368660688400269,
			-0.09841373562812805,
			0.0,
			0.5345383286476135
		]
	},
	"layer_3": {
		"weight_0": [
			[
				2.0738754272460938
			],
			[
				-0.5012959837913513
			],
			[
				0.9801247119903564
			],
			[
				2.3108062744140625
			]
		],
		"weight_1": [
			0.5401039719581604
		]
	}
}