{
	"layer_0": {
		"weight_0": [
			[
				-2.642397403717041,
				-6.575733661651611,
				0.8672353625297546,
				0.5315688252449036,
				0.8065739870071411,
				-1.0418357849121094,
				-0.4232195019721985,
				0.7466983199119568,
				-0.4659467935562134,
				-0.05225387588143349,
				-0.08939211815595627,
				0.22335699200630188,
				0.28121480345726013,
				0.4611869156360626,
				-0.23377865552902222,
				-0.5771085619926453
			],
			[
				-0.5758602619171143,
				-1.9964749813079834,
				-2.9012274742126465,
				-0.12165490537881851,
				-7.075742244720459,
				-0.28543373942375183,
				-0.023507893085479736,
				-0.20002882182598114,
				-0.20655980706214905,
				-2.1861329078674316,
				0.7480608820915222,
				-0.11407444626092911,
				-1.2184038162231445,
				0.17312371730804443,
				-0.5424897074699402,
				-0.12585875391960144
			]
		],
		"weight_1": [
			0.6585800647735596,
			0.5718778371810913,
			0.31965458393096924,
			0.5367956757545471,
			0.2196553647518158,
			0.6014037728309631,
			0.0,
			0.6065428256988525,
			0.0,
			0.6424803733825684,
			0.21045032143592834,
			0.34688180685043335,
			0.5088664293289185,
			0.44430384039878845,
			0.0,
			0.0
		]
	},
	"layer_1": {
		"weight_0": [
			[
				-0.8550800085067749,
				0.08970142155885696,
				-0.125494122505188,
				0.4455110728740692,
				-0.11195267736911774,
				1.3794022798538208,
				0.2452455759048462,
				-0.9813693761825562
			],
			[
				-1.3312488794326782,
				-1.5263410806655884,
				-0.40991878509521484,
				-6.584667205810547,
				-0.6257482171058655,
				1.2262035608291626,
				-0.44368815422058105,
				-1.1922513246536255
			],
			[
				0.98782879114151,
				2.0212655067443848,
				0.2905310392379761,
				-3.225454092025757,
				1.4393967390060425,
				-0.7378073334693909,
				-0.3500138521194458,
				1.803122878074646
			],
			[
				0.6875267028808594,
				0.0023724085185676813,
				-0.45844316482543945,
				0.5654977560043335,
				0.7521790862083435,
				0.5012490153312683,
				0.09338188171386719,
				0.5632978677749634
			],
			[
				3.1493544578552246,
				2.5772130489349365,
				0.44145333766937256,
				-0.46349310874938965,
				3.1619229316711426,
				-2.4322378635406494,
				0.1113511323928833,
				2.873399019241333
			],
			[
				-0.14027300477027893,
				-0.4709617495536804,
				-0.21380841732025146,
				-0.49799254536628723,
				0.13655886054039001,
				0.9299232363700867,
				-0.37701523303985596,
				-0.31203579902648926
			],
			[
				-0.04198300838470459,
				0.3783450126647949,
				0.1701430082321167,
				0.46264564990997314,
				0.12643194198608398,
				-0.15899920463562012,
				-0.260357141494751,
				-0.13513565063476562
			],
			[
				0.6645930409431458,
				0.7688274383544922,
				-0.4985252618789673,
				0.5489234328269958,
				0.2986413836479187,
				-0.3664115071296692,
				0.1736685037612915,
				0.193893164396286
			],
			[
				-0.13245820999145508,
				-0.30305051803588867,
				-0.3225226402282715,
				0.22488582134246826,
				0.391177773475647,
				-0.2307567596435547,
				0.24527788162231445,
				0.34434354305267334
			],
			[
				1.69657301902771,
				0.9743955135345459,
				-0.4226633310317993,
				-1.9441735744476318,
				1.8545809984207153,
				-0.05731140822172165,
				-0.3070133924484253,
				0.4964506924152374
			],
			[
				-0.6863396167755127,
				-0.6888838410377502,
				0.06869614124298096,
				0.3670927882194519,
				-0.19612722098827362,
				0.8742161989212036,
				-0.04494345188140869,
				-0.8621371388435364
			],
			[
				0.14493244886398315,
				0.054961130023002625,
				-0.32178401947021484,
				0.05345342308282852,
				-0.08544490486383438,
				0.8070897459983826,
				-0.05897033214569092,
				0.07492300122976303
			],
			[
				0.344038724899292,
				0.9018910527229309,
				0.27226126194000244,
				0.581754207611084,
				0.7994362711906433,
				-0.42119044065475464,
				-0.3042339086532593,
				0.22053749859333038
			],
			[
				0.1018877923488617,
				0.059439584612846375,
				0.16214191913604736,
				0.5599814653396606,
				0.37189072370529175,
				0.3856501877307892,
				-0.2670154571533203,
				0.5245952606201172
			],
			[
				-0.30319035053253174,
				-0.10649216175079346,
				-0.45426392555236816,
				0.07068252563476562,
				0.2974764108657837,
				-0.0837937593460083,
				-0.3180762529373169,
				0.20382905006408691
			],
			[
				0.11396396160125732,
				-0.23658573627471924,
				0.23047089576721191,
				0.34308767318725586,
				-0.09637880325317383,
				0.3947622776031494,
				0.05806088447570801,
				-0.3788161277770996
			]
		],
		"weight_1": [
			0.7264414429664612,
			0.6808419823646545,
			0.0,
			-0.3231907784938812,
			0.7357193231582642,
			-0.2620792090892792,
			0.0,
			0.575222373008728
		]
	},
	"layer_2": {
		"weight_0": [
			[
				1.3756859302520752,
				-0.3989724814891815,
				-0.07199771702289581,
				2.082528829574585
			],
			[
				1.964136004447937,
				0.566982090473175,
				0.1973729431629181,
				2.1329634189605713
			],
			[
				-0.08628827333450317,
				-0.0779416561126709,
				-0.525867223739624,
				-0.19343262910842896
			],
			[
				2.4208872318267822,
				0.19173789024353027,
				0.1355501413345337,
				2.464484930038452
			],
			[
				1.512969970703125,
				-0.6553693413734436,
				-0.09291178733110428,
				1.2384556531906128
			],
			[
				-3.380051851272583,
				0.1931086778640747,
				-0.04131953790783882,
				-3.744051933288574
			],
			[
				0.206199049949646,
				0.2663968801498413,
				-0.6819997429847717,
				0.4763008952140808
			],
			[
				1.9253003597259521,
				1.0498790740966797,
				-0.6703583598136902,
				1.6175873279571533
			]
		],
		"weight_1": [
			0.7282304167747498,
			-0.7387018203735352,
			-0.021133754402399063,
			0.7187132239341736
		]
	},
	"layer_3": {
		"weight_0": [
			[
				2.435706615447998
			],
			[
				-5.6790056228637695
			],
			[
				-0.06972480565309525
			],
			[
				3.0108301639556885
			]
		],
		"weight_1": [
			0.7439187169075012
		]
	}
}