{
	"layer_0": {
		"weight_0": 0.0,
		"weight_1": 1.0,
		"weight_2": -1
	},
	"layer_1": {
		"weight_0": [
			0.0,
			0.5689798593521118,
			1.0944838523864746,
			0.0,
			1.4440639019012451,
			0.5311614871025085,
			0.1377912163734436,
			1.594264030456543,
			-0.002944112755358219,
			0.0,
			-0.012036154046654701,
			0.26136231422424316,
			0.27886849641799927,
			1.1968679428100586,
			-0.23406122624874115,
			0.0
		],
		"weight_1": [
			[
				-0.13797616958618164,
				-7.279613971710205,
				1.0623743534088135,
				-0.2239188551902771,
				-0.13203518092632294,
				2.146852731704712,
				-0.3147203326225281,
				-0.6706258654594421,
				0.013203012757003307,
				-0.3168613910675049,
				0.05688999220728874,
				2.7980074882507324,
				2.2791688442230225,
				0.3624323904514313,
				0.3146642744541168,
				-0.46895337104797363
			],
			[
				-0.26008185744285583,
				3.111595869064331,
				-3.59102463722229,
				-0.3423807621002197,
				-0.33154839277267456,
				-0.5797107219696045,
				4.158241271972656,
				-1.0019493103027344,
				-0.27714648842811584,
				-0.5579620003700256,
				-0.4239373207092285,
				-0.24110202491283417,
				-0.3171836733818054,
				-0.020524021238088608,
				-0.7429814338684082,
				-0.1683846414089203
			]
		],
		"weight_2": -1,
		"weight_3": -7.2797417640686035,
		"weight_4": 7.2797417640686035,
		"weight_5": -1.0344233678196528e-30,
		"weight_6": 4.159256935119629
	},
	"layer_2": {
		"weight_0": [
			-0.00971545372158289,
			0.6277675032615662,
			0.768427312374115,
			1.246132493019104,
			0.7296062111854553,
			0.0725957378745079,
			0.7399415373802185,
			0.8750925064086914
		],
		"weight_1": [
			[
				-0.05044066905975342,
				-0.4246402978897095,
				0.4263709783554077,
				-0.031960129737854004,
				-0.46412014961242676,
				0.034757375717163086,
				0.32770252227783203,
				-0.41125190258026123
			],
			[
				-2.396249771118164,
				-3.28800368309021,
				0.29299411177635193,
				-1.2139935493469238,
				-0.7603418827056885,
				0.09147996455430984,
				-0.08731355518102646,
				-2.8155136108398438
			],
			[
				-0.6525216698646545,
				1.815253496170044,
				2.10119891166687,
				1.6311081647872925,
				1.6521977186203003,
				-0.8431192636489868,
				0.9346641302108765,
				1.341448426246643
			],
			[
				0.4002314805984497,
				0.12596476078033447,
				0.2570013999938965,
				0.4877653121948242,
				-0.2907276153564453,
				0.22783887386322021,
				0.08336925506591797,
				-0.08572995662689209
			],
			[
				0.8421810269355774,
				-0.19109320640563965,
				0.5032418966293335,
				-0.1119588315486908,
				0.2444043904542923,
				0.8385170698165894,
				1.0362356901168823,
				0.2816840410232544
			],
			[
				-0.2684248089790344,
				0.12301265448331833,
				-1.0787633657455444,
				0.800003170967102,
				0.6963627934455872,
				0.6679793000221252,
				1.093322992324829,
				0.04118795692920685
			],
			[
				2.6845879554748535,
				-4.101000785827637,
				-0.5751681923866272,
				-1.3405016660690308,
				-0.10961160808801651,
				3.7719974517822266,
				-0.19838233292102814,
				-2.969425678253174
			],
			[
				-0.09106738120317459,
				0.6715023517608643,
				1.2754884958267212,
				0.9996813535690308,
				1.2140462398529053,
				0.7490357756614685,
				0.8281781673431396,
				0.9602029919624329
			],
			[
				0.2626579999923706,
				0.07819780707359314,
				-0.08708310127258301,
				0.03244756534695625,
				0.14623777568340302,
				-0.07418060302734375,
				0.07007230073213577,
				-0.4518212378025055
			],
			[
				-0.2900044918060303,
				-0.035420894622802734,
				0.12744295597076416,
				-0.279299259185791,
				-0.18480348587036133,
				-0.00676572322845459,
				-0.19979143142700195,
				0.32460272312164307
			],
			[
				-0.14571785926818848,
				-0.38915395736694336,
				-0.39053380489349365,
				-0.4804626405239105,
				-0.326231986284256,
				0.23918414115905762,
				-0.047076981514692307,
				-0.07904207706451416
			],
			[
				0.1817626804113388,
				-0.38852453231811523,
				-1.5396307706832886,
				0.29561662673950195,
				0.6978102922439575,
				0.07484855502843857,
				0.1707860380411148,
				0.2774433493614197
			],
			[
				-0.5570946335792542,
				0.20717786252498627,
				-1.6039652824401855,
				0.48388683795928955,
				0.5395326614379883,
				0.4235750734806061,
				1.2461707592010498,
				-0.06731270998716354
			],
			[
				0.28962820768356323,
				-0.2679407298564911,
				0.28826314210891724,
				0.5909506678581238,
				0.9640604257583618,
				0.8271102905273438,
				0.2268335074186325,
				-0.22127366065979004
			],
			[
				-0.12254126369953156,
				-0.12535415589809418,
				-0.08600914478302002,
				-0.17181260883808136,
				0.4983247220516205,
				-0.42125287652015686,
				0.16634267568588257,
				-0.08544140309095383
			],
			[
				0.13081645965576172,
				-0.2875192165374756,
				0.18031704425811768,
				-0.408847451210022,
				0.3293088674545288,
				-0.33434903621673584,
				0.31952548027038574,
				-0.2650876045227051
			]
		],
		"weight_2": -1,
		"weight_3": -4.09931755065918,
		"weight_4": 4.09931755065918,
		"weight_5": -1.0344233678196528e-30,
		"weight_6": 19.511180877685547
	},
	"layer_3": {
		"weight_0": [
			1.0875623226165771,
			0.16006577014923096,
			1.0811158418655396,
			0.7248270511627197
		],
		"weight_1": [
			[
				-0.23749525845050812,
				-3.9696249961853027,
				0.34971415996551514,
				0.8257873058319092
			],
			[
				2.109161853790283,
				1.9133732318878174,
				-2.3300271034240723,
				1.1207484006881714
			],
			[
				-0.9637700319290161,
				0.17712414264678955,
				1.5727132558822632,
				-1.4207983016967773
			],
			[
				1.6476523876190186,
				1.4166115522384644,
				-0.34702804684638977,
				-0.007544550113379955
			],
			[
				1.1807236671447754,
				0.21712517738342285,
				-0.13813349604606628,
				0.44768473505973816
			],
			[
				0.015322811901569366,
				-3.047525405883789,
				0.9086037278175354,
				0.9392139911651611
			],
			[
				1.429068922996521,
				-0.2600244879722595,
				0.08284662663936615,
				0.07849908620119095
			],
			[
				2.440037250518799,
				1.6586737632751465,
				-0.28708410263061523,
				0.5374369621276855
			]
		],
		"weight_2": -1,
		"weight_3": -3.9696249961853027,
		"weight_4": 3.9696249961853027,
		"weight_5": -1.0344233678196528e-30,
		"weight_6": 51.22585678100586
	},
	"layer_4": {
		"weight_0": [
			0.4333498179912567
		],
		"weight_1": [
			[
				2.0517828464508057
			],
			[
				5.017761707305908
			],
			[
				-1.8537497520446777
			],
			[
				2.00655198097229
			]
		],
		"weight_2": -1,
		"weight_3": -5.018276214599609,
		"weight_4": 5.018276214599609,
		"weight_5": -5.872960639674385e-22,
		"weight_6": 141.5226593017578
	}
}