{
	"layer_0": {
		"weight_0": [
			[
				0.45210474729537964,
				0.014507043175399303,
				-0.3004824221134186,
				-0.5671500563621521,
				-0.47108739614486694,
				0.13946908712387085,
				2.6129698753356934,
				2.54097318649292,
				2.179126501083374,
				-0.3830040693283081,
				2.4686057567596436,
				1.6027849912643433,
				-0.4078577756881714,
				-0.07735799252986908,
				2.1882858276367188,
				-2.4754395484924316
			],
			[
				-0.3873279392719269,
				0.15440350770950317,
				0.07170422375202179,
				-0.39462223649024963,
				-0.08020031452178955,
				-0.1749933660030365,
				1.7819151878356934,
				0.3644286096096039,
				-0.9776754975318909,
				-0.24234330654144287,
				0.16771778464317322,
				-4.761764049530029,
				-0.15932127833366394,
				-1.3577779531478882,
				-7.32908296585083,
				4.060900688171387
			]
		],
		"weight_1": [
			1.7003958225250244,
			-0.16966572403907776,
			-0.07475530356168747,
			0.0,
			0.0,
			-0.12070640921592712,
			1.9661768674850464,
			-0.623616099357605,
			0.9940745234489441,
			0.0,
			1.3963491916656494,
			1.6633906364440918,
			0.0,
			1.7530629634857178,
			1.0056968927383423,
			0.3401632308959961
		]
	},
	"layer_1": {
		"weight_0": [
			[
				0.5725393295288086,
				-0.23831632733345032,
				0.16590867936611176,
				0.7770382165908813,
				-0.3257324695587158,
				0.8295825123786926,
				-0.1958322674036026,
				0.2596191167831421
			],
			[
				-0.47069811820983887,
				0.41070014238357544,
				0.021675705909729004,
				-0.27488720417022705,
				-0.18317770957946777,
				-0.26678162813186646,
				-0.3257906436920166,
				-0.4968918561935425
			],
			[
				0.16854161024093628,
				-0.30999934673309326,
				0.12235665321350098,
				-0.3844292461872101,
				-0.005290865898132324,
				-0.04340242221951485,
				-0.17837870121002197,
				-0.18085050582885742
			],
			[
				0.21420907974243164,
				-0.4112354516983032,
				0.2325594425201416,
				-0.4572412967681885,
				0.26758646965026855,
				0.02565908432006836,
				0.17759490013122559,
				-0.4038112163543701
			],
			[
				-0.1864234209060669,
				0.4789026975631714,
				0.48889780044555664,
				0.4653986692428589,
				0.2206355333328247,
				0.45761942863464355,
				0.4448291063308716,
				-0.13372349739074707
			],
			[
				0.30185428261756897,
				-0.37984317541122437,
				0.033194541931152344,
				-0.07743493467569351,
				0.4839831590652466,
				-0.393523633480072,
				-0.3903566598892212,
				0.42534828186035156
			],
			[
				1.003301978111267,
				-0.30181872844696045,
				0.6501436829566956,
				1.1388444900512695,
				-0.3620346784591675,
				0.4770394265651703,
				1.0840835571289062,
				-0.4819679260253906
			],
			[
				1.6357817649841309,
				0.05833934620022774,
				0.015977198258042336,
				-0.8734044432640076,
				-0.21072649955749512,
				-0.30323532223701477,
				-0.8498696684837341,
				-0.010795682668685913
			],
			[
				-0.5148140788078308,
				0.2776241898536682,
				0.17463131248950958,
				1.8033347129821777,
				-0.24646568298339844,
				1.600420355796814,
				0.5442178249359131,
				-0.24235747754573822
			],
			[
				-0.43823742866516113,
				0.46781158447265625,
				-0.22803819179534912,
				-0.3082042932510376,
				-0.20875990390777588,
				-0.10506772994995117,
				-0.14169025421142578,
				0.3458024263381958
			],
			[
				0.5758493542671204,
				-0.29026904702186584,
				-0.24289162456989288,
				1.5713832378387451,
				0.04631471633911133,
				1.3307090997695923,
				0.5093030333518982,
				-0.18421697616577148
			],
			[
				-0.7334617972373962,
				-0.22746431827545166,
				-0.5547174215316772,
				2.4110100269317627,
				0.02557051181793213,
				1.8786652088165283,
				-0.8765391111373901,
				-0.4384816288948059
			],
			[
				0.2465142011642456,
				0.168329119682312,
				0.441180944442749,
				-0.23724210262298584,
				-0.4264554977416992,
				-0.47850513458251953,
				-0.09654831886291504,
				-0.09336221218109131
			],
			[
				0.8471990823745728,
				-0.3677639365196228,
				-0.4935847520828247,
				0.5413757562637329,
				0.3731105327606201,
				0.3461959958076477,
				-0.8227680325508118,
				-0.4814133644104004
			],
			[
				-1.8352540731430054,
				-0.22234570980072021,
				-0.9348092079162598,
				2.895275354385376,
				-0.4858032464981079,
				3.344146251678467,
				-1.6835548877716064,
				0.2944854497909546
			],
			[
				2.531107187271118,
				-0.31740593910217285,
				1.7519299983978271,
				-2.158154010772705,
				-0.17322421073913574,
				-1.8739417791366577,
				1.355021357536316,
				-0.406734824180603
			]
		],
		"weight_1": [
			0.2734641134738922,
			-0.0031613765750080347,
			0.06342791020870209,
			1.0935695171356201,
			0.0,
			0.9491094350814819,
			0.11097213625907898,
			-0.0031622746028006077
		]
	},
	"layer_2": {
		"weight_0": [
			[
				0.31729063391685486,
				-2.2132480144500732,
				0.9065172672271729,
				2.7460649013519287
			],
			[
				0.6932483315467834,
				-0.008006294257938862,
				0.30894917249679565,
				0.6579136252403259
			],
			[
				-0.23339402675628662,
				1.6195707321166992,
				1.2479491233825684,
				-2.3473830223083496
			],
			[
				-4.536965370178223,
				1.9360342025756836,
				-0.10496964305639267,
				-0.4347827732563019
			],
			[
				0.17813974618911743,
				0.5947937369346619,
				0.6557363867759705,
				-0.04308724403381348
			],
			[
				-1.4573581218719482,
				1.5454328060150146,
				-0.08099391311407089,
				0.19564934074878693
			],
			[
				-0.20120219886302948,
				2.0426394939422607,
				1.4709646701812744,
				-1.718785047531128
			],
			[
				-0.10243892669677734,
				-0.2334447205066681,
				0.04041004180908203,
				-0.19997604191303253
			]
		],
		"weight_1": [
			0.592795193195343,
			0.8747341632843018,
			-0.4821135103702545,
			0.5619768500328064
		]
	},
	"layer_3": {
		"weight_0": [
			[
				-1.5746690034866333
			],
			[
				2.158458709716797
			],
			[
				1.1171115636825562
			],
			[
				-6.148717403411865
			]
		],
		"weight_1": [
			0.8373883366584778
		]
	}
}