{
	"layer_0": {
		"weight_0": 0.0,
		"weight_1": 1.0,
		"weight_2": -1
	},
	"layer_1": {
		"weight_0": [
			1.1743056774139404,
			1.6539723873138428,
			0.0,
			1.1777561902999878,
			1.3054856061935425,
			1.095552682876587,
			0.25739043951034546,
			0.6661031246185303,
			-0.07367978245019913,
			0.0048276931047439575,
			0.0,
			0.0,
			-0.11664225906133652,
			0.0,
			0.0,
			0.2955264151096344
		],
		"weight_1": [
			[
				0.5478236079216003,
				0.050146691501140594,
				-0.20713397860527039,
				-2.6383094787597656,
				0.24049583077430725,
				4.650570392608643,
				1.5450959205627441,
				2.718709945678711,
				0.09615698456764221,
				2.561417818069458,
				-0.3319188952445984,
				-0.45647862553596497,
				0.13642601668834686,
				-0.40883857011795044,
				-0.4601059854030609,
				2.1410059928894043
			],
			[
				-2.997675657272339,
				-2.068035125732422,
				-0.0387614369392395,
				-0.10786226391792297,
				-5.942553997039795,
				-0.7418516278266907,
				-4.255123138427734,
				-0.8031827807426453,
				-0.2111838161945343,
				0.7618343234062195,
				-0.5656156539916992,
				-0.031367480754852295,
				-0.4829614460468292,
				-0.4778949022293091,
				-0.46673470735549927,
				-12.651355743408203
			]
		],
		"weight_2": -1,
		"weight_3": -12.651355743408203,
		"weight_4": 12.651355743408203,
		"weight_5": -1.1747631106841295e-35,
		"weight_6": 5.409097194671631
	},
	"layer_2": {
		"weight_0": [
			0.41890645027160645,
			0.4965820908546448,
			-0.789481520652771,
			-0.13705432415008545,
			0.7516578435897827,
			0.5563495755195618,
			-0.4128856956958771,
			0.0
		],
		"weight_1": [
			[
				1.0834019184112549,
				0.8055019378662109,
				1.179334282875061,
				-0.19903984665870667,
				1.179003119468689,
				0.23882658779621124,
				-0.0918453186750412,
				-0.07632243633270264
			],
			[
				-0.04025811329483986,
				-0.7181536555290222,
				-1.3724230527877808,
				-0.4696767330169678,
				0.6311851143836975,
				0.2542901039123535,
				-0.8444077372550964,
				-0.45183539390563965
			],
			[
				-0.134621262550354,
				0.14777803421020508,
				-0.07178175449371338,
				-0.3560459613800049,
				0.21345889568328857,
				0.17085039615631104,
				0.1073298454284668,
				0.4833310842514038
			],
			[
				-0.7188222408294678,
				-0.9242581129074097,
				-2.5703556537628174,
				-1.054575800895691,
				1.7241140604019165,
				-0.9670155048370361,
				-0.5957995057106018,
				-0.17240989208221436
			],
			[
				0.037489891052246094,
				0.41538259387016296,
				-1.0928473472595215,
				-0.5972321629524231,
				0.09431371837854385,
				0.500836968421936,
				-0.5316002368927002,
				-0.06878793239593506
			],
			[
				0.4887864887714386,
				0.9838696718215942,
				0.09257949888706207,
				0.9843305349349976,
				-0.2693321406841278,
				1.1993482112884521,
				0.9566184282302856,
				-0.390710711479187
			],
			[
				0.9356362223625183,
				0.7730334997177124,
				2.0793919563293457,
				-0.6127738356590271,
				-5.667194843292236,
				0.5974907279014587,
				0.0868188887834549,
				-0.446860671043396
			],
			[
				0.9397838115692139,
				1.1853350400924683,
				-0.1308741420507431,
				1.0394790172576904,
				-0.41210582852363586,
				1.380635142326355,
				1.2362353801727295,
				-0.3617662191390991
			],
			[
				-0.20028774440288544,
				-0.29746758937835693,
				-0.1462281495332718,
				-0.4569995105266571,
				0.4350419342517853,
				-0.2649048864841461,
				-0.3600963056087494,
				-0.32676541805267334
			],
			[
				0.6435880661010742,
				0.2742198705673218,
				0.6637658476829529,
				0.7647498846054077,
				-1.9060721397399902,
				0.7738938927650452,
				0.9911975860595703,
				-0.4840646982192993
			],
			[
				0.31590116024017334,
				0.4338362216949463,
				0.4434547424316406,
				0.19003665447235107,
				-0.0901484489440918,
				0.20259928703308105,
				-0.31604433059692383,
				0.431130051612854
			],
			[
				0.1611793041229248,
				-0.4250136613845825,
				-0.430850625038147,
				0.11481547355651855,
				0.06419777870178223,
				-0.18374598026275635,
				-0.3516402244567871,
				0.13025438785552979
			],
			[
				0.028760110959410667,
				-0.13874253630638123,
				0.09062695503234863,
				-0.32021886110305786,
				0.12459830939769745,
				-0.2650420069694519,
				0.36931368708610535,
				0.4588010311126709
			],
			[
				-0.2948188781738281,
				0.36463868618011475,
				0.42883074283599854,
				-0.23216485977172852,
				0.4115915298461914,
				0.378021240234375,
				0.46059465408325195,
				-0.004723787307739258
			],
			[
				0.10995054244995117,
				-0.4873988628387451,
				0.3915156126022339,
				0.1983814239501953,
				0.22528469562530518,
				-0.14826703071594238,
				0.43912529945373535,
				-0.1478327512741089
			],
			[
				5.045383930206299,
				3.485732078552246,
				7.938150405883789,
				1.4895837306976318,
				-2.4494428634643555,
				3.7208633422851562,
				1.3199267387390137,
				0.4157973527908325
			]
		],
		"weight_2": -1,
		"weight_3": -7.938150405883789,
		"weight_4": 7.938150405883789,
		"weight_5": -1.1747631106841295e-35,
		"weight_6": 14.826635360717773
	},
	"layer_3": {
		"weight_0": [
			0.7033477425575256,
			0.0,
			1.343793272972107,
			0.7113490700721741
		],
		"weight_1": [
			[
				1.7166866064071655,
				-0.6526060104370117,
				0.043108657002449036,
				0.7677649259567261
			],
			[
				2.001920700073242,
				-0.5523909330368042,
				0.16170454025268555,
				1.661366581916809
			],
			[
				-0.7669087648391724,
				-0.7059723734855652,
				1.1189970970153809,
				-0.6879574656486511
			],
			[
				-1.547309398651123,
				-0.23740056157112122,
				0.7415452599525452,
				-0.6976727247238159
			],
			[
				-1.7345826625823975,
				0.014082252979278564,
				-3.96932315826416,
				-1.385744333267212
			],
			[
				1.8364646434783936,
				0.021703779697418213,
				0.8889623880386353,
				1.911810278892517
			],
			[
				-1.9425280094146729,
				-0.4690549671649933,
				1.4552006721496582,
				-1.583540678024292
			],
			[
				0.2888721227645874,
				-0.40491774678230286,
				0.5826272368431091,
				0.3841089606285095
			]
		],
		"weight_2": -1,
		"weight_3": -3.96932315826416,
		"weight_4": 3.96932315826416,
		"weight_5": -1.1747631106841295e-35,
		"weight_6": 40.9439697265625
	},
	"layer_4": {
		"weight_0": [
			0.752406895160675
		],
		"weight_1": [
			[
				2.9674620628356934
			],
			[
				0.09796285629272461
			],
			[
				-0.9518221616744995
			],
			[
				2.1146295070648193
			]
		],
		"weight_2": -1,
		"weight_3": -2.9669551849365234,
		"weight_4": 2.9669551849365234,
		"weight_5": -1.1749005051959596e-35,
		"weight_6": 139.03866577148438
	}
}