{
	"layer_0": {
		"weight_0": 0.0,
		"weight_1": 1.0,
		"weight_2": -1
	},
	"layer_1": {
		"weight_0": [
			0.5187776684761047,
			0.7132700085639954,
			0.0,
			-0.07387644052505493,
			0.4842482805252075,
			0.4562437832355499,
			0.0,
			0.0,
			0.31927740573883057,
			0.27976757287979126,
			0.9117293953895569,
			0.0,
			0.4528787434101105,
			0.28202396631240845,
			-0.14622555673122406,
			0.0
		],
		"weight_1": [
			[
				0.6305476427078247,
				1.2855749130249023,
				-0.4846310019493103,
				0.07354161888360977,
				0.7907418012619019,
				1.1977590322494507,
				-0.1602025330066681,
				-0.322565495967865,
				0.4573584198951721,
				0.9020922780036926,
				0.5318070650100708,
				-0.4917181134223938,
				1.617139458656311,
				0.6560084819793701,
				0.16462132334709167,
				-0.5723781585693359
			],
			[
				-0.576147735118866,
				-0.6977270841598511,
				-0.0795907974243164,
				-0.01221491675823927,
				-1.9042736291885376,
				-0.42624062299728394,
				-0.018439173698425293,
				-0.20720279216766357,
				-1.5008498430252075,
				-0.36748605966567993,
				-0.6656382083892822,
				-0.04560500383377075,
				-0.47172850370407104,
				-1.9843999147415161,
				-0.15705373883247375,
				-0.2109898328781128
			]
		],
		"weight_2": -1,
		"weight_3": -1.9843999147415161,
		"weight_4": 1.9843999147415161,
		"weight_5": -0.5658519268035889,
		"weight_6": 2.303537130355835
	},
	"layer_2": {
		"weight_0": [
			0.48564618825912476,
			0.5391630530357361,
			0.6765000820159912,
			0.5770627856254578,
			0.0,
			-0.07578720152378082,
			0.45005905628204346,
			0.5522051453590393
		],
		"weight_1": [
			[
				-0.041552331298589706,
				0.12140539288520813,
				0.604050874710083,
				-0.1230366975069046,
				-0.48720264434814453,
				0.025348056107759476,
				-0.057547636330127716,
				0.06934988498687744
			],
			[
				0.17572739720344543,
				1.0727449655532837,
				0.867314338684082,
				0.5362547039985657,
				0.2834433317184448,
				-0.11254660040140152,
				0.7287066578865051,
				0.8295964002609253
			],
			[
				0.2377709150314331,
				0.2543156147003174,
				0.23532259464263916,
				-0.0686655044555664,
				0.31331872940063477,
				-0.01945662498474121,
				-0.23700058460235596,
				0.1974930763244629
			],
			[
				0.2769075632095337,
				-0.4003434479236603,
				0.2941678464412689,
				0.498158723115921,
				-0.45124590396881104,
				-0.3157788813114166,
				-0.18057824671268463,
				-0.40124770998954773
			],
			[
				-0.27194592356681824,
				1.9769890308380127,
				2.00234317779541,
				2.0593504905700684,
				-0.30540037155151367,
				-0.4770956039428711,
				1.3746883869171143,
				1.386296272277832
			],
			[
				-0.526653528213501,
				0.3640402853488922,
				0.5598840713500977,
				0.24651595950126648,
				-0.023854613304138184,
				-0.19696781039237976,
				-0.09483373165130615,
				0.4952763319015503
			],
			[
				-0.47712647914886475,
				-0.21294283866882324,
				-0.1643143892288208,
				-0.05353665351867676,
				-0.43087732791900635,
				0.3548095226287842,
				0.41665709018707275,
				0.20191800594329834
			],
			[
				-0.012165665626525879,
				0.4575309753417969,
				-0.4045144319534302,
				-0.05679476261138916,
				0.128362774848938,
				-0.15606868267059326,
				-0.03559255599975586,
				0.4965442419052124
			],
			[
				0.3966520130634308,
				0.5224040150642395,
				1.2868952751159668,
				0.9127061367034912,
				0.08578646183013916,
				-0.08800078928470612,
				1.0997655391693115,
				1.3436834812164307
			],
			[
				-0.20710580050945282,
				-0.06556534767150879,
				-0.14912442862987518,
				0.21590343117713928,
				0.28701794147491455,
				0.15144552290439606,
				0.2552003264427185,
				-0.41416382789611816
			],
			[
				0.5955823063850403,
				0.7781968116760254,
				1.0204774141311646,
				0.15672168135643005,
				-0.3898506164550781,
				0.25804969668388367,
				-0.05977007374167442,
				0.049765780568122864
			],
			[
				0.41711699962615967,
				0.100411057472229,
				-0.067207932472229,
				-0.48201262950897217,
				0.3962087631225586,
				-0.23108410835266113,
				-0.009181499481201172,
				-0.4671337604522705
			],
			[
				-0.8831607103347778,
				0.6728518605232239,
				0.7768473625183105,
				0.3077525794506073,
				-0.16144299507141113,
				-0.10127401351928711,
				0.3708411455154419,
				0.8113439679145813
			],
			[
				-0.28712791204452515,
				2.100461006164551,
				1.5221844911575317,
				2.0073697566986084,
				-0.19876694679260254,
				0.2698700428009033,
				2.1652562618255615,
				2.1749720573425293
			],
			[
				-0.44375085830688477,
				0.010113799944519997,
				-0.2928090989589691,
				-0.17486907541751862,
				-0.007857203483581543,
				-0.06764348596334457,
				0.37435004115104675,
				-0.07234610617160797
			],
			[
				0.43233823776245117,
				0.0790863037109375,
				-0.08214962482452393,
				0.32493364810943604,
				0.2123032808303833,
				-0.29318904876708984,
				-0.35891640186309814,
				-0.3618108034133911
			]
		],
		"weight_2": -1,
		"weight_3": -2.1723756790161133,
		"weight_4": 2.1723756790161133,
		"weight_5": -0.5658519268035889,
		"weight_6": 9.483879089355469
	},
	"layer_3": {
		"weight_0": [
			0.5476028323173523,
			0.3639061152935028,
			0.17686326801776886,
			-0.4018583595752716
		],
		"weight_1": [
			[
				-1.6607720851898193,
				-1.4049187898635864,
				1.5733885765075684,
				1.488075852394104
			],
			[
				1.6068981885910034,
				0.7112611532211304,
				-0.1947125941514969,
				0.42275699973106384
			],
			[
				1.3412140607833862,
				0.7454937696456909,
				0.5760164260864258,
				-0.20043537020683289
			],
			[
				1.3519471883773804,
				1.609910011291504,
				0.1750021129846573,
				0.028863253071904182
			],
			[
				0.16081249713897705,
				0.592637836933136,
				0.6219835877418518,
				0.035470783710479736
			],
			[
				-0.18705374002456665,
				-0.5226581692695618,
				-0.5093750953674316,
				0.048938460648059845
			],
			[
				1.5333657264709473,
				0.16476218402385712,
				-0.8312838077545166,
				-0.7589680552482605
			],
			[
				1.5491176843643188,
				0.9712476134300232,
				-0.1330835074186325,
				0.40724703669548035
			]
		],
		"weight_2": -1,
		"weight_3": -1.6613216400146484,
		"weight_4": 1.6613216400146484,
		"weight_5": -0.5658519268035889,
		"weight_6": 48.856971740722656
	},
	"layer_4": {
		"weight_0": [
			0.5446276664733887
		],
		"weight_1": [
			[
				2.0644469261169434
			],
			[
				0.9865654110908508
			],
			[
				-2.420952320098877
			],
			[
				-1.6059643030166626
			]
		],
		"weight_2": -1,
		"weight_3": -2.421599864959717,
		"weight_4": 2.421599864959717,
		"weight_5": -0.5658519268035889,
		"weight_6": 98.18023681640625
	}
}