{
	"layer_0": {
		"weight_0": [
			[
				3.621741533279419,
				0.7873898148536682,
				0.17218035459518433,
				-1.0771430730819702,
				-0.28171589970588684,
				-0.22946399450302124,
				-0.387265145778656,
				0.3336024880409241,
				-0.4291275143623352,
				0.7316187620162964,
				-0.019362807273864746,
				0.5214298963546753,
				3.2907333374023438,
				-0.37120020389556885,
				0.32148778438568115,
				-0.2840448319911957
			],
			[
				0.5696030855178833,
				-0.8489586114883423,
				-0.020861472934484482,
				-0.7378728985786438,
				-0.42199552059173584,
				-0.32339704036712646,
				1.9682512283325195,
				-0.6284812092781067,
				-0.4902452230453491,
				-6.708735942840576,
				-0.08051249384880066,
				-2.2030439376831055,
				-0.22403638064861298,
				-0.05943620204925537,
				3.0262417793273926,
				-0.4614606201648712
			]
		],
		"weight_1": [
			0.23595473170280457,
			0.53408282995224,
			-0.1755586415529251,
			1.7832269668579102,
			0.0,
			0.0,
			0.2886369228363037,
			0.613573431968689,
			0.0,
			0.18739163875579834,
			0.0,
			0.9014265537261963,
			0.24904929101467133,
			0.0,
			0.29252079129219055,
			0.0
		]
	},
	"layer_1": {
		"weight_0": [
			[
				0.12865209579467773,
				0.39966529607772827,
				-0.25274768471717834,
				-2.5993244647979736,
				0.49177780747413635,
				-0.39021068811416626,
				-0.16727280616760254,
				0.2120331972837448
			],
			[
				-0.3968769311904907,
				0.6730688214302063,
				0.514754056930542,
				-0.4175470173358917,
				0.7062466740608215,
				0.20671623945236206,
				0.06546974182128906,
				0.7675724029541016
			],
			[
				0.18600130081176758,
				-0.1543000042438507,
				-0.3029215931892395,
				0.008308887481689453,
				-0.1808832883834839,
				0.3218028247356415,
				-0.41159701347351074,
				0.07748515158891678
			],
			[
				-0.056610703468322754,
				0.9159221053123474,
				0.612676739692688,
				0.7158899307250977,
				0.2610850930213928,
				0.5133300423622131,
				-0.3350609540939331,
				0.35006245970726013
			],
			[
				-0.025603652000427246,
				-0.11583614349365234,
				0.4826425313949585,
				0.2557429075241089,
				-0.38385140895843506,
				-0.48676884174346924,
				0.10159528255462646,
				-0.02125227451324463
			],
			[
				0.22025716304779053,
				-0.41883111000061035,
				0.10393989086151123,
				0.08936870098114014,
				0.40726959705352783,
				-0.49522411823272705,
				-0.30264949798583984,
				0.47032666206359863
			],
			[
				-0.2079005241394043,
				-0.7493147850036621,
				-2.647942304611206,
				0.7853819131851196,
				-0.5130475759506226,
				0.3350447416305542,
				0.08335268497467041,
				-1.4026120901107788
			],
			[
				0.20245826244354248,
				0.5326927304267883,
				0.7533010244369507,
				0.17742504179477692,
				0.8169648051261902,
				-0.22915753722190857,
				-0.40186166763305664,
				0.22738990187644958
			],
			[
				-0.31178557872772217,
				0.23001837730407715,
				0.38507282733917236,
				0.4217216968536377,
				0.4933207035064697,
				0.06358325481414795,
				-0.46883177757263184,
				0.29078757762908936
			],
			[
				-0.25435054302215576,
				2.0383293628692627,
				2.4101431369781494,
				-0.285052090883255,
				2.7349016666412354,
				-3.162611961364746,
				-0.42765796184539795,
				2.4232537746429443
			],
			[
				0.4730534553527832,
				0.08170390129089355,
				0.0030210018157958984,
				0.4064147472381592,
				-0.47518396377563477,
				0.38852882385253906,
				0.4840817451477051,
				-0.18858599662780762
			],
			[
				-0.34356188774108887,
				1.0027258396148682,
				0.5662912726402283,
				1.0664042234420776,
				1.4052695035934448,
				0.12581533193588257,
				-0.20775926113128662,
				0.5747732520103455
			],
			[
				-0.48680615425109863,
				0.41867244243621826,
				0.5432425141334534,
				-2.1003875732421875,
				-0.15846671164035797,
				-0.5049822330474854,
				-0.04895031452178955,
				-0.0999770537018776
			],
			[
				-0.23693609237670898,
				0.03403615951538086,
				0.24737679958343506,
				-0.02534949779510498,
				0.4255180358886719,
				-0.2822941541671753,
				-0.4972347021102905,
				0.17885494232177734
			],
			[
				-0.245072603225708,
				-0.1394975632429123,
				-2.150376081466675,
				-0.3036489486694336,
				0.3152245581150055,
				-0.3206251561641693,
				-0.08326125144958496,
				-0.9912869334220886
			],
			[
				-0.4413720369338989,
				0.43384766578674316,
				-0.13531410694122314,
				-0.008308172225952148,
				-0.4214053153991699,
				-0.3128530979156494,
				-0.03016197681427002,
				0.4761669635772705
			]
		],
		"weight_1": [
			0.0,
			0.763806939125061,
			0.4840051233768463,
			0.8971014022827148,
			0.7431711554527283,
			0.9501290917396545,
			0.0,
			0.5899492502212524
		]
	},
	"layer_2": {
		"weight_0": [
			[
				-0.3098270297050476,
				0.010413289070129395,
				-0.26075294613838196,
				0.2841412425041199
			],
			[
				1.3094805479049683,
				0.932800829410553,
				-0.6687982678413391,
				-0.14094971120357513
			],
			[
				1.2293437719345093,
				1.9764114618301392,
				0.6835550665855408,
				3.092139959335327
			],
			[
				-3.291217088699341,
				-2.5527918338775635,
				-0.18667133152484894,
				-3.2708802223205566
			],
			[
				1.6197035312652588,
				1.1531797647476196,
				-0.508330762386322,
				1.0416712760925293
			],
			[
				-1.597048044204712,
				-1.4730867147445679,
				-0.5083197951316833,
				-2.47137713432312
			],
			[
				0.2778171896934509,
				0.4883686900138855,
				0.631228506565094,
				-0.6184307932853699
			],
			[
				1.7701668739318848,
				0.9545160531997681,
				0.2679279148578644,
				2.1999666690826416
			]
		],
		"weight_1": [
			0.6540333032608032,
			0.9667237997055054,
			-0.00673234136775136,
			0.716460108757019
		]
	},
	"layer_3": {
		"weight_0": [
			[
				2.6918082237243652
			],
			[
				3.1564342975616455
			],
			[
				-0.6806053519248962
			],
			[
				2.8005664348602295
			]
		],
		"weight_1": [
			0.6600465178489685
		]
	}
}