{
	"layer_0": {
		"weight_0": [
			[
				-0.3429875373840332,
				-0.1548842489719391,
				-0.4655539393424988,
				0.20138242840766907,
				-0.09108754992485046,
				0.00037728482857346535,
				0.20689542591571808,
				-0.26897135376930237,
				0.44312554597854614,
				-0.49218761920928955,
				-0.545903205871582,
				0.4369424283504486,
				-0.5526870489120483,
				-0.28864747285842896,
				-0.49725815653800964,
				0.2960434556007385
			],
			[
				-0.3535999059677124,
				0.09141623973846436,
				0.4626041650772095,
				-0.22333388030529022,
				0.1514250636100769,
				0.12363164126873016,
				-0.2529277205467224,
				-0.12658801674842834,
				0.16584502160549164,
				0.26284241676330566,
				0.28141099214553833,
				0.3353665769100189,
				0.5107555389404297,
				-0.10908940434455872,
				-0.4738841652870178,
				0.4667140245437622
			]
		],
		"weight_1": [
			0.0,
			0.0,
			0.0,
			-0.003073243424296379,
			0.0,
			-0.003162277163937688,
			-0.003098123474046588,
			0.0,
			-0.004147549159824848,
			0.0,
			0.0,
			0.003152471734210849,
			0.0,
			0.0,
			0.0,
			-0.0030086443293839693
		]
	},
	"layer_1": {
		"weight_0": [
			[
				-0.37656188011169434,
				-0.33300304412841797,
				0.48599112033843994,
				-0.22237718105316162,
				0.15810060501098633,
				0.21786820888519287,
				-0.22092032432556152,
				-0.2838672399520874
			],
			[
				-0.4633767604827881,
				0.3788273334503174,
				-0.21523058414459229,
				0.1110994815826416,
				0.3632744550704956,
				0.21902883052825928,
				0.3207125663757324,
				-0.06487584114074707
			],
			[
				0.0022476911544799805,
				0.13146936893463135,
				0.17822861671447754,
				0.2363438606262207,
				-0.43388116359710693,
				0.20209896564483643,
				0.4412468671798706,
				0.2377474308013916
			],
			[
				0.307012677192688,
				0.4187968969345093,
				-0.10349416732788086,
				0.184926375746727,
				-0.2303069829940796,
				-0.08882787078619003,
				-0.45426756143569946,
				0.31078407168388367
			],
			[
				0.4852104187011719,
				0.30221235752105713,
				-0.14702188968658447,
				0.12837958335876465,
				-0.18318653106689453,
				-0.45030009746551514,
				0.07559597492218018,
				-0.30062806606292725
			],
			[
				0.4376990795135498,
				-0.06044721603393555,
				0.18587327003479004,
				-0.2168799787759781,
				0.3059978485107422,
				0.05424106866121292,
				-0.331515908241272,
				0.1350218951702118
			],
			[
				0.03134215995669365,
				-0.27140605449676514,
				0.3804316520690918,
				0.1387629359960556,
				-0.06280505657196045,
				0.12430918216705322,
				-0.11313214898109436,
				0.2728908061981201
			],
			[
				0.3682706356048584,
				0.44456493854522705,
				-0.11277103424072266,
				-0.39838337898254395,
				-0.33828091621398926,
				-0.186201810836792,
				0.3107961416244507,
				0.21380174160003662
			],
			[
				0.4623414874076843,
				-0.07185351848602295,
				-0.18079280853271484,
				0.2011631578207016,
				0.17367732524871826,
				0.46780285239219666,
				0.06763553619384766,
				-0.3547828197479248
			],
			[
				-0.43179190158843994,
				0.10715687274932861,
				-0.2170175313949585,
				0.41410624980926514,
				-0.42353808879852295,
				0.1638331413269043,
				0.4398038387298584,
				0.041991233825683594
			],
			[
				0.12233901023864746,
				0.2809314727783203,
				0.08895885944366455,
				-0.1698305606842041,
				-0.06572139263153076,
				-0.3037714958190918,
				0.1869899034500122,
				0.38719046115875244
			],
			[
				-0.024991022422909737,
				-0.09722650051116943,
				-0.141731858253479,
				-0.40048372745513916,
				-0.18597674369812012,
				0.18902157247066498,
				0.4369664490222931,
				0.4712633788585663
			],
			[
				0.43500638008117676,
				-0.3554215431213379,
				-0.4403735399246216,
				-0.47385215759277344,
				-0.4793410301208496,
				0.13516902923583984,
				-0.20976746082305908,
				0.0660543441772461
			],
			[
				-0.038236260414123535,
				-0.35318052768707275,
				0.3018054962158203,
				0.24402248859405518,
				-0.4118008613586426,
				0.0675119161605835,
				0.3120760917663574,
				-0.30566835403442383
			],
			[
				0.2734537124633789,
				-0.04489696025848389,
				0.17324256896972656,
				-0.20303642749786377,
				-0.30500221252441406,
				-0.45651161670684814,
				0.11923158168792725,
				-0.28903627395629883
			],
			[
				0.15171021223068237,
				-0.2639235258102417,
				0.26916444301605225,
				0.36850619316101074,
				-0.019569754600524902,
				-0.3360181748867035,
				0.263510137796402,
				0.28707167506217957
			]
		],
		"weight_1": [
			-0.0030716636683791876,
			0.0,
			0.0,
			-0.003162277629598975,
			0.0,
			0.002988397376611829,
			0.003122978378087282,
			-0.0011899175588041544
		]
	},
	"layer_2": {
		"weight_0": [
			[
				0.2895253896713257,
				-0.18885114789009094,
				0.1515997052192688,
				0.6505975127220154
			],
			[
				-0.46838197112083435,
				0.11982297897338867,
				-0.580003023147583,
				-0.002437293529510498
			],
			[
				-0.3750362992286682,
				-0.6771910786628723,
				0.662239134311676,
				0.26403969526290894
			],
			[
				-0.43038657307624817,
				-0.5186518430709839,
				0.3400443196296692,
				0.5610585808753967
			],
			[
				0.643803060054779,
				0.015434503555297852,
				-0.6412966251373291,
				0.40429824590682983
			],
			[
				-0.6755778789520264,
				0.374429315328598,
				-0.28500795364379883,
				-0.6951833367347717
			],
			[
				-0.26743844151496887,
				0.07182372361421585,
				-0.27841582894325256,
				-0.6120973825454712
			],
			[
				-0.5617023706436157,
				-0.19368401169776917,
				-0.1939869523048401,
				0.020935462787747383
			]
		],
		"weight_1": [
			0.0,
			-0.0031622769311070442,
			0.0,
			-0.003162277629598975
		]
	},
	"layer_3": {
		"weight_0": [
			[
				0.4638173580169678
			],
			[
				-1.0830738544464111
			],
			[
				0.439342737197876
			],
			[
				-0.9341647624969482
			]
		],
		"weight_1": [
			2.3638505935668945
		]
	}
}