{
	"layer_0": {
		"weight_0": 0.0,
		"weight_1": 1.0,
		"weight_2": -1
	},
	"layer_1": {
		"weight_0": [
			0.23119835555553436,
			0.37373605370521545,
			0.0,
			0.4156215190887451,
			0.0,
			0.0,
			0.5350353121757507,
			0.6739360690116882,
			0.0,
			0.0,
			0.6970129609107971,
			0.4642893671989441,
			0.5899462699890137,
			-0.0981219932436943,
			0.5855023860931396,
			0.4939602017402649
		],
		"weight_1": [
			[
				0.6603297591209412,
				0.8064672350883484,
				-0.38002434372901917,
				0.6478328108787537,
				-0.1340101659297943,
				-0.5152225494384766,
				1.3990070819854736,
				1.1759206056594849,
				-0.20889699459075928,
				-0.24373316764831543,
				1.507680058479309,
				0.830567479133606,
				1.9844462871551514,
				0.16431377828121185,
				0.6196057200431824,
				1.3049782514572144
			],
			[
				-1.4344905614852905,
				-1.8713663816452026,
				-0.4563406705856323,
				-1.3743311166763306,
				-0.21670305728912354,
				-0.29256927967071533,
				-0.4404013156890869,
				-0.6244019865989685,
				-0.4006693959236145,
				-0.4409584403038025,
				-0.7793428301811218,
				-1.7672770023345947,
				-0.2503148913383484,
				-0.5230363011360168,
				-0.2543005347251892,
				-0.10629887878894806
			]
		],
		"weight_2": -1,
		"weight_3": -1.9844462871551514,
		"weight_4": 1.9844462871551514,
		"weight_5": -0.5658519268035889,
		"weight_6": 2.6384456157684326
	},
	"layer_2": {
		"weight_0": [
			0.4922201633453369,
			0.5469352602958679,
			0.6264657974243164,
			0.40023502707481384,
			0.5139812231063843,
			-0.010477317497134209,
			0.5390772819519043,
			0.0
		],
		"weight_1": [
			[
				1.898408055305481,
				1.2097764015197754,
				1.0854710340499878,
				1.5221699476242065,
				1.042933464050293,
				-0.42227500677108765,
				1.3691359758377075,
				-0.19192326068878174
			],
			[
				1.8692282438278198,
				2.101348876953125,
				1.6941795349121094,
				1.8088247776031494,
				2.0999865531921387,
				-0.167362779378891,
				1.4107228517532349,
				-0.3447936773300171
			],
			[
				-0.19749367237091064,
				0.10586273670196533,
				0.42271196842193604,
				-0.014493584632873535,
				-0.00029349327087402344,
				0.4412599802017212,
				0.4813976287841797,
				0.3704413175582886
			],
			[
				1.5171586275100708,
				0.9286385178565979,
				1.5553414821624756,
				1.5850229263305664,
				1.2778098583221436,
				-0.35155603289604187,
				0.9163666367530823,
				0.09922134876251221
			],
			[
				-0.2106020450592041,
				-0.2535914182662964,
				-0.32863450050354004,
				0.42498695850372314,
				0.016666769981384277,
				-0.3836784362792969,
				0.3331493139266968,
				0.3392045497894287
			],
			[
				-0.2880975008010864,
				-0.17714476585388184,
				0.40411365032196045,
				-0.1441504955291748,
				0.41028928756713867,
				0.27858710289001465,
				-0.06022083759307861,
				-0.16106140613555908
			],
			[
				0.5319920778274536,
				0.8255218863487244,
				0.5229119062423706,
				0.6565697193145752,
				0.27632755041122437,
				-0.08131935447454453,
				0.2155178040266037,
				0.1434413194656372
			],
			[
				0.6786661744117737,
				1.1483650207519531,
				1.2737531661987305,
				0.5127109289169312,
				0.5863378643989563,
				-0.48085159063339233,
				1.1208854913711548,
				-0.42861640453338623
			],
			[
				0.1988542079925537,
				-0.43671655654907227,
				0.14109528064727783,
				-0.04603898525238037,
				-0.14442050457000732,
				0.3403027057647705,
				-0.243211030960083,
				-0.42129695415496826
			],
			[
				0.33766257762908936,
				-0.4490867853164673,
				0.4515247344970703,
				0.41755378246307373,
				-0.1384422779083252,
				0.16715013980865479,
				-0.2650071382522583,
				0.23294532299041748
			],
			[
				1.1584792137145996,
				1.3196439743041992,
				0.5326535701751709,
				0.9470876455307007,
				1.1706587076187134,
				0.4234926402568817,
				1.1489794254302979,
				-0.4930514097213745
			],
			[
				2.04585337638855,
				1.9153281450271606,
				1.8284907341003418,
				1.748121738433838,
				1.3337873220443726,
				-0.4878748655319214,
				1.3329493999481201,
				0.3707449436187744
			],
			[
				-0.19685982167720795,
				0.64451664686203,
				0.752499520778656,
				0.3368823528289795,
				0.2913745641708374,
				0.11797560006380081,
				0.6550201773643494,
				-0.1507474184036255
			],
			[
				-0.16668100655078888,
				-0.19236642122268677,
				0.5674238801002502,
				0.04490610957145691,
				-0.424211710691452,
				0.4049169719219208,
				-0.031349603086709976,
				0.20962989330291748
			],
			[
				0.12748320400714874,
				0.14028239250183105,
				0.44069549441337585,
				0.08760160207748413,
				0.19923023879528046,
				-0.21811413764953613,
				-0.004398711957037449,
				-0.43363523483276367
			],
			[
				0.01636590249836445,
				0.5070722103118896,
				-0.2461427003145218,
				-0.035006217658519745,
				0.06196187436580658,
				-0.327825665473938,
				-0.1927720159292221,
				-0.16105294227600098
			]
		],
		"weight_2": -1,
		"weight_3": -2.1018261909484863,
		"weight_4": 2.1018261909484863,
		"weight_5": -0.5658519268035889,
		"weight_6": 12.819103240966797
	},
	"layer_3": {
		"weight_0": [
			0.5585914850234985,
			0.0,
			0.14130036532878876,
			-0.1120440885424614
		],
		"weight_1": [
			[
				1.265783429145813,
				-0.41316503286361694,
				-0.3110588490962982,
				0.5223423838615417
			],
			[
				1.3898890018463135,
				-0.06391668319702148,
				0.041326917707920074,
				0.2833629250526428
			],
			[
				1.2427053451538086,
				-0.19234251976013184,
				0.408123642206192,
				-0.2983987033367157
			],
			[
				0.9329227209091187,
				-0.14224189519882202,
				0.06660434603691101,
				-0.36126193404197693
			],
			[
				1.0286633968353271,
				-0.07030028104782104,
				0.15955008566379547,
				0.3213290572166443
			],
			[
				-0.5235645174980164,
				-0.5555644035339355,
				-0.396601140499115,
				0.03174483776092529
			],
			[
				0.9602755308151245,
				0.15556824207305908,
				-0.10143730044364929,
				-0.6547021269798279
			],
			[
				-0.48819977045059204,
				0.32890814542770386,
				-0.32874152064323425,
				-0.16726398468017578
			]
		],
		"weight_2": -1,
		"weight_3": -1.3916798830032349,
		"weight_4": 1.3916798830032349,
		"weight_5": -0.5658519268035889,
		"weight_6": 63.59830856323242
	},
	"layer_4": {
		"weight_0": [
			0.5541179776191711
		],
		"weight_1": [
			[
				1.8643243312835693
			],
			[
				0.8868393898010254
			],
			[
				-1.2829622030258179
			],
			[
				-1.029006838798523
			]
		],
		"weight_2": -1,
		"weight_3": -1.8659799098968506,
		"weight_4": 1.8659799098968506,
		"weight_5": -0.5658519268035889,
		"weight_6": 81.27925872802734
	}
}