{
	"layer_0": {
		"weight_0": [
			[
				0.473766028881073,
				-1.2295787334442139,
				1.6482418775558472,
				3.51322340965271,
				2.1848552227020264,
				0.2314566820859909,
				3.2788960933685303,
				0.02601250447332859,
				1.0872808694839478,
				1.781416416168213,
				-0.21024474501609802,
				-0.3581887483596802,
				0.47617724537849426,
				-2.0205607414245605,
				0.5987594127655029,
				1.8152402639389038
			],
			[
				-1.7530878782272339,
				-0.9338095784187317,
				0.31595638394355774,
				-0.6429199576377869,
				-0.3522942364215851,
				-0.4048285484313965,
				1.070549726486206,
				-0.2279028743505478,
				-7.350844383239746,
				-0.35708415508270264,
				-0.42603087425231934,
				-0.3747090697288513,
				0.08589126914739609,
				-0.3658338189125061,
				-3.11356520652771,
				0.295077383518219
			]
		],
		"weight_1": [
			0.6139832735061646,
			1.2067878246307373,
			0.1135547012090683,
			0.6023814082145691,
			0.5335263609886169,
			0.34014371037483215,
			0.033629510551691055,
			0.7365657687187195,
			0.23188017308712006,
			0.37027254700660706,
			0.0,
			0.0,
			0.4167322516441345,
			0.654423713684082,
			0.3954494893550873,
			0.44548022747039795
		]
	},
	"layer_1": {
		"weight_0": [
			[
				-0.2629700303077698,
				-0.30110517144203186,
				1.4078675508499146,
				0.6128647327423096,
				0.35453474521636963,
				-0.2818979322910309,
				0.096023328602314,
				1.3147863149642944
			],
			[
				-1.2771639823913574,
				-0.5770947933197021,
				-0.3722306489944458,
				0.15073448419570923,
				0.11841939389705658,
				1.4117037057876587,
				0.3005593419075012,
				-0.45294153690338135
			],
			[
				0.6139026284217834,
				0.336021363735199,
				0.6429236531257629,
				0.5117050409317017,
				-0.1397162526845932,
				0.06151696294546127,
				0.326410710811615,
				0.17994821071624756
			],
			[
				0.322529673576355,
				0.8809335231781006,
				0.9373906850814819,
				1.0263959169387817,
				0.01763344369828701,
				0.1210709661245346,
				-0.3297574818134308,
				0.9617817997932434
			],
			[
				0.9491574764251709,
				0.5177544355392456,
				1.43903648853302,
				1.4573321342468262,
				-0.44680482149124146,
				-0.4085003435611725,
				-0.1773635894060135,
				1.5533344745635986
			],
			[
				0.290518194437027,
				-0.24702909588813782,
				0.03192611411213875,
				0.011814877390861511,
				-0.0893944650888443,
				0.29345545172691345,
				-0.09573964774608612,
				0.58782559633255
			],
			[
				1.0972111225128174,
				0.8035762310028076,
				0.4115590751171112,
				0.3410789668560028,
				0.14409691095352173,
				-0.22544224560260773,
				0.07392356544733047,
				1.005683422088623
			],
			[
				0.025706248357892036,
				-0.6171108484268188,
				0.3029506206512451,
				-0.09416036307811737,
				0.050972193479537964,
				0.24784117937088013,
				-0.4236733913421631,
				0.38518932461738586
			],
			[
				0.8939463496208191,
				1.7358529567718506,
				3.7414069175720215,
				3.3683547973632812,
				0.3113018274307251,
				-4.45597505569458,
				-0.10375557094812393,
				4.114137649536133
			],
			[
				0.245175302028656,
				0.30351781845092773,
				1.097800374031067,
				0.8425559401512146,
				-0.44227442145347595,
				-0.27452003955841064,
				-0.008188900537788868,
				0.8466327786445618
			],
			[
				0.18467724323272705,
				0.11077666282653809,
				0.020208358764648438,
				0.33586692810058594,
				0.3487943410873413,
				0.14845991134643555,
				-0.49138152599334717,
				-0.37874364852905273
			],
			[
				0.46803951263427734,
				-0.2204345464706421,
				-0.16083300113677979,
				-0.26564884185791016,
				-0.2817254066467285,
				0.3034707307815552,
				-0.3471343517303467,
				-0.05740547180175781
			],
			[
				0.13281047344207764,
				-0.09455682337284088,
				0.4989778697490692,
				0.4815784692764282,
				-0.5214846134185791,
				-0.010075604543089867,
				0.25556889176368713,
				0.038695983588695526
			],
			[
				-1.2011243104934692,
				-0.4646337032318115,
				-1.2297453880310059,
				-1.2420759201049805,
				-0.24112507700920105,
				1.0414236783981323,
				-0.06057335436344147,
				-1.025602102279663
			],
			[
				-0.7359501123428345,
				-0.32653746008872986,
				1.4122425317764282,
				1.6052265167236328,
				-0.31004905700683594,
				-1.1742254495620728,
				0.11428061127662659,
				1.0618873834609985
			],
			[
				0.9202502369880676,
				0.24049091339111328,
				0.20581495761871338,
				0.3123927414417267,
				0.3744581639766693,
				0.40788519382476807,
				-0.31602874398231506,
				0.9073897004127502
			]
		],
		"weight_1": [
			-0.243626207113266,
			-0.7270994186401367,
			0.5120381116867065,
			0.4437744915485382,
			-0.02845609374344349,
			0.34824299812316895,
			-0.05917459726333618,
			0.5459765195846558
		]
	},
	"layer_2": {
		"weight_0": [
			[
				-2.094270944595337,
				0.5611767172813416,
				-1.2803698778152466,
				1.6875643730163574
			],
			[
				-1.8686813116073608,
				-0.029392899945378304,
				-1.9919995069503784,
				1.76138174533844
			],
			[
				1.0771925449371338,
				-0.4659702479839325,
				1.6230252981185913,
				0.40056851506233215
			],
			[
				1.516169786453247,
				-0.3985233008861542,
				1.8020367622375488,
				-0.8169151544570923
			],
			[
				0.009467782452702522,
				-0.05639582872390747,
				0.37066271901130676,
				-0.2452227920293808
			],
			[
				-1.9888700246810913,
				0.40582963824272156,
				-2.767895460128784,
				2.4425368309020996
			],
			[
				-0.315358966588974,
				0.41848617792129517,
				0.05299120023846626,
				-0.6226650476455688
			],
			[
				1.277720332145691,
				-0.2530268430709839,
				1.7213207483291626,
				0.04841122403740883
			]
		],
		"weight_1": [
			0.5227356553077698,
			-0.1746489554643631,
			0.5349873900413513,
			0.3952891528606415
		]
	},
	"layer_3": {
		"weight_0": [
			[
				2.6156399250030518
			],
			[
				-0.8447407484054565
			],
			[
				2.4568567276000977
			],
			[
				-2.6417977809906006
			]
		],
		"weight_1": [
			0.5352576375007629
		]
	}
}