{
	"layer_0": {
		"weight_0": [
			[
				-0.2839658260345459,
				-0.5071544051170349,
				0.7905173301696777,
				-0.19432911276817322,
				0.10444550961256027,
				-0.14351963996887207,
				0.3910682201385498,
				0.3091203570365906,
				0.4870620667934418,
				0.08472800254821777,
				0.27836140990257263,
				0.13433058559894562,
				0.2733207046985626,
				0.1794871985912323,
				0.2174268215894699,
				-0.2080443650484085
			],
			[
				-0.37830907106399536,
				-0.28559160232543945,
				0.6197140216827393,
				-0.15581366419792175,
				-0.26862138509750366,
				0.8333139419555664,
				0.2539542317390442,
				0.07650816440582275,
				-0.23376592993736267,
				-0.049565814435482025,
				0.8172352910041809,
				0.5276491641998291,
				0.6594998836517334,
				0.31560012698173523,
				0.6661680936813354,
				0.47211217880249023
			]
		],
		"weight_1": [
			0.0,
			0.0,
			0.23835277557373047,
			0.0,
			-0.07229940593242645,
			0.3236939311027527,
			0.3100755214691162,
			0.14168860018253326,
			0.245737686753273,
			-0.08101457357406616,
			0.3188307583332062,
			0.31668955087661743,
			0.3156408965587616,
			0.3267558217048645,
			0.31707966327667236,
			0.32167017459869385
		]
	},
	"layer_1": {},
	"layer_2": {
		"weight_0": [
			[
				0.3120166063308716,
				-0.2021801471710205,
				0.12991905212402344,
				-0.3457207679748535,
				-0.2884659767150879,
				-0.2756732702255249,
				-0.20260918140411377,
				-0.310396671295166
			],
			[
				-0.17957890033721924,
				-0.2740180492401123,
				-0.48000359535217285,
				-0.28767943382263184,
				-0.2926114797592163,
				0.3075023889541626,
				0.2830308675765991,
				0.32305896282196045
			],
			[
				0.23253504931926727,
				0.2887600064277649,
				-0.45391976833343506,
				0.6383453011512756,
				-0.1112985759973526,
				0.13192375004291534,
				-0.08043846487998962,
				0.5397003889083862
			],
			[
				0.06699132919311523,
				-0.31748318672180176,
				0.4733140468597412,
				-0.04806947708129883,
				-0.1389174461364746,
				0.24010813236236572,
				0.15724658966064453,
				0.4774794578552246
			],
			[
				-0.1389838457107544,
				-0.15734007954597473,
				0.293365478515625,
				-0.21470658481121063,
				0.0509185791015625,
				-0.40722721815109253,
				0.06644201278686523,
				-0.09415851533412933
			],
			[
				-0.013395427726209164,
				0.7679975032806396,
				-0.34067559242248535,
				0.1437474936246872,
				0.5068338513374329,
				0.3787398934364319,
				0.14372479915618896,
				0.5337897539138794
			],
			[
				-0.48472779989242554,
				0.46013855934143066,
				-0.13156282901763916,
				0.6685081720352173,
				0.4210718274116516,
				-0.133205384016037,
				-0.31290319561958313,
				0.35941728949546814
			],
			[
				-0.3534461259841919,
				-0.16354073584079742,
				0.4686473608016968,
				0.50883549451828,
				0.33215567469596863,
				-0.024838007986545563,
				-0.2728463113307953,
				0.10790526866912842
			],
			[
				0.07456213980913162,
				0.13593503832817078,
				-0.31590116024017334,
				0.12107162922620773,
				0.26977041363716125,
				0.7688977122306824,
				-0.11856091022491455,
				0.22665098309516907
			],
			[
				0.13985475897789001,
				-0.18870723247528076,
				-0.11490130424499512,
				-0.052408766001462936,
				-0.02188185416162014,
				-0.14629346132278442,
				-0.3901965916156769,
				-0.3014661371707916
			],
			[
				0.059930700808763504,
				0.5603154897689819,
				-0.2276846170425415,
				0.24288830161094666,
				0.5446455478668213,
				0.5824480652809143,
				-0.022482844069600105,
				0.4974304735660553
			],
			[
				-0.3837040662765503,
				0.22962187230587006,
				-0.11103212833404541,
				0.7260285019874573,
				0.3497421443462372,
				0.19158737361431122,
				0.06590091437101364,
				0.09978043287992477
			],
			[
				-0.2988874018192291,
				0.7857930064201355,
				-0.13333451747894287,
				-0.06011062115430832,
				0.7752173542976379,
				0.8133368492126465,
				-0.13330186903476715,
				0.20408736169338226
			],
			[
				-0.4003451466560364,
				0.48388805985450745,
				0.2294626235961914,
				0.5112559795379639,
				0.5138083696365356,
				0.45347344875335693,
				-0.3438724875450134,
				0.0407339408993721
			],
			[
				0.35860371589660645,
				0.6253979802131653,
				-0.3909722566604614,
				0.527455747127533,
				0.7255334258079529,
				-0.11849459260702133,
				0.18794843554496765,
				-0.07197359949350357
			],
			[
				0.037063658237457275,
				-0.05324321240186691,
				-0.42642784118652344,
				0.5274487137794495,
				0.8040979504585266,
				0.4015016555786133,
				0.012003174051642418,
				0.8014751076698303
			]
		],
		"weight_1": [
			-0.0275616105645895,
			0.31008946895599365,
			0.0,
			0.301909476518631,
			0.30671262741088867,
			0.31798070669174194,
			-0.02018708549439907,
			0.30336853861808777
		]
	},
	"layer_3": {},
	"layer_4": {
		"weight_0": [
			[
				-0.0093874866142869,
				-0.653350830078125,
				-0.18971341848373413,
				-0.11729049682617188
			],
			[
				-0.6412885785102844,
				-0.25166016817092896,
				0.455774188041687,
				0.5100651383399963
			],
			[
				0.1654454469680786,
				0.4086971879005432,
				-0.5173799991607666,
				-0.022714436054229736
			],
			[
				0.07811722159385681,
				-0.2934187650680542,
				-0.5494704246520996,
				0.8022348880767822
			],
			[
				0.5702278017997742,
				0.2834179997444153,
				-0.18160408735275269,
				0.9585246443748474
			],
			[
				-0.3416946232318878,
				-0.19910895824432373,
				0.2583443820476532,
				0.9140240550041199
			],
			[
				-0.2854236662387848,
				-0.012051641941070557,
				0.08921705186367035,
				-0.25852495431900024
			],
			[
				-0.1968396157026291,
				-0.3583672344684601,
				-0.609352171421051,
				0.4653647243976593
			]
		],
		"weight_1": [
			-0.005174812860786915,
			0.0,
			-0.003939492627978325,
			0.2979497015476227
		]
	},
	"layer_5": {},
	"layer_6": {
		"weight_0": [
			[
				-0.8873233795166016
			],
			[
				0.3575834035873413
			],
			[
				-0.8347210884094238
			],
			[
				2.9550833702087402
			]
		],
		"weight_1": [
			2.357501983642578
		]
	}
}