{
	"layer_0": {
		"weight_0": [
			[
				-0.3030032217502594,
				0.9630746841430664,
				0.5618968605995178,
				0.5074299573898315,
				0.3652733564376831,
				0.6261700987815857,
				0.43602776527404785,
				0.8734534382820129,
				-0.18346306681632996,
				1.0336276292800903,
				0.7382146716117859,
				0.3758388161659241,
				0.15686802566051483,
				-0.03962516784667969,
				0.5270219445228577,
				0.9644871950149536
			],
			[
				-0.39360910654067993,
				0.012556133791804314,
				0.34144192934036255,
				-1.9182387590408325,
				-1.974929690361023,
				-1.658715009689331,
				-0.2834131717681885,
				-0.5059608221054077,
				-0.4817141890525818,
				-0.6452853679656982,
				-0.14262208342552185,
				0.7939069271087646,
				-0.27405989170074463,
				-0.061339378356933594,
				0.009170671924948692,
				-0.5646756291389465
			]
		],
		"weight_1": [
			0.0,
			0.4834102690219879,
			0.3461351692676544,
			0.3267799913883209,
			0.3780314326286316,
			0.36014026403427124,
			0.2100779116153717,
			0.4829409122467041,
			0.0,
			0.5176067352294922,
			0.4677411913871765,
			0.46918174624443054,
			0.4933689832687378,
			0.0,
			0.4781135022640228,
			0.49858903884887695
		]
	},
	"layer_1": {
		"weight_0": [
			[
				0.22975826263427734,
				0.2726098299026489,
				-0.191078782081604,
				0.14058434963226318,
				-0.040477752685546875,
				-0.21127104759216309,
				-0.10353994369506836,
				-0.16181731224060059
			],
			[
				0.4211289882659912,
				0.2617814540863037,
				-0.30796730518341064,
				0.1101331040263176,
				0.25913405418395996,
				-0.15388178825378418,
				0.13389943540096283,
				0.24452459812164307
			],
			[
				-0.21099287271499634,
				0.1633424609899521,
				0.45917487144470215,
				0.26328495144844055,
				-0.4033263027667999,
				0.031215302646160126,
				-0.08461642265319824,
				-0.05236874148249626
			],
			[
				1.589980959892273,
				0.2758830189704895,
				0.28110063076019287,
				1.606034278869629,
				1.1189481019973755,
				1.3372970819473267,
				1.9632498025894165,
				1.809792160987854
			],
			[
				1.9475765228271484,
				-0.5696471929550171,
				0.08642411231994629,
				1.4030613899230957,
				1.3746916055679321,
				1.3593978881835938,
				1.373044729232788,
				1.8542629480361938
			],
			[
				1.3767015933990479,
				-0.15394356846809387,
				-0.45067036151885986,
				1.5810080766677856,
				1.0289887189865112,
				0.8796430230140686,
				1.221420168876648,
				1.1827261447906494
			],
			[
				-0.17330801486968994,
				0.14376337826251984,
				-0.07031762599945068,
				-0.03037409856915474,
				-0.21707633137702942,
				0.33286958932876587,
				0.5536875128746033,
				-0.013269495218992233
			],
			[
				0.8743414282798767,
				-0.5410661697387695,
				-0.3474595546722412,
				0.4088951647281647,
				0.8408264517784119,
				0.13765288889408112,
				0.7553895115852356,
				0.5918952226638794
			],
			[
				0.2828482389450073,
				0.33559978008270264,
				-0.0006172657012939453,
				0.3981766700744629,
				0.19716501235961914,
				-0.48594772815704346,
				-0.10249781608581543,
				-0.06346547603607178
			],
			[
				1.2178473472595215,
				0.2095395177602768,
				0.4052121639251709,
				0.7734328508377075,
				1.1090924739837646,
				0.8508467078208923,
				0.5056568384170532,
				0.36826321482658386
			],
			[
				-0.30137383937835693,
				-0.03804969787597656,
				-0.3819706439971924,
				-0.1628064513206482,
				0.5690690875053406,
				0.4388059675693512,
				-0.1313069760799408,
				-0.20720945298671722
			],
			[
				-0.5663589239120483,
				-0.40028247237205505,
				-0.2708272933959961,
				-0.4645254909992218,
				0.11594511568546295,
				-0.2289595603942871,
				-0.02807922661304474,
				-0.3039619028568268
			],
			[
				0.28366175293922424,
				-0.5355397462844849,
				-0.1493462324142456,
				0.729907214641571,
				0.3755154311656952,
				0.3787161409854889,
				0.508287250995636,
				0.4499853253364563
			],
			[
				0.04162025451660156,
				0.020071744918823242,
				0.0795520544052124,
				-0.2854427099227905,
				-0.15112769603729248,
				-0.46730363368988037,
				0.2622939348220825,
				0.2593194246292114
			],
			[
				0.04594174399971962,
				-0.37288138270378113,
				-0.18773126602172852,
				-0.10622315108776093,
				0.05180593580007553,
				0.5010355114936829,
				0.08092205226421356,
				0.5195367932319641
			],
			[
				0.49820902943611145,
				0.27672430872917175,
				0.2808494567871094,
				1.1520379781723022,
				0.9577056765556335,
				0.8121511936187744,
				1.1428844928741455,
				1.0124108791351318
			]
		],
		"weight_1": [
			0.48845285177230835,
			-0.08686885982751846,
			0.0,
			0.47797080874443054,
			0.46238192915916443,
			0.4706632196903229,
			0.46444520354270935,
			0.4716588258743286
		]
	},
	"layer_2": {
		"weight_0": [
			[
				1.4038255214691162,
				-0.4019957482814789,
				1.0445524454116821,
				1.129416823387146
			],
			[
				-0.4730580449104309,
				0.34360238909721375,
				0.018661484122276306,
				-0.19394364953041077
			],
			[
				0.7005043625831604,
				-0.360233336687088,
				0.0564083456993103,
				0.3641698956489563
			],
			[
				1.2501310110092163,
				0.5421226620674133,
				1.1592075824737549,
				0.5745677351951599
			],
			[
				0.9715338349342346,
				-0.3883276879787445,
				1.1898244619369507,
				0.41324305534362793
			],
			[
				1.2573087215423584,
				-0.23673945665359497,
				1.0298476219177246,
				1.2480738162994385
			],
			[
				0.40443816781044006,
				0.062327295541763306,
				1.1766844987869263,
				1.1471835374832153
			],
			[
				1.1637083292007446,
				0.3911606967449188,
				1.2146440744400024,
				0.3406480848789215
			]
		],
		"weight_1": [
			0.4845845699310303,
			-0.07645393908023834,
			0.4540115296840668,
			0.4713543653488159
		]
	},
	"layer_3": {
		"weight_0": [
			[
				0.8634839057922363
			],
			[
				-0.13475240767002106
			],
			[
				1.6957224607467651
			],
			[
				1.0035654306411743
			]
		],
		"weight_1": [
			0.4504525661468506
		]
	}
}