{
	"layer_0": {
		"weight_0": 0.0,
		"weight_1": 1.0,
		"weight_2": -1
	},
	"layer_1": {
		"weight_0": [
			0.5013523697853088,
			0.8446002006530762,
			-0.008527036756277084,
			-0.006250337231904268,
			0.8295584917068481,
			0.8313353061676025,
			0.674748420715332,
			0.5343764424324036,
			0.0,
			0.0,
			0.8573058247566223,
			0.5235425233840942,
			0.839190661907196,
			0.820625364780426,
			0.08922253549098969,
			0.8428897857666016
		],
		"weight_1": [
			[
				0.6043290495872498,
				1.2560895681381226,
				0.03636255860328674,
				0.025066744536161423,
				1.9640780687332153,
				1.9019955396652222,
				0.4100620448589325,
				1.3433951139450073,
				-0.13343283534049988,
				-0.4266669750213623,
				1.7950475215911865,
				1.2738194465637207,
				1.8059258460998535,
				1.7430013418197632,
				0.5946181416511536,
				1.9758824110031128
			],
			[
				-1.515509009361267,
				-0.46150389313697815,
				-0.23090961575508118,
				-0.14843444526195526,
				-0.8100425601005554,
				-0.35923442244529724,
				0.8852867484092712,
				-2.038256883621216,
				-0.5496364235877991,
				-0.2813143730163574,
				-0.40799498558044434,
				-1.8969974517822266,
				-0.3301052749156952,
				-0.6411236524581909,
				0.14519253373146057,
				-0.3354921340942383
			]
		],
		"weight_2": -1,
		"weight_3": -2.0382609367370605,
		"weight_4": 2.0382609367370605,
		"weight_5": -0.5658519268035889,
		"weight_6": 2.9963719844818115
	},
	"layer_2": {
		"weight_0": [
			-0.10166606307029724,
			0.8280837535858154,
			-0.0031622773967683315,
			-0.03299356997013092,
			0.0,
			0.8067671656608582,
			0.8613143563270569,
			0.04415912553668022
		],
		"weight_1": [
			[
				0.11511629074811935,
				1.2109332084655762,
				-0.39944279193878174,
				-0.32664725184440613,
				-0.4903146028518677,
				0.8249236941337585,
				0.5105067491531372,
				0.08594678342342377
			],
			[
				0.3973602056503296,
				0.6577968597412109,
				-0.058782219886779785,
				0.2741212546825409,
				-0.31416916847229004,
				0.10772942751646042,
				0.8039072155952454,
				-0.0056673078797757626
			],
			[
				0.03689942508935928,
				-0.08631786704063416,
				-0.2853018641471863,
				0.22936832904815674,
				0.2428300380706787,
				0.1531917005777359,
				-0.17249661684036255,
				0.22794902324676514
			],
			[
				0.43669477105140686,
				0.3529236316680908,
				-0.05506026744842529,
				-0.3665808439254761,
				-0.14068055152893066,
				-0.3877003788948059,
				-0.475749671459198,
				-0.14249002933502197
			],
			[
				-0.33906617760658264,
				1.2984672784805298,
				-0.27269959449768066,
				-0.33119577169418335,
				-0.3245779275894165,
				0.7784239053726196,
				1.7457424402236938,
				0.19974304735660553
			],
			[
				-0.29110947251319885,
				0.45629623532295227,
				0.1328934282064438,
				0.15674395859241486,
				-0.40437066555023193,
				0.890781819820404,
				1.0305594205856323,
				-0.1657361090183258
			],
			[
				0.9495688676834106,
				-0.22623178362846375,
				-0.15595006942749023,
				-0.48418867588043213,
				-0.34991133213043213,
				-0.29271021485328674,
				0.15129739046096802,
				0.5622292160987854
			],
			[
				-1.0242507457733154,
				1.586005687713623,
				0.46880006790161133,
				0.4057111442089081,
				-0.21347177028656006,
				1.9984785318374634,
				1.8611947298049927,
				-0.6391049027442932
			],
			[
				0.3311421871185303,
				0.40417158603668213,
				0.4363492727279663,
				-0.1296534538269043,
				0.20236647129058838,
				-0.40884482860565186,
				0.15291881561279297,
				-0.45641636848449707
			],
			[
				-0.3771646022796631,
				0.49351823329925537,
				0.24782812595367432,
				0.09995079040527344,
				-0.1556386947631836,
				-0.4484715461730957,
				0.25560593605041504,
				-0.06623005867004395
			],
			[
				0.533812940120697,
				0.8239896893501282,
				0.35664689540863037,
				0.25406017899513245,
				-0.2261887788772583,
				0.7988463044166565,
				0.6214320659637451,
				0.48525872826576233
			],
			[
				-0.8476794362068176,
				1.601067066192627,
				-0.23366059362888336,
				-0.19262360036373138,
				0.34277212619781494,
				1.564946174621582,
				1.570739984512329,
				-0.10143477469682693
			],
			[
				0.4525071382522583,
				0.44783270359039307,
				-0.07802917063236237,
				0.12735556066036224,
				0.1505495309829712,
				0.25477278232574463,
				0.35496607422828674,
				0.18544051051139832
			],
			[
				-0.5198515057563782,
				1.2110648155212402,
				-0.27765440940856934,
				-0.10874121636152267,
				0.18578720092773438,
				1.2248493432998657,
				0.8654863238334656,
				-0.3091645836830139
			],
			[
				-0.7360519170761108,
				0.09833253920078278,
				-0.03037572279572487,
				0.1382766216993332,
				-0.27959227561950684,
				0.8478630781173706,
				0.3066379129886627,
				-0.5003882050514221
			],
			[
				0.6668604612350464,
				0.47603869438171387,
				-0.14716161787509918,
				-0.237248495221138,
				-0.36256909370422363,
				0.36272138357162476,
				0.7234943509101868,
				-0.3208734095096588
			]
		],
		"weight_2": -1,
		"weight_3": -1.9984785318374634,
		"weight_4": 1.9984785318374634,
		"weight_5": -0.5658519268035889,
		"weight_6": 20.066848754882812
	},
	"layer_3": {
		"weight_0": [
			0.8261093497276306,
			0.061165422201156616,
			0.0,
			0.0
		],
		"weight_1": [
			[
				-1.9827516078948975,
				1.0588889122009277,
				0.02964305877685547,
				-0.2941150367259979
			],
			[
				1.4666736125946045,
				-0.13073702156543732,
				-0.5925202965736389,
				-0.1286669373512268
			],
			[
				-0.35414421558380127,
				0.27036553621292114,
				0.04720449447631836,
				-0.29994967579841614
			],
			[
				-0.6220844388008118,
				0.6317561268806458,
				0.33696943521499634,
				0.19059616327285767
			],
			[
				0.5591686367988586,
				0.28223299980163574,
				-0.6471993923187256,
				-0.35726770758628845
			],
			[
				1.2053089141845703,
				-0.3955894112586975,
				-0.518852949142456,
				-0.050657451152801514
			],
			[
				1.6246737241744995,
				0.4021332561969757,
				-0.27058327198028564,
				0.0076105594635009766
			],
			[
				-0.9535183310508728,
				-0.06575611233711243,
				0.5835117697715759,
				0.13506072759628296
			]
		],
		"weight_2": -1,
		"weight_3": -1.9823379516601562,
		"weight_4": 1.9823379516601562,
		"weight_5": -0.5658519268035889,
		"weight_6": 66.43074798583984
	},
	"layer_4": {
		"weight_0": [
			0.8174808621406555
		],
		"weight_1": [
			[
				1.5637571811676025
			],
			[
				-1.208239197731018
			],
			[
				-0.39246582984924316
			],
			[
				0.6258082389831543
			]
		],
		"weight_2": -1,
		"weight_3": -1.560981035232544,
		"weight_4": 1.560981035232544,
		"weight_5": -0.5658519268035889,
		"weight_6": 70.07557678222656
	}
}