{
	"layer_0": {
		"weight_0": [
			[
				-0.13797616958618164,
				-4.29770565032959,
				1.002611756324768,
				-0.2239188551902771,
				0.14108139276504517,
				1.8883004188537598,
				-0.4633411765098572,
				-0.7018583416938782,
				0.013203012757003307,
				-0.3168613910675049,
				0.06005226820707321,
				2.5424346923828125,
				1.982627272605896,
				0.260615736246109,
				0.32415106892585754,
				-0.46895337104797363
			],
			[
				-0.26008185744285583,
				2.088367462158203,
				-2.8680918216705322,
				-0.3423807621002197,
				0.028243955224752426,
				-0.4655526578426361,
				3.861772060394287,
				-0.7696818709373474,
				-0.27714648842811584,
				-0.5579620003700256,
				-0.42077505588531494,
				-0.17613615095615387,
				-0.225049689412117,
				0.2287166565656662,
				-0.7334948778152466,
				-0.1683846414089203
			]
		],
		"weight_1": [
			0.0,
			0.2763808071613312,
			0.899774432182312,
			0.0,
			1.6668717861175537,
			0.6129337549209595,
			0.08414778858423233,
			1.4752038717269897,
			-0.002944112755358219,
			0.0,
			-0.008873877115547657,
			0.4849099814891815,
			0.33045560121536255,
			1.5577021837234497,
			-0.22457444667816162,
			0.0
		]
	},
	"layer_1": {
		"weight_0": [
			[
				-0.05044066905975342,
				-0.4246402978897095,
				0.4263709783554077,
				-0.031960129737854004,
				-0.46412014961242676,
				0.034757375717163086,
				0.32770252227783203,
				-0.41125190258026123
			],
			[
				1.6546063423156738,
				-4.453941822052002,
				-0.054572492837905884,
				-1.577003002166748,
				-1.0395885705947876,
				2.9992592334747314,
				-0.1943804770708084,
				-3.586496591567993
			],
			[
				-0.6391558647155762,
				1.712723731994629,
				1.3171932697296143,
				1.6053845882415771,
				1.6679569482803345,
				-0.7921671867370605,
				1.0794095993041992,
				1.473889708518982
			],
			[
				0.4002314805984497,
				0.12596476078033447,
				0.2570013999938965,
				0.4877653121948242,
				-0.2907276153564453,
				0.22783887386322021,
				0.08336925506591797,
				-0.08572995662689209
			],
			[
				0.7485421299934387,
				-0.18086443841457367,
				0.47007468342781067,
				-0.20333050191402435,
				0.2151060253381729,
				0.7242101430892944,
				1.1077202558517456,
				0.2774508595466614
			],
			[
				0.21714235842227936,
				0.08193722367286682,
				-1.0652939081192017,
				0.6559678316116333,
				0.7913662195205688,
				0.6146500110626221,
				1.246232032775879,
				0.05306755751371384
			],
			[
				3.499178886413574,
				-3.309983968734741,
				-0.348776638507843,
				-1.2503693103790283,
				-0.028449909761548042,
				4.304177761077881,
				-0.06929359585046768,
				-3.0723979473114014
			],
			[
				-0.5337620377540588,
				0.6806433200836182,
				1.1916905641555786,
				1.0145400762557983,
				1.1151371002197266,
				0.7682595252990723,
				0.8645731210708618,
				0.9596107006072998
			],
			[
				0.2626579999923706,
				0.07819780707359314,
				-0.08708310127258301,
				0.03244756534695625,
				0.14623777568340302,
				-0.07418060302734375,
				0.07007230073213577,
				-0.4518212378025055
			],
			[
				-0.2900044918060303,
				-0.035420894622802734,
				0.12744295597076416,
				-0.279299259185791,
				-0.18480348587036133,
				-0.00676572322845459,
				-0.19979143142700195,
				0.32460272312164307
			],
			[
				-0.14571785926818848,
				-0.38915395736694336,
				-0.39053380489349365,
				-0.4804626405239105,
				-0.326231986284256,
				0.23918414115905762,
				-0.047076981514692307,
				-0.07904207706451416
			],
			[
				0.7757800221443176,
				-0.4802369177341461,
				-1.2437084913253784,
				0.12629269063472748,
				0.7316771149635315,
				0.07255419343709946,
				0.24866782128810883,
				0.23855818808078766
			],
			[
				0.08170878142118454,
				0.11002712696790695,
				-1.4445997476577759,
				0.34972700476646423,
				0.632041871547699,
				0.40863388776779175,
				1.3829076290130615,
				-0.09755837917327881
			],
			[
				0.30022138357162476,
				-0.22302621603012085,
				0.2664651870727539,
				0.5202261209487915,
				0.9738417863845825,
				0.7495119571685791,
				0.3273926079273224,
				-0.19792044162750244
			],
			[
				-0.12254126369953156,
				-0.12535415589809418,
				-0.08600914478302002,
				-0.17181260883808136,
				0.4983247220516205,
				-0.42125287652015686,
				0.16634267568588257,
				-0.08544140309095383
			],
			[
				0.13081645965576172,
				-0.2875192165374756,
				0.18031704425811768,
				-0.408847451210022,
				0.3293088674545288,
				-0.33434903621673584,
				0.31952548027038574,
				-0.2650876045227051
			]
		],
		"weight_1": [
			-0.14708250761032104,
			0.654786229133606,
			0.7489304542541504,
			1.1214790344238281,
			0.6479960680007935,
			0.0050782994367182255,
			0.758845865726471,
			0.8620908260345459
		]
	},
	"layer_2": {
		"weight_0": [
			[
				-0.25355392694473267,
				-3.184054374694824,
				0.48496532440185547,
				0.8995189070701599
			],
			[
				2.585875988006592,
				1.9896372556686401,
				-2.5008208751678467,
				0.8599000573158264
			],
			[
				-1.5892983675003052,
				-0.137046679854393,
				2.143559455871582,
				-2.2468812465667725
			],
			[
				1.5387276411056519,
				1.5982595682144165,
				-0.3987653851509094,
				-0.17724354565143585
			],
			[
				1.2001382112503052,
				0.41013458371162415,
				-0.17670397460460663,
				0.43316152691841125
			],
			[
				-0.03675544261932373,
				-2.645655632019043,
				1.048864722251892,
				0.9215015769004822
			],
			[
				1.4443449974060059,
				-0.0960121601819992,
				0.053040970116853714,
				0.08248602598905563
			],
			[
				2.3056325912475586,
				1.930585503578186,
				-0.28974130749702454,
				0.14231529831886292
			]
		],
		"weight_1": [
			0.8611931800842285,
			0.4519765079021454,
			1.375571370124817,
			0.4963005483150482
		]
	},
	"layer_3": {
		"weight_0": [
			[
				2.117896795272827
			],
			[
				4.506496429443359
			],
			[
				-2.0571577548980713
			],
			[
				2.0411267280578613
			]
		],
		"weight_1": [
			0.16452696919441223
		]
	}
}