{
	"layer_0": {
		"weight_0": [
			[
				-0.3205292224884033,
				-0.2543928623199463,
				-0.0508115291595459,
				0.4666452705860138,
				-0.3873513638973236,
				0.8514389395713806,
				0.658671498298645,
				0.663368284702301,
				1.2312535047531128,
				0.4704864025115967,
				-0.5430513620376587,
				1.5910900831222534,
				0.9253210425376892,
				1.5480235815048218,
				0.49636250734329224,
				0.8587612509727478
			],
			[
				-0.46883705258369446,
				-0.4892827868461609,
				-0.274288535118103,
				-4.043085098266602,
				-0.49557027220726013,
				-0.04711548984050751,
				-1.771629810333252,
				-3.0026094913482666,
				-0.6656785607337952,
				-0.5497353672981262,
				-0.3434346318244934,
				-0.537179172039032,
				-0.6382209062576294,
				-0.24304820597171783,
				-3.6904056072235107,
				-0.5041846036911011
			]
		],
		"weight_1": [
			0.0,
			0.0,
			0.0,
			0.161130890250206,
			0.0,
			1.0781190395355225,
			0.6408981680870056,
			0.45472392439842224,
			0.7295622229576111,
			0.7875936627388,
			0.0,
			0.6681686639785767,
			0.8928148746490479,
			0.7245645523071289,
			0.25979965925216675,
			0.6825751662254333
		]
	},
	"layer_1": {},
	"layer_2": {
		"weight_0": [
			[
				-0.25641632080078125,
				0.03667294979095459,
				0.3391982316970825,
				-0.11528468132019043,
				0.37913477420806885,
				-0.16515874862670898,
				0.41813361644744873,
				-0.13311076164245605
			],
			[
				0.014970183372497559,
				0.09600687026977539,
				0.21403837203979492,
				-0.3170679807662964,
				0.01869058609008789,
				0.012185811996459961,
				0.3188709020614624,
				0.2832740545272827
			],
			[
				0.38405418395996094,
				0.09070754051208496,
				0.16239166259765625,
				0.21506667137145996,
				-0.06413066387176514,
				-0.1978815793991089,
				-0.05338871479034424,
				-0.15634989738464355
			],
			[
				0.40912169218063354,
				4.947168350219727,
				-0.0649084746837616,
				4.414412975311279,
				4.471940517425537,
				4.700355052947998,
				4.351902008056641,
				-4.600636959075928
			],
			[
				0.30471837520599365,
				-0.41617846488952637,
				0.06056773662567139,
				-0.1725701093673706,
				0.012302398681640625,
				0.08314716815948486,
				-0.3831092119216919,
				-0.2532463073730469
			],
			[
				-0.5578623414039612,
				0.5518252849578857,
				-0.24131515622138977,
				-0.27541661262512207,
				-0.46847328543663025,
				0.507610023021698,
				0.33265039324760437,
				0.4027062952518463
			],
			[
				-0.24874278903007507,
				1.5822826623916626,
				0.28305962681770325,
				1.7222481966018677,
				1.682621955871582,
				1.6622947454452515,
				1.9910024404525757,
				-0.5602362155914307
			],
			[
				-0.26228633522987366,
				2.8599066734313965,
				0.2844664454460144,
				2.8789749145507812,
				2.519061326980591,
				2.221794366836548,
				2.453467845916748,
				-1.336525559425354
			],
			[
				-0.21110856533050537,
				1.2964787483215332,
				0.3445274531841278,
				1.6260513067245483,
				0.9539545774459839,
				1.4427850246429443,
				0.8118896484375,
				-0.09182392060756683
			],
			[
				0.16530539095401764,
				0.4452205300331116,
				-0.03585563600063324,
				-0.18072481453418732,
				0.06500965356826782,
				0.0875086784362793,
				0.4358678460121155,
				0.350362092256546
			],
			[
				-0.15806615352630615,
				-0.4279181957244873,
				0.12162399291992188,
				0.3822052478790283,
				0.4549903869628906,
				0.0784611701965332,
				-0.41991305351257324,
				-0.09459102153778076
			],
			[
				-0.18321479856967926,
				0.6646290421485901,
				-0.015037554316222668,
				0.9842308759689331,
				1.0874990224838257,
				1.0601669549942017,
				0.7295352816581726,
				-0.018339786678552628
			],
			[
				0.1930716633796692,
				1.2322845458984375,
				-0.11227171123027802,
				0.2310495525598526,
				0.9346765875816345,
				0.5380733609199524,
				0.48343801498413086,
				0.8115341663360596
			],
			[
				0.3407351076602936,
				0.9179248809814453,
				-0.30677470564842224,
				0.7879533171653748,
				0.554940938949585,
				0.848558247089386,
				0.872882068157196,
				0.39851823449134827
			],
			[
				-0.5342376232147217,
				3.207667112350464,
				0.1402340680360794,
				3.8704917430877686,
				3.4843251705169678,
				4.009583473205566,
				3.275092601776123,
				-2.546668291091919
			],
			[
				0.11989175528287888,
				1.2240206003189087,
				-0.24890057742595673,
				0.36734744906425476,
				0.9770389795303345,
				0.6925560235977173,
				0.28261324763298035,
				0.45184794068336487
			]
		],
		"weight_1": [
			-0.07920695841312408,
			0.8229870796203613,
			-0.10892865061759949,
			0.6955066919326782,
			0.6307758688926697,
			0.726635754108429,
			0.5984671711921692,
			0.2732042074203491
		]
	},
	"layer_3": {},
	"layer_4": {
		"weight_0": [
			[
				0.6531242728233337,
				-0.5760352611541748,
				-0.32507380843162537,
				0.33559489250183105
			],
			[
				-0.22077986598014832,
				-0.061586882919073105,
				1.3095691204071045,
				0.44931623339653015
			],
			[
				-0.43468186259269714,
				-0.5655455589294434,
				-0.48272401094436646,
				0.42953720688819885
			],
			[
				-0.4094579815864563,
				0.5210076570510864,
				1.8826266527175903,
				0.08171527832746506
			],
			[
				0.5251112580299377,
				0.04360220953822136,
				1.5461968183517456,
				-0.29293209314346313
			],
			[
				-0.4732281565666199,
				-0.6169417500495911,
				1.4519264698028564,
				0.1710411012172699
			],
			[
				-0.46127551794052124,
				0.08637326210737228,
				1.6668537855148315,
				-0.5121704339981079
			],
			[
				0.0858352780342102,
				0.16488826274871826,
				-2.351900577545166,
				2.2235233783721924
			]
		],
		"weight_1": [
			0.0,
			-0.03871344029903412,
			0.6894444823265076,
			0.2697182297706604
		]
	},
	"layer_5": {},
	"layer_6": {
		"weight_0": [
			[
				-0.9014567732810974
			],
			[
				-1.054640531539917
			],
			[
				1.6900010108947754
			],
			[
				-2.2198076248168945
			]
		],
		"weight_1": [
			0.6848208904266357
		]
	}
}