{
	"layer_0": {
		"weight_0": [
			[
				0.6654783487319946,
				0.35427188873291016,
				0.126429483294487,
				0.6304002404212952,
				0.23208142817020416,
				0.996105432510376,
				0.5274518728256226,
				0.07564020901918411,
				0.7471161484718323,
				-0.1309080421924591,
				0.08764445781707764,
				0.5721084475517273,
				-0.29900676012039185,
				-0.04165610298514366,
				0.03656129166483879,
				0.7378987669944763
			],
			[
				0.6952189803123474,
				0.7050747275352478,
				0.4802074432373047,
				0.1245667114853859,
				0.6343885660171509,
				-2.9120594263076782e-05,
				-0.0821632519364357,
				0.6353542804718018,
				0.45671162009239197,
				-0.24967032670974731,
				0.7029595375061035,
				0.1734534502029419,
				0.4890819787979126,
				0.5314406156539917,
				0.4242498576641083,
				0.26317325234413147
			]
		],
		"weight_1": [
			0.4496060907840729,
			0.4448584318161011,
			0.432449609041214,
			0.43630731105804443,
			0.44125276803970337,
			0.43764880299568176,
			0.4319566786289215,
			0.44342121481895447,
			0.43233707547187805,
			0.0,
			0.44404464960098267,
			0.14280995726585388,
			0.10731159895658493,
			0.44084224104881287,
			0.29521456360816956,
			0.24443523585796356
		]
	},
	"layer_1": {},
	"layer_2": {
		"weight_0": [
			[
				0.42498454451560974,
				-0.08133024722337723,
				-0.10943987220525742,
				0.12267649173736572,
				0.19879402220249176,
				0.544884979724884,
				0.5321754217147827,
				-0.28336721658706665
			],
			[
				0.4165942966938019,
				0.28621673583984375,
				-0.5106700658798218,
				-0.3706071376800537,
				0.31972020864486694,
				0.8029712438583374,
				0.9232591986656189,
				0.3065921366214752
			],
			[
				0.36749839782714844,
				-0.4193115234375,
				-0.041162990033626556,
				-0.3139585256576538,
				0.7303405404090881,
				0.18066591024398804,
				0.3412955105304718,
				-0.3746313750743866
			],
			[
				0.598196268081665,
				-0.45413410663604736,
				0.2957920730113983,
				-0.43365728855133057,
				0.375781774520874,
				0.010400373488664627,
				0.5433192849159241,
				0.1675310879945755
			],
			[
				0.6662523150444031,
				-0.30884093046188354,
				0.3603646755218506,
				0.038384318351745605,
				0.06098727509379387,
				0.44951331615448,
				0.7922520637512207,
				-0.22810091078281403
			],
			[
				0.824262797832489,
				0.11349986493587494,
				-0.06942583620548248,
				-0.09539616107940674,
				-0.22879669070243835,
				0.14060261845588684,
				0.35328221321105957,
				-0.24238711595535278
			],
			[
				0.7062532305717468,
				0.2683221697807312,
				-0.33249154686927795,
				0.4269968271255493,
				0.2683994174003601,
				-0.16749295592308044,
				0.6120778322219849,
				0.4542721211910248
			],
			[
				0.43158310651779175,
				-0.3741558790206909,
				0.4412981867790222,
				-0.23061919212341309,
				0.41894322633743286,
				0.6995023488998413,
				0.7765263915061951,
				0.0526648573577404
			],
			[
				0.5224181413650513,
				0.38749709725379944,
				-0.4354212284088135,
				0.08884704113006592,
				0.5119684338569641,
				0.20665539801120758,
				0.5895410180091858,
				-0.035307418555021286
			],
			[
				0.08264327049255371,
				-0.30466699600219727,
				0.44332313537597656,
				-0.4834185838699341,
				0.25517094135284424,
				-0.03569495677947998,
				-0.09753036499023438,
				-0.4843038320541382
			],
			[
				0.19849781692028046,
				0.006611657794564962,
				0.4207308292388916,
				0.32960963249206543,
				0.6232489347457886,
				0.15604741871356964,
				0.6590264439582825,
				0.2561558783054352
			],
			[
				0.17939592897891998,
				-0.3565513491630554,
				0.19077201187610626,
				-0.2963099479675293,
				0.3323098421096802,
				0.6126542687416077,
				0.0890301838517189,
				0.3722929358482361
			],
			[
				0.471655011177063,
				0.1897784024477005,
				-0.4591633379459381,
				-0.29756414890289307,
				-0.12902361154556274,
				0.3150874674320221,
				0.007968100719153881,
				-0.3600830137729645
			],
			[
				0.4972284138202667,
				0.10597410053014755,
				-0.22910185158252716,
				-0.4601261615753174,
				0.7138379812240601,
				-0.17310528457164764,
				0.8211890459060669,
				0.13636082410812378
			],
			[
				0.443040132522583,
				-0.06537830829620361,
				-0.29991471767425537,
				-0.13969922065734863,
				0.1258479654788971,
				0.706098198890686,
				0.2925878167152405,
				-0.07172361761331558
			],
			[
				0.7675562500953674,
				-0.04959394037723541,
				0.3228239417076111,
				-0.047072410583496094,
				-0.2604767978191376,
				0.6396133899688721,
				0.18659120798110962,
				-0.35383903980255127
			]
		],
		"weight_1": [
			0.422566682100296,
			-0.08902924507856369,
			-0.022108865901827812,
			0.0,
			0.2085578739643097,
			0.28910747170448303,
			0.4335702359676361,
			-0.04472796246409416
		]
	},
	"layer_3": {},
	"layer_4": {
		"weight_0": [
			[
				-0.5022735595703125,
				0.9781752228736877,
				0.40770530700683594,
				0.2328597903251648
			],
			[
				-0.17706936597824097,
				0.16243229806423187,
				-0.15812502801418304,
				-0.13489001989364624
			],
			[
				-0.4553685486316681,
				-0.3110252618789673,
				-0.5449092984199524,
				0.16370779275894165
			],
			[
				0.5225974917411804,
				0.3748862147331238,
				0.4506189227104187,
				0.34945136308670044
			],
			[
				-0.4069864749908447,
				0.8520051836967468,
				-0.13025715947151184,
				0.6044908165931702
			],
			[
				-0.6092367172241211,
				-0.0789940133690834,
				0.6072124242782593,
				0.4991092383861542
			],
			[
				-0.5059464573860168,
				0.4119897186756134,
				0.9079676270484924,
				0.9381308555603027
			],
			[
				-0.34908968210220337,
				-0.6409807801246643,
				0.14092788100242615,
				0.3215099275112152
			]
		],
		"weight_1": [
			0.0,
			0.33106404542922974,
			0.4338947534561157,
			0.33590370416641235
		]
	},
	"layer_5": {},
	"layer_6": {
		"weight_0": [
			[
				-0.9533869028091431
			],
			[
				3.233003616333008
			],
			[
				2.7588939666748047
			],
			[
				3.044290065765381
			]
		],
		"weight_1": [
			2.1123812198638916
		]
	}
}