{
	"layer_0": {
		"weight_0": 0.0,
		"weight_1": 1.0,
		"weight_2": -1
	},
	"layer_1": {
		"weight_0": [
			1.1334497928619385,
			0.946963369846344,
			-0.23729245364665985,
			0.9740802049636841,
			0.0,
			1.0667200088500977,
			0.24088512361049652,
			0.9186890125274658,
			0.9797903895378113,
			0.0,
			0.0,
			1.0166438817977905,
			1.061987042427063,
			1.0905280113220215,
			0.0,
			0.29928258061408997
		],
		"weight_1": [
			[
				0.94833904504776,
				1.29396390914917,
				-0.0252009816467762,
				1.9847195148468018,
				-0.3951658010482788,
				1.2581084966659546,
				-0.49307772517204285,
				1.4918209314346313,
				0.6892972588539124,
				-0.1442069411277771,
				-0.43278610706329346,
				1.476373314857483,
				0.8876128792762756,
				1.3815386295318604,
				-0.06515103578567505,
				-0.48053106665611267
			],
			[
				0.24850307404994965,
				-0.8577203154563904,
				0.23007485270500183,
				-0.14178714156150818,
				-0.214824378490448,
				0.07756098359823227,
				1.7997162342071533,
				-0.37065160274505615,
				-0.08504866808652878,
				-0.029038190841674805,
				-0.41036540269851685,
				-0.349962443113327,
				-0.24549813568592072,
				0.5025185942649841,
				-0.42493876814842224,
				1.6676499843597412
			]
		],
		"weight_2": -1,
		"weight_3": -1.9847195148468018,
		"weight_4": 1.9847195148468018,
		"weight_5": -0.5658519268035889,
		"weight_6": 3.1128311157226562
	},
	"layer_2": {
		"weight_0": [
			-0.1930796355009079,
			0.0,
			-0.24798955023288727,
			0.0,
			0.9526041150093079,
			0.8338525295257568,
			1.0297679901123047,
			1.0950373411178589
		],
		"weight_1": [
			[
				0.6838832497596741,
				-0.1426624059677124,
				0.8200797438621521,
				-0.366543173789978,
				0.14061936736106873,
				0.17304226756095886,
				0.6679744124412537,
				0.9178831577301025
			],
			[
				-0.215404212474823,
				-0.2230750322341919,
				0.082759790122509,
				-0.12086319923400879,
				1.4379240274429321,
				1.2226284742355347,
				1.4809718132019043,
				1.1343045234680176
			],
			[
				-0.2167794555425644,
				0.3116668462753296,
				-0.23686495423316956,
				0.10700905323028564,
				-0.18714286386966705,
				-0.2550514340400696,
				-0.2429967075586319,
				-0.20059670507907867
			],
			[
				0.061516035348176956,
				-0.028928279876708984,
				0.22136802971363068,
				-0.48791003227233887,
				0.8639737367630005,
				0.8083919882774353,
				0.7778182029724121,
				0.9526093602180481
			],
			[
				0.15416717529296875,
				-0.31167733669281006,
				-0.13534998893737793,
				0.03679919242858887,
				0.36314570903778076,
				-0.20679724216461182,
				-0.3645666837692261,
				-0.29276788234710693
			],
			[
				0.5437264442443848,
				-0.4958540201187134,
				0.5694434642791748,
				-0.011299371719360352,
				0.6393184661865234,
				0.7787429690361023,
				0.3151816725730896,
				0.5110012292861938
			],
			[
				1.4877912998199463,
				-0.38983142375946045,
				1.665728211402893,
				-0.08133375644683838,
				-1.4508007764816284,
				-1.7774784564971924,
				-1.305755376815796,
				-1.3019232749938965
			],
			[
				-0.0047752512618899345,
				-0.2413332462310791,
				0.3417547345161438,
				0.01074528694152832,
				0.5390327572822571,
				0.7121866941452026,
				0.4061337411403656,
				1.2828785181045532
			],
			[
				0.24630509316921234,
				-0.061163902282714844,
				0.1574610322713852,
				-0.14089703559875488,
				0.8414316773414612,
				-0.026817986741662025,
				0.1480415016412735,
				0.05999750643968582
			],
			[
				0.13909661769866943,
				-0.3827486038208008,
				-0.49137866497039795,
				-0.04443538188934326,
				-0.007141470909118652,
				-0.4834752082824707,
				-0.49656713008880615,
				0.2432570457458496
			],
			[
				0.35389769077301025,
				0.19745385646820068,
				0.02734982967376709,
				0.4634246826171875,
				-0.4654167890548706,
				0.18540608882904053,
				-0.45966219902038574,
				0.47328710556030273
			],
			[
				0.44891294836997986,
				-0.4373072385787964,
				0.022685205563902855,
				0.35989856719970703,
				0.8314879536628723,
				0.4667041599750519,
				0.5721905827522278,
				1.3121966123580933
			],
			[
				0.30211514234542847,
				-0.3283191919326782,
				0.530305802822113,
				-0.13580679893493652,
				1.1698322296142578,
				0.06234195455908775,
				0.47196829319000244,
				0.6390216946601868
			],
			[
				0.8321219682693481,
				-0.3006613254547119,
				0.4819248914718628,
				-0.41404402256011963,
				0.05898823216557503,
				0.15478651225566864,
				0.7830087542533875,
				0.48670801520347595
			],
			[
				0.2086426019668579,
				0.21984684467315674,
				-0.02093827724456787,
				-0.09796011447906494,
				-0.056806325912475586,
				-0.01194000244140625,
				0.12337791919708252,
				-0.3272148370742798
			],
			[
				1.9845104217529297,
				-0.020027756690979004,
				1.7828757762908936,
				0.000496983528137207,
				-1.3146226406097412,
				-1.4495997428894043,
				-0.8650578260421753,
				-1.2461533546447754
			]
		],
		"weight_2": -1,
		"weight_3": -1.9845104217529297,
		"weight_4": 1.9845104217529297,
		"weight_5": -0.5658519268035889,
		"weight_6": 15.820684432983398
	},
	"layer_3": {
		"weight_0": [
			0.6417728662490845,
			0.08475146442651749,
			0.1885109692811966,
			1.004425048828125
		],
		"weight_1": [
			[
				1.3326236009597778,
				0.31623032689094543,
				0.3454258441925049,
				-1.6741198301315308
			],
			[
				0.2094365954399109,
				-0.3815540671348572,
				0.17266637086868286,
				-0.10739856958389282
			],
			[
				1.2873637676239014,
				0.6104730367660522,
				0.35891783237457275,
				-1.437555193901062
			],
			[
				0.4696890711784363,
				0.03755927085876465,
				-0.6823721528053284,
				-0.3850448429584503
			],
			[
				0.008084012195467949,
				-0.29291465878486633,
				-0.8648121356964111,
				1.3260422945022583
			],
			[
				-0.4202549159526825,
				0.11386971175670624,
				-0.9988755583763123,
				1.0179333686828613
			],
			[
				0.2110745757818222,
				-0.572136640548706,
				-0.39615878462791443,
				0.9853482246398926
			],
			[
				0.514234721660614,
				-0.6574078798294067,
				0.17375075817108154,
				1.2400537729263306
			]
		],
		"weight_2": -1,
		"weight_3": -1.6727252006530762,
		"weight_4": 1.6727252006530762,
		"weight_5": -0.5658519268035889,
		"weight_6": 42.37621307373047
	},
	"layer_4": {
		"weight_0": [
			1.3392293453216553
		],
		"weight_1": [
			[
				1.1361539363861084
			],
			[
				-1.0083194971084595
			],
			[
				-1.7758333683013916
			],
			[
				1.9987051486968994
			]
		],
		"weight_2": -1,
		"weight_3": -1.9987051486968994,
		"weight_4": 1.9987051486968994,
		"weight_5": -0.5658519268035889,
		"weight_6": 78.36219787597656
	}
}