{
	"layer_0": {
		"weight_0": 0.0,
		"weight_1": 1.0,
		"weight_2": -1
	},
	"layer_1": {
		"weight_0": [
			0.6629016995429993,
			0.7475119233131409,
			0.6674560904502869,
			0.45268428325653076,
			-0.009341739118099213,
			0.46972477436065674,
			-0.16604728996753693,
			0.7568944692611694,
			-0.03605830669403076,
			0.40133512020111084,
			0.38730692863464355,
			0.0,
			-0.05195306986570358,
			-0.26883363723754883,
			0.0,
			0.6873653531074524
		],
		"weight_1": [
			[
				1.2778581380844116,
				1.515228033065796,
				0.8504049777984619,
				0.8664500117301941,
				-0.5542590618133545,
				1.3563206195831299,
				0.45916175842285156,
				1.618652105331421,
				-0.3990307152271271,
				0.3932419419288635,
				0.5629319548606873,
				-0.2767122983932495,
				0.11754710972309113,
				0.2852509021759033,
				-0.015580415725708008,
				1.579122543334961
			],
			[
				-0.20734921097755432,
				-0.1351342499256134,
				-0.4355902671813965,
				-1.9906837940216064,
				0.003925692290067673,
				-0.4049883782863617,
				0.012698022648692131,
				-0.7741696238517761,
				0.030724039301276207,
				0.6535736918449402,
				-1.640426754951477,
				-0.058105647563934326,
				-0.5222127437591553,
				-0.16393253207206726,
				-0.44799602031707764,
				-0.19391372799873352
			]
		],
		"weight_2": -1,
		"weight_3": -1.9906837940216064,
		"weight_4": 1.9906837940216064,
		"weight_5": -0.5658519268035889,
		"weight_6": 2.5649380683898926
	},
	"layer_2": {
		"weight_0": [
			0.6879667639732361,
			0.6757358312606812,
			-0.1588880568742752,
			0.6583704948425293,
			-0.002922643907368183,
			0.6656777262687683,
			0.6441177129745483,
			0.6600996851921082
		],
		"weight_1": [
			[
				0.6753089427947998,
				0.1254296600818634,
				0.5775070190429688,
				0.11758013069629669,
				0.09910406172275543,
				0.005063272546976805,
				0.5040848851203918,
				0.2446404993534088
			],
			[
				0.2963665723800659,
				-0.22109737992286682,
				0.5439274907112122,
				0.26672816276550293,
				0.5800567865371704,
				0.6582263708114624,
				0.19541552662849426,
				0.5936036705970764
			],
			[
				0.451680064201355,
				-0.016336968168616295,
				0.6006669998168945,
				0.2288682609796524,
				0.4162507653236389,
				0.573161244392395,
				0.30403363704681396,
				0.8094984292984009
			],
			[
				1.5661613941192627,
				2.012721061706543,
				-1.5079216957092285,
				2.0187084674835205,
				-0.6833730340003967,
				2.0192553997039795,
				1.5183197259902954,
				1.9624414443969727
			],
			[
				0.0216597318649292,
				0.25830233097076416,
				-0.021224040538072586,
				-0.1072750836610794,
				0.2419893592596054,
				0.1795104295015335,
				-0.40028804540634155,
				-0.08164969831705093
			],
			[
				0.3027113378047943,
				0.37056174874305725,
				-0.24443092942237854,
				0.6774084568023682,
				-0.28227537870407104,
				0.24712353944778442,
				0.5115101337432861,
				0.43717220425605774
			],
			[
				-0.01767057552933693,
				-0.9049099683761597,
				0.5714779496192932,
				-0.9365886449813843,
				0.25459927320480347,
				-0.023765435442328453,
				-0.8050670027732849,
				-0.4970889687538147
			],
			[
				1.4419375658035278,
				1.4864228963851929,
				-0.7989761233329773,
				1.2049721479415894,
				-0.460567444562912,
				1.0379213094711304,
				0.8433434367179871,
				0.8046870231628418
			],
			[
				-0.13035672903060913,
				0.17388491332530975,
				0.3776859641075134,
				0.10945568978786469,
				0.38278961181640625,
				0.3562581539154053,
				-0.2571393847465515,
				-0.011582990176975727
			],
			[
				-0.18914851546287537,
				-0.19569924473762512,
				1.0263928174972534,
				-0.2686071991920471,
				0.4781744182109833,
				-0.14643150568008423,
				-0.1563500463962555,
				0.31588423252105713
			],
			[
				1.426873803138733,
				1.613875150680542,
				-0.3796272873878479,
				1.0474563837051392,
				-0.3517710268497467,
				1.5998456478118896,
				1.7439298629760742,
				1.3614073991775513
			],
			[
				0.18466925621032715,
				-0.2635610103607178,
				0.1688603162765503,
				-0.3084714412689209,
				0.09952843189239502,
				0.16701960563659668,
				0.3403681516647339,
				0.3191955089569092
			],
			[
				0.5349870920181274,
				-0.2238457351922989,
				-0.16277694702148438,
				-0.26086661219596863,
				-0.2917180061340332,
				-0.32291704416275024,
				0.14990530908107758,
				0.053193703293800354
			],
			[
				-0.18994750082492828,
				0.362255334854126,
				0.43721941113471985,
				-0.2530054450035095,
				-0.11668452620506287,
				-0.13097022473812103,
				-0.12081646919250488,
				-0.12912939488887787
			],
			[
				0.19963693618774414,
				0.43400585651397705,
				-0.42710041999816895,
				-0.0011860132217407227,
				0.3934347629547119,
				-0.2807203531265259,
				-0.31820714473724365,
				0.4325437545776367
			],
			[
				0.05607723817229271,
				0.3409420847892761,
				0.21462464332580566,
				0.7959261536598206,
				0.0799977257847786,
				0.4150765836238861,
				0.6807032227516174,
				0.3232436180114746
			]
		],
		"weight_2": -1,
		"weight_3": -2.020552635192871,
		"weight_4": 2.020552635192871,
		"weight_5": -0.5658519268035889,
		"weight_6": 9.332984924316406
	},
	"layer_3": {
		"weight_0": [
			0.6738311648368835,
			0.6667841076850891,
			-0.02695426531136036,
			0.003969031851738691
		],
		"weight_1": [
			[
				0.22002266347408295,
				1.2340378761291504,
				-0.6199030876159668,
				0.555456817150116
			],
			[
				1.583912968635559,
				1.0054197311401367,
				0.43369513750076294,
				0.409956693649292
			],
			[
				-1.559631586074829,
				-1.963657259941101,
				-0.1879505217075348,
				0.7315236330032349
			],
			[
				1.4350913763046265,
				1.5479353666305542,
				0.045647796243429184,
				0.1311388462781906
			],
			[
				-0.8333662152290344,
				-0.9557443857192993,
				-0.46762484312057495,
				0.5263083577156067
			],
			[
				0.36308178305625916,
				1.2108969688415527,
				0.1582755148410797,
				0.13976359367370605
			],
			[
				0.6204302310943604,
				0.9400917291641235,
				-0.3320554196834564,
				-0.666618824005127
			],
			[
				0.8673759698867798,
				1.110145092010498,
				-0.09338407963514328,
				-0.5277775526046753
			]
		],
		"weight_2": -1,
		"weight_3": -1.9638679027557373,
		"weight_4": 1.9638679027557373,
		"weight_5": -0.5658519268035889,
		"weight_6": 52.21156692504883
	},
	"layer_4": {
		"weight_0": [
			0.6556681394577026
		],
		"weight_1": [
			[
				1.061290979385376
			],
			[
				1.4203591346740723
			],
			[
				-0.6625048518180847
			],
			[
				-1.1300969123840332
			]
		],
		"weight_2": -1,
		"weight_3": -1.4213018417358398,
		"weight_4": 1.4213018417358398,
		"weight_5": -0.5658519268035889,
		"weight_6": 87.21195983886719
	}
}