{
	"layer_0": {
		"weight_0": 0.0,
		"weight_1": 1.0,
		"weight_2": -1
	},
	"layer_1": {
		"weight_0": [
			0.8085666298866272,
			-0.009756435640156269,
			0.6356222033500671,
			0.0,
			0.7742742896080017,
			0.18238477408885956,
			1.809553623199463,
			-0.15115177631378174,
			-0.09995409101247787,
			-0.009315486066043377,
			-0.1722548007965088,
			0.8394485712051392,
			-0.019274912774562836,
			0.0,
			0.0,
			0.7333069443702698
		],
		"weight_1": [
			[
				0.7937362194061279,
				0.2771584987640381,
				1.8150664567947388,
				-0.5751845836639404,
				1.7623313665390015,
				3.2473905086517334,
				-1.9240424633026123,
				-0.20064802467823029,
				0.1161288395524025,
				-0.511438250541687,
				0.006074045784771442,
				-3.141068935394287,
				0.04552942141890526,
				-0.3404700458049774,
				-0.477880597114563,
				2.271951675415039
			],
			[
				-1.7180449962615967,
				4.021429061889648,
				1.7152904272079468,
				-0.10862469673156738,
				-4.110644817352295,
				-2.6015665531158447,
				0.3876836597919464,
				0.1800083965063095,
				-0.19399628043174744,
				0.003055401612073183,
				0.16241875290870667,
				1.2079336643218994,
				-0.2926860749721527,
				-0.3705897331237793,
				-0.02194875478744507,
				-0.17606008052825928
			]
		],
		"weight_2": -1,
		"weight_3": -4.110007286071777,
		"weight_4": 4.110007286071777,
		"weight_5": -1.0344233678196528e-30,
		"weight_6": 4.143956661224365
	},
	"layer_2": {
		"weight_0": [
			-0.05588620901107788,
			-0.273734986782074,
			1.1146031618118286,
			1.0453678369522095,
			0.833522617816925,
			-0.017516281455755234,
			-0.0528375543653965,
			0.0
		],
		"weight_1": [
			[
				0.05218689516186714,
				-0.12243330478668213,
				1.5974628925323486,
				1.222923994064331,
				-0.08045906573534012,
				0.06868218630552292,
				-0.41208383440971375,
				-0.42945003509521484
			],
			[
				-0.4766523838043213,
				2.6761457920074463,
				-0.9410265684127808,
				-0.8733283281326294,
				-0.5584721565246582,
				-0.24604830145835876,
				1.9833862781524658,
				0.24986803531646729
			],
			[
				-0.3643648028373718,
				0.7984607815742493,
				0.32081863284111023,
				0.9102482795715332,
				-1.0033502578735352,
				0.06817611306905746,
				0.9094464778900146,
				-0.42176949977874756
			],
			[
				-0.12559354305267334,
				-0.061856746673583984,
				-0.11199069023132324,
				-0.37588703632354736,
				-0.4672795534133911,
				-0.4566175937652588,
				-0.3664137125015259,
				-0.008852958679199219
			],
			[
				0.07781266421079636,
				-1.0894219875335693,
				1.525394320487976,
				2.339099645614624,
				0.016641154885292053,
				-0.27008137106895447,
				-1.3022586107254028,
				0.035857200622558594
			],
			[
				-0.18289564549922943,
				-0.14269129931926727,
				0.8643977642059326,
				0.5858579874038696,
				-2.7858378887176514,
				-0.10813631117343903,
				-0.32629823684692383,
				-0.3048022985458374
			],
			[
				-0.3416290879249573,
				0.3350279629230499,
				1.4113026857376099,
				1.1442265510559082,
				0.8663854598999023,
				-0.28735417127609253,
				0.09277874231338501,
				-0.43468761444091797
			],
			[
				0.2501521706581116,
				-0.5870721340179443,
				-0.5016754269599915,
				-0.5392823219299316,
				0.5173003673553467,
				0.16133911907672882,
				-0.8171619176864624,
				-0.009862065315246582
			],
			[
				0.019605528563261032,
				0.2582707405090332,
				-0.20491614937782288,
				-0.3257446885108948,
				-0.10180673748254776,
				0.4406985640525818,
				-0.3562743663787842,
				-0.3588130474090576
			],
			[
				-0.07102155685424805,
				-0.18572697043418884,
				-0.12001203745603561,
				-0.40756428241729736,
				0.4576241374015808,
				-0.21482765674591064,
				0.41151273250579834,
				-0.46426641941070557
			],
			[
				-0.10442876070737839,
				-0.10044422745704651,
				-0.22425757348537445,
				0.2726379632949829,
				0.35836172103881836,
				-0.06808485835790634,
				-0.1997486650943756,
				-0.42657482624053955
			],
			[
				0.37473711371421814,
				0.643825113773346,
				-0.8270729780197144,
				-1.4238826036453247,
				1.5710361003875732,
				0.11201518774032593,
				-0.011335928924381733,
				-0.34177935123443604
			],
			[
				0.012839673087000847,
				-0.3521841764450073,
				-0.02720271795988083,
				0.33940577507019043,
				-0.4087914228439331,
				0.3486366868019104,
				0.12606358528137207,
				-0.0045937299728393555
			],
			[
				0.14329922199249268,
				-0.3594750165939331,
				0.29728221893310547,
				-0.28443753719329834,
				-0.2989403009414673,
				-0.2628312110900879,
				0.33128392696380615,
				0.006625175476074219
			],
			[
				0.35377931594848633,
				0.47041523456573486,
				0.19727551937103271,
				0.20938360691070557,
				-0.15593934059143066,
				0.3926424980163574,
				-0.14403259754180908,
				0.348034143447876
			],
			[
				0.1932349056005478,
				0.004323077853769064,
				0.8563964366912842,
				0.8600442409515381,
				-1.3362475633621216,
				0.13255904614925385,
				-0.13226625323295593,
				0.14782726764678955
			]
		],
		"weight_2": -1,
		"weight_3": -2.785658597946167,
		"weight_4": 2.785658597946167,
		"weight_5": -1.0344233678196528e-30,
		"weight_6": 14.017662048339844
	},
	"layer_3": {
		"weight_0": [
			0.3845040500164032,
			-0.010550163686275482,
			0.40733814239501953,
			0.9911585450172424
		],
		"weight_1": [
			[
				-0.017699887976050377,
				0.4900914132595062,
				-0.5447458624839783,
				-0.6192858815193176
			],
			[
				-4.984316349029541,
				-0.49594077467918396,
				-1.2115402221679688,
				-1.379919409751892
			],
			[
				0.919530987739563,
				-0.6777713298797607,
				1.0510541200637817,
				1.7723510265350342
			],
			[
				0.21421171724796295,
				0.30279478430747986,
				0.3504592478275299,
				2.278873920440674
			],
			[
				-1.8061401844024658,
				-0.24692219495773315,
				-2.966404914855957,
				-3.994992256164551
			],
			[
				-0.35083305835723877,
				0.5366747379302979,
				-0.0014376023318618536,
				-0.41366299986839294
			],
			[
				4.129086494445801,
				0.4624731242656708,
				2.0714285373687744,
				2.1217806339263916
			],
			[
				0.5167976021766663,
				0.20128238201141357,
				0.3243022561073303,
				-0.28817349672317505
			]
		],
		"weight_2": -1,
		"weight_3": -4.983789443969727,
		"weight_4": 4.983789443969727,
		"weight_5": -1.0344233678196528e-30,
		"weight_6": 44.413291931152344
	},
	"layer_4": {
		"weight_0": [
			0.15187492966651917
		],
		"weight_1": [
			[
				5.7255778312683105
			],
			[
				-0.4979029595851898
			],
			[
				2.164116621017456
			],
			[
				1.7604235410690308
			]
		],
		"weight_2": -1,
		"weight_3": -5.725987434387207,
		"weight_4": 5.725987434387207,
		"weight_5": -1.0344233678196528e-30,
		"weight_6": 139.2883758544922
	}
}