{
	"layer_0": {
		"weight_0": [
			[
				-0.25140777230262756,
				-0.061170727014541626,
				0.09067531675100327,
				0.48204413056373596,
				0.032669246196746826,
				-0.2789119482040405,
				0.2561265826225281,
				0.060293152928352356,
				0.17661909759044647,
				-0.4929470419883728,
				-0.09506261348724365,
				-0.13859835267066956,
				-0.16841286420822144,
				-0.40701425075531006,
				0.4756786525249481,
				-0.4261769652366638
			],
			[
				-0.44910603761672974,
				0.3807372450828552,
				-0.49251845479011536,
				-0.07832624018192291,
				-0.47688111662864685,
				-0.3958743214607239,
				-0.5601098537445068,
				0.3986034393310547,
				-0.39329224824905396,
				-0.5475640892982483,
				-0.36888906359672546,
				-0.11509719491004944,
				-0.2964595556259155,
				-0.10392996668815613,
				0.0384511835873127,
				0.40017008781433105
			]
		],
		"weight_1": [
			0.0,
			0.05439240112900734,
			-0.021777823567390442,
			-0.05141947790980339,
			0.0,
			0.0,
			-0.050026752054691315,
			-0.05786949023604393,
			-0.02878021076321602,
			0.0,
			0.0,
			0.0,
			0.0,
			0.0,
			-0.049819134175777435,
			-0.02734156884253025
		]
	},
	"layer_1": {},
	"layer_2": {
		"weight_0": [
			[
				0.39290010929107666,
				-0.2845088243484497,
				0.3931243419647217,
				-0.35653483867645264,
				-0.22396957874298096,
				-0.18188929557800293,
				0.23278343677520752,
				0.4605509042739868
			],
			[
				0.4184195399284363,
				0.242793470621109,
				0.352344274520874,
				-0.2549492120742798,
				-0.24423861503601074,
				0.41598987579345703,
				-0.5252780318260193,
				0.10259193927049637
			],
			[
				0.11841774731874466,
				-0.48480135202407837,
				0.17601096630096436,
				-0.43636655807495117,
				0.21270322799682617,
				0.07689511775970459,
				0.4764600992202759,
				-0.0687522366642952
			],
			[
				0.1610472947359085,
				-0.17279702425003052,
				-0.20949561893939972,
				0.34835296869277954,
				0.22088360786437988,
				-0.45986059308052063,
				0.15879417955875397,
				0.40868014097213745
			],
			[
				-0.07818996906280518,
				-0.3471277952194214,
				0.35440850257873535,
				0.1114499568939209,
				-0.3493661880493164,
				0.03917670249938965,
				0.4011305570602417,
				-0.44122374057769775
			],
			[
				0.23653244972229004,
				0.3231920003890991,
				-0.469368577003479,
				0.20753192901611328,
				-0.08988416194915771,
				-0.029996871948242188,
				0.12220227718353271,
				0.46050727367401123
			],
			[
				0.49422088265419006,
				0.0161399245262146,
				-0.3344290256500244,
				0.13239872455596924,
				-0.22605431079864502,
				0.2435075044631958,
				-0.059460196644067764,
				0.18781180679798126
			],
			[
				0.4944034218788147,
				0.3267200291156769,
				-0.20208759605884552,
				-0.20162488520145416,
				-0.3419734239578247,
				0.3169489800930023,
				-0.23195239901542664,
				0.3678893744945526
			],
			[
				0.44165319204330444,
				-0.2188309282064438,
				0.0676349401473999,
				-0.34169554710388184,
				0.46017003059387207,
				-0.33715760707855225,
				0.44108256697654724,
				0.04877976328134537
			],
			[
				0.4751009941101074,
				-0.216522216796875,
				-0.08878552913665771,
				0.1732168197631836,
				0.13726353645324707,
				-0.07445728778839111,
				0.10487115383148193,
				0.4869723320007324
			],
			[
				-0.08602869510650635,
				-0.0897667407989502,
				-0.022257089614868164,
				-0.49609434604644775,
				0.027541399002075195,
				-0.27915453910827637,
				0.11490976810455322,
				0.14817917346954346
			],
			[
				-0.07287752628326416,
				0.13951480388641357,
				0.04546999931335449,
				-0.15674173831939697,
				0.02074253559112549,
				0.02245926856994629,
				0.26318061351776123,
				0.4976257085800171
			],
			[
				0.014258742332458496,
				0.2441120147705078,
				-0.403417706489563,
				-0.32617342472076416,
				0.42035627365112305,
				0.038628339767456055,
				0.4389512538909912,
				-0.41993558406829834
			],
			[
				-0.2673395872116089,
				-0.08523440361022949,
				0.173744797706604,
				0.006253361701965332,
				-0.38998115062713623,
				0.017622828483581543,
				-0.47005224227905273,
				-0.4820204973220825
			],
			[
				0.2937476336956024,
				0.4712314307689667,
				-0.4138389229774475,
				0.229430690407753,
				-0.1777435541152954,
				-0.4438835084438324,
				0.43297019600868225,
				0.32005202770233154
			],
			[
				0.4546148478984833,
				0.5068473815917969,
				0.44980618357658386,
				0.14984701573848724,
				-0.2837575674057007,
				0.1394781768321991,
				-0.44752463698387146,
				0.24271553754806519
			]
		],
		"weight_1": [
			0.04917871206998825,
			0.05092935264110565,
			-0.036101385951042175,
			-0.04622972011566162,
			0.0,
			-0.03328399360179901,
			-0.04058436304330826,
			-0.05337321758270264
		]
	},
	"layer_3": {},
	"layer_4": {
		"weight_0": [
			[
				-0.14330986142158508,
				-0.6498220562934875,
				-0.021754710003733635,
				-0.6884410977363586
			],
			[
				-0.1672869473695755,
				-0.5955546498298645,
				0.10419546067714691,
				-0.5469287037849426
			],
			[
				0.16715529561042786,
				0.235653817653656,
				-0.3336063027381897,
				0.6053981184959412
			],
			[
				0.026910871267318726,
				0.11778251081705093,
				-0.28853732347488403,
				0.5130841135978699
			],
			[
				-0.34636685252189636,
				0.11685162782669067,
				0.6903161406517029,
				-0.2681485414505005
			],
			[
				0.2239469587802887,
				-0.6543488502502441,
				-0.08967521786689758,
				-0.23537176847457886
			],
			[
				0.016394266858696938,
				0.23476442694664001,
				-0.1641741394996643,
				-0.28287243843078613
			],
			[
				0.4023158550262451,
				0.5950679779052734,
				-0.2739867866039276,
				-0.07943212985992432
			]
		],
		"weight_1": [
			-0.05784156918525696,
			-0.016505347564816475,
			-0.011890137568116188,
			0.0
		]
	},
	"layer_5": {},
	"layer_6": {
		"weight_0": [
			[
				-0.7939730286598206
			],
			[
				-0.5602951645851135
			],
			[
				-0.3615994155406952
			],
			[
				0.28415966033935547
			]
		],
		"weight_1": [
			2.3640401363372803
		]
	}
}