{
	"layer_0": {
		"weight_0": [
			[
				-0.03033420816063881,
				-0.2818564474582672,
				0.39466163516044617,
				0.4720498323440552,
				0.3014782965183258,
				-0.1890639066696167,
				-0.152655690908432,
				-0.20781487226486206,
				0.12897412478923798,
				-0.18350383639335632,
				0.09202415496110916,
				-0.4033730924129486,
				0.4273444712162018,
				0.0029765733052045107,
				0.3713834285736084,
				0.3412412405014038
			],
			[
				0.06158233433961868,
				-0.3583276569843292,
				0.32678481936454773,
				-0.10720440000295639,
				-0.46608641743659973,
				0.07147818803787231,
				-0.2523677349090576,
				0.21436740458011627,
				0.2969764471054077,
				-0.41595661640167236,
				0.2774347960948944,
				0.42472073435783386,
				-0.18341143429279327,
				0.25778162479400635,
				0.2279537171125412,
				-0.27506089210510254
			]
		],
		"weight_1": [
			0.03342558071017265,
			0.0,
			-0.045831743627786636,
			-0.04009053483605385,
			0.04203720763325691,
			-0.04844184219837189,
			0.0,
			-0.005589678883552551,
			0.04561622068285942,
			0.0,
			-0.05016063526272774,
			-0.05107487738132477,
			0.045814041048288345,
			0.04211096093058586,
			-0.03835215047001839,
			-0.03475688770413399
		]
	},
	"layer_1": {},
	"layer_2": {
		"weight_0": [
			[
				0.20071470737457275,
				0.1877613067626953,
				-0.06677045673131943,
				0.3946880102157593,
				-0.05217735841870308,
				-0.2328130006790161,
				-0.5006146430969238,
				0.3861023187637329
			],
			[
				0.30037641525268555,
				0.41556334495544434,
				-0.22940993309020996,
				-0.4635934829711914,
				0.038227081298828125,
				0.29641103744506836,
				0.30880534648895264,
				0.21867024898529053
			],
			[
				-0.02823793888092041,
				0.2604822814464569,
				0.02554369904100895,
				-0.3172391653060913,
				0.3044320046901703,
				0.14529597759246826,
				0.06453054398298264,
				-0.12008500099182129
			],
			[
				0.4569082260131836,
				0.2087802141904831,
				0.015767769888043404,
				-0.15210068225860596,
				-0.4791412949562073,
				0.19726884365081787,
				0.20404769480228424,
				0.025927305221557617
			],
			[
				-0.4801064729690552,
				-0.4901452958583832,
				0.26493799686431885,
				0.0013027191162109375,
				-0.4012823700904846,
				0.0011320114135742188,
				-0.13571710884571075,
				-0.2986077070236206
			],
			[
				0.19003713130950928,
				0.04880759119987488,
				0.17994558811187744,
				-0.00592494010925293,
				0.10583297908306122,
				0.20008277893066406,
				-0.44085562229156494,
				0.14375662803649902
			],
			[
				0.4867885112762451,
				0.11556065082550049,
				0.37002837657928467,
				-0.3893967866897583,
				0.47775328159332275,
				-0.1251922845840454,
				0.1565319299697876,
				0.4563385248184204
			],
			[
				0.39218902587890625,
				-0.21166031062602997,
				0.3689976930618286,
				-0.11261379718780518,
				0.3261793851852417,
				0.18291091918945312,
				-0.1752503663301468,
				0.06745123863220215
			],
			[
				-0.20168089866638184,
				-0.2677261531352997,
				-0.5170692205429077,
				-0.3022874593734741,
				-0.0855918675661087,
				-0.4024319648742676,
				-0.32020291686058044,
				0.2939265966415405
			],
			[
				0.2754521369934082,
				-0.40370702743530273,
				0.19645845890045166,
				0.09618711471557617,
				0.1768784523010254,
				0.3038480281829834,
				-0.004619121551513672,
				-0.2919285297393799
			],
			[
				-0.19881653785705566,
				0.29140791296958923,
				0.07821142673492432,
				-0.12620055675506592,
				0.20388692617416382,
				0.10941588878631592,
				-0.09595353901386261,
				-0.2203758955001831
			],
			[
				-0.3554685115814209,
				0.41180962324142456,
				0.2997608184814453,
				0.1381692886352539,
				0.41293495893478394,
				0.05762124061584473,
				-0.2546022832393646,
				-0.17403078079223633
			],
			[
				-0.435136079788208,
				-0.28044912219047546,
				-0.07758879661560059,
				0.3096233606338501,
				0.1725873351097107,
				0.15971112251281738,
				-0.13183851540088654,
				0.08455169200897217
			],
			[
				-0.46352124214172363,
				-0.5549975633621216,
				0.42107415199279785,
				-0.3088955879211426,
				-0.0005506729939952493,
				0.24413883686065674,
				-0.33437755703926086,
				-0.017110705375671387
			],
			[
				-0.1731470823287964,
				0.3827158510684967,
				-0.3680899143218994,
				0.1477656364440918,
				-0.04551437124609947,
				-0.45075106620788574,
				0.3236250579357147,
				-0.2238863706588745
			],
			[
				-0.4641803503036499,
				0.01770813949406147,
				-0.12452411651611328,
				0.2285517454147339,
				0.417019784450531,
				-0.20988738536834717,
				0.341281920671463,
				-0.05976736545562744
			]
		],
		"weight_1": [
			0.0,
			-0.05009331554174423,
			-0.04570192098617554,
			0.0,
			-0.03309385105967522,
			0.0,
			-0.03499814122915268,
			0.0
		]
	},
	"layer_3": {},
	"layer_4": {
		"weight_0": [
			[
				0.07078194618225098,
				-0.14200538396835327,
				-0.14240729808807373,
				-0.5968389511108398
			],
			[
				-0.6569117307662964,
				-0.6738129258155823,
				0.18269939720630646,
				0.3171727657318115
			],
			[
				-0.44107553362846375,
				-0.30659201741218567,
				-0.164264976978302,
				0.48852410912513733
			],
			[
				-0.338439017534256,
				-0.2223256230354309,
				0.6670646071434021,
				-0.28866055607795715
			],
			[
				-0.7020326256752014,
				-0.3929886817932129,
				-0.36684924364089966,
				-0.0015519509324803948
			],
			[
				-0.560404360294342,
				-0.308296263217926,
				0.12401270866394043,
				0.4205004572868347
			],
			[
				-0.43697530031204224,
				-0.0496058464050293,
				-0.4280122220516205,
				0.4934668242931366
			],
			[
				-0.3839719593524933,
				-0.5370769500732422,
				-0.36320921778678894,
				0.33470290899276733
			]
		],
		"weight_1": [
			0.0,
			0.0,
			-0.010633286088705063,
			-0.051019567996263504
		]
	},
	"layer_5": {},
	"layer_6": {
		"weight_0": [
			[
				0.22914958000183105
			],
			[
				-0.17993509769439697
			],
			[
				-0.9861482381820679
			],
			[
				-0.24492302536964417
			]
		],
		"weight_1": [
			2.3635993003845215
		]
	}
}