{
	"layer_0": {
		"weight_0": [
			[
				0.5944890975952148,
				4.9148945808410645,
				-0.445040225982666,
				1.2044947147369385,
				0.683191180229187,
				5.082393646240234,
				0.7937210202217102,
				0.026070626452565193,
				1.3234528303146362,
				-0.34120771288871765,
				0.0408066064119339,
				0.5979166626930237,
				-0.2541709840297699,
				-1.667578935623169,
				1.6759772300720215,
				-0.12486821413040161
			],
			[
				-1.5710080862045288,
				-0.4197104871273041,
				-0.31878504157066345,
				-0.5503930449485779,
				-3.4653730392456055,
				0.015701787546277046,
				-2.4643073081970215,
				-0.037086084485054016,
				-0.8278147578239441,
				-0.4453533887863159,
				-0.06310498714447021,
				-5.035931587219238,
				-0.05760115385055542,
				-1.5013322830200195,
				-0.4857099652290344,
				-0.030209720134735107
			]
		],
		"weight_1": [
			0.550761342048645,
			0.6217703819274902,
			0.0,
			0.5893234610557556,
			0.19152769446372986,
			0.503939688205719,
			0.29975613951683044,
			-0.021393002942204475,
			0.7684313058853149,
			0.0,
			-0.032987602055072784,
			0.1385430544614792,
			0.0,
			1.8011360168457031,
			0.5183414220809937,
			0.0
		]
	},
	"layer_1": {},
	"layer_2": {
		"weight_0": [
			[
				-0.772176206111908,
				1.5313373804092407,
				0.8693390488624573,
				1.0485329627990723,
				0.30395522713661194,
				0.21964310109615326,
				1.4178380966186523,
				0.00510784424841404
			],
			[
				0.7699928283691406,
				0.7180764079093933,
				1.2159467935562134,
				0.9553897380828857,
				0.11372127383947372,
				1.2513148784637451,
				0.7625148892402649,
				0.46142837405204773
			],
			[
				-0.42773711681365967,
				-0.175706148147583,
				-0.3159909248352051,
				-0.2747899293899536,
				-0.24827659130096436,
				0.11831557750701904,
				-0.10088562965393066,
				-0.3277599811553955
			],
			[
				0.7981393337249756,
				0.8057345151901245,
				0.934276282787323,
				0.568731963634491,
				-0.17820653319358826,
				0.3455193042755127,
				0.4441072940826416,
				0.10650257766246796
			],
			[
				0.3242384195327759,
				2.641220808029175,
				2.6269078254699707,
				2.368086576461792,
				1.6832143068313599,
				-0.1973770558834076,
				2.2185099124908447,
				-2.0702943801879883
			],
			[
				0.8067307472229004,
				0.8595749139785767,
				1.2225242853164673,
				1.136603593826294,
				0.3431411385536194,
				1.2362594604492188,
				0.14707638323307037,
				0.4382108151912689
			],
			[
				-0.8896954655647278,
				1.725705862045288,
				1.6663706302642822,
				1.8680702447891235,
				1.394709587097168,
				0.26664412021636963,
				1.2101150751113892,
				-0.8145061135292053
			],
			[
				-0.20768988132476807,
				0.3675227761268616,
				-0.3627210855484009,
				-0.1547175943851471,
				0.4106895625591278,
				-0.39864107966423035,
				-0.03715156763792038,
				-0.49963581562042236
			],
			[
				-0.0510258711874485,
				1.055970549583435,
				1.1262311935424805,
				0.6152076721191406,
				-0.5073140263557434,
				0.1482110321521759,
				1.185099482536316,
				-0.1829090267419815
			],
			[
				-0.4695615768432617,
				0.36659109592437744,
				0.005582094192504883,
				0.24707937240600586,
				0.20967626571655273,
				0.26355791091918945,
				0.11876308917999268,
				0.3562908172607422
			],
			[
				0.364909291267395,
				-0.057909250259399414,
				-0.32159343361854553,
				-0.07548245042562485,
				-0.4830416440963745,
				-0.15963533520698547,
				0.16885225474834442,
				-0.16127312183380127
			],
			[
				-0.7602258920669556,
				3.840595245361328,
				4.417378902435303,
				4.11996603012085,
				1.8250935077667236,
				-1.8465118408203125,
				4.610753536224365,
				-3.3069019317626953
			],
			[
				-0.07533085346221924,
				0.4158787727355957,
				-0.10716617107391357,
				-0.49762964248657227,
				-0.19802701473236084,
				-0.4110950231552124,
				-0.38599133491516113,
				0.12873268127441406
			],
			[
				-1.1127511262893677,
				-0.19964979588985443,
				-0.2077474743127823,
				-0.9990031123161316,
				-1.346350073814392,
				-2.166541814804077,
				0.7339328527450562,
				1.3727779388427734
			],
			[
				-0.010134795680642128,
				0.7001911401748657,
				0.3713534474372864,
				0.6320143938064575,
				-0.5858964323997498,
				0.6140638589859009,
				0.7422026991844177,
				-0.31762242317199707
			],
			[
				0.3590850830078125,
				-0.4124406576156616,
				0.10040032863616943,
				0.49463093280792236,
				-0.3506077527999878,
				0.05192553997039795,
				0.28862202167510986,
				-0.08250558376312256
			]
		],
		"weight_1": [
			0.07535829395055771,
			0.5096797943115234,
			0.6702442169189453,
			0.18825331330299377,
			-0.19699931144714355,
			-0.8697453737258911,
			1.1046417951583862,
			0.36665230989456177
		]
	},
	"layer_3": {},
	"layer_4": {
		"weight_0": [
			[
				-0.2707878649234772,
				-0.8537254333496094,
				1.294407606124878,
				-0.6720362305641174
			],
			[
				1.874536395072937,
				0.879928708076477,
				-0.2801676392555237,
				-0.6217079758644104
			],
			[
				1.424342155456543,
				1.6157588958740234,
				-0.16883888840675354,
				-0.4035457968711853
			],
			[
				1.2163910865783691,
				1.162122368812561,
				-1.3680624961853027,
				0.5363218188285828
			],
			[
				-2.2918002605438232,
				-1.6133052110671997,
				-1.949454426765442,
				0.020739436149597168
			],
			[
				-2.9907050132751465,
				-2.781754970550537,
				-0.3252248466014862,
				0.5625224709510803
			],
			[
				0.6742650270462036,
				1.736769199371338,
				0.7326933145523071,
				0.089610755443573
			],
			[
				-2.601787567138672,
				-1.8392306566238403,
				1.6658055782318115,
				-0.41856828331947327
			]
		],
		"weight_1": [
			0.6978738903999329,
			0.6932317018508911,
			1.1135574579238892,
			0.0
		]
	},
	"layer_5": {},
	"layer_6": {
		"weight_0": [
			[
				1.7747515439987183
			],
			[
				2.1022579669952393
			],
			[
				-4.716000080108643
			],
			[
				0.23340749740600586
			]
		],
		"weight_1": [
			0.685732901096344
		]
	}
}