{
	"layer_0": {
		"weight_0": [
			[
				1.7649762630462646,
				-0.4349091053009033,
				6.346395969390869,
				1.2098453044891357,
				-0.08243522047996521,
				-0.019954979419708252,
				1.1020886898040771,
				-0.1686876118183136,
				1.5106620788574219,
				2.5378568172454834,
				-0.8444100618362427,
				-2.9677071571350098,
				-0.7041946649551392,
				-0.45193296670913696,
				1.1552375555038452,
				-0.006532073020935059
			],
			[
				-0.8185765743255615,
				-0.4815410077571869,
				1.29153573513031,
				0.05467335879802704,
				-0.527756929397583,
				-0.07537096738815308,
				-2.9283640384674072,
				-0.5107561945915222,
				-2.2157135009765625,
				3.3735759258270264,
				3.692119836807251,
				3.105835199356079,
				-0.9948627948760986,
				-0.18743732571601868,
				-0.41085678339004517,
				-0.10867741703987122
			]
		],
		"weight_1": [
			0.47588691115379333,
			0.0,
			0.36305221915245056,
			0.509629487991333,
			0.0,
			0.0,
			0.9188916087150574,
			0.0,
			0.86888188123703,
			0.2575570344924927,
			0.2917388081550598,
			0.2794288098812103,
			1.6949151754379272,
			0.0,
			0.6484925746917725,
			0.0
		]
	},
	"layer_1": {
		"weight_0": [
			[
				0.6976284980773926,
				0.4176737070083618,
				-0.04901960864663124,
				0.28013870120048523,
				0.9689595103263855,
				-0.04025229439139366,
				-0.4083382189273834,
				-0.5524882674217224
			],
			[
				0.0013412237167358398,
				-0.10532164573669434,
				0.08977150917053223,
				-0.44042539596557617,
				0.1023935079574585,
				0.4562869071960449,
				-0.05586600303649902,
				-0.3315112590789795
			],
			[
				-0.29417625069618225,
				-0.16863247752189636,
				-0.1810043305158615,
				-0.29819685220718384,
				1.1481964588165283,
				0.8938429355621338,
				-1.8293836116790771,
				-0.29095616936683655
			],
			[
				0.434325248003006,
				0.08807849138975143,
				0.3033490777015686,
				0.30689340829849243,
				0.5564566254615784,
				0.18834170699119568,
				-0.3398551642894745,
				0.021625641733407974
			],
			[
				-0.03260219097137451,
				0.22329497337341309,
				-0.21397650241851807,
				-0.22931134700775146,
				-0.3108116388320923,
				-0.2228773832321167,
				0.05430412292480469,
				-0.45744788646698
			],
			[
				0.29336118698120117,
				-0.36049365997314453,
				0.1707298755645752,
				0.4707643985748291,
				-0.39230287075042725,
				-0.1880016326904297,
				-0.33663439750671387,
				0.10921943187713623
			],
			[
				0.32519295811653137,
				1.0310816764831543,
				-0.5292661786079407,
				-0.1962375044822693,
				1.3765860795974731,
				-0.6901337504386902,
				0.34884652495384216,
				0.796410322189331
			],
			[
				-0.04049575328826904,
				-0.22437644004821777,
				-0.061537981033325195,
				0.24584972858428955,
				0.04701113700866699,
				0.2869257926940918,
				-0.43617868423461914,
				-0.2803241014480591
			],
			[
				0.7837786674499512,
				0.4802072048187256,
				0.13904157280921936,
				-0.6834753155708313,
				1.4898234605789185,
				-0.7197608351707458,
				0.24786384403705597,
				-0.7254288196563721
			],
			[
				-0.5872857570648193,
				-0.8281901478767395,
				-0.12387814372777939,
				0.5455490350723267,
				0.5751915574073792,
				1.5589232444763184,
				-1.8435481786727905,
				0.7991447448730469
			],
			[
				-2.4265618324279785,
				-3.634032964706421,
				0.37124595046043396,
				3.0186285972595215,
				-0.47014665603637695,
				2.8245551586151123,
				1.060989499092102,
				0.7909719347953796
			],
			[
				-2.1749227046966553,
				-3.5452263355255127,
				-0.5213345885276794,
				2.010814666748047,
				-1.0344843864440918,
				2.1228418350219727,
				1.2976386547088623,
				0.8934451341629028
			],
			[
				0.7439024448394775,
				0.601318359375,
				0.4167448580265045,
				-0.06934607028961182,
				0.15078702569007874,
				-0.22240878641605377,
				0.8758450150489807,
				0.8666470050811768
			],
			[
				0.20850586891174316,
				-0.27233922481536865,
				-0.15537869930267334,
				-0.4643765687942505,
				0.3228645324707031,
				-0.3400890827178955,
				-0.0521007776260376,
				-0.44228172302246094
			],
			[
				1.0041953325271606,
				0.36544451117515564,
				-0.5310207605361938,
				0.15791213512420654,
				0.7003861665725708,
				0.4656175673007965,
				-0.4284472167491913,
				0.32446661591529846
			],
			[
				0.4062469005584717,
				0.11329662799835205,
				-0.45221173763275146,
				-0.27495408058166504,
				-0.1776033639907837,
				-0.480025053024292,
				0.23052620887756348,
				-0.41596508026123047
			]
		],
		"weight_1": [
			0.8009679913520813,
			0.6553344130516052,
			-0.06718691438436508,
			0.04938864707946777,
			0.7007393836975098,
			-0.31625470519065857,
			1.109609603881836,
			0.339743971824646
		]
	},
	"layer_2": {
		"weight_0": [
			[
				-0.137262225151062,
				1.2736607789993286,
				1.1817374229431152,
				1.4089794158935547
			],
			[
				0.3362698256969452,
				3.139238119125366,
				2.081007480621338,
				2.238495111465454
			],
			[
				0.50173419713974,
				0.4731060266494751,
				-0.21790972352027893,
				-0.14449730515480042
			],
			[
				-0.12097828835248947,
				-0.6314080357551575,
				-3.4157917499542236,
				0.2055688351392746
			],
			[
				0.1227051317691803,
				1.2654104232788086,
				1.0585178136825562,
				1.6531246900558472
			],
			[
				0.4952896535396576,
				0.30078503489494324,
				-3.259470224380493,
				-0.625873327255249
			],
			[
				-0.3011363744735718,
				-3.394735336303711,
				1.7742804288864136,
				-2.9129862785339355
			],
			[
				-1.0000096559524536,
				0.7217496633529663,
				-2.4615135192871094,
				1.2461814880371094
			]
		],
		"weight_1": [
			-2.133838415145874,
			0.6773514747619629,
			0.4892575442790985,
			0.607558012008667
		]
	},
	"layer_3": {
		"weight_0": [
			[
				-6.310129165649414
			],
			[
				2.679758310317993
			],
			[
				3.671072006225586
			],
			[
				1.7632571458816528
			]
		],
		"weight_1": [
			0.6121073365211487
		]
	}
}