{
	"layer_0": {
		"weight_0": 0.0,
		"weight_1": 1.0,
		"weight_2": -1
	},
	"layer_1": {
		"weight_0": [
			0.7983749508857727,
			0.3327101767063141,
			0.804576575756073,
			0.8043428659439087,
			0.8308178186416626,
			0.7694178819656372,
			0.8202192187309265,
			0.8199872374534607,
			0.622472882270813,
			0.22876247763633728,
			-0.007438589818775654,
			0.824630081653595,
			0.0,
			0.0,
			0.0,
			0.0
		],
		"weight_1": [
			[
				1.507056474685669,
				0.059420548379421234,
				1.2385890483856201,
				1.7032387256622314,
				1.8684568405151367,
				1.9233922958374023,
				1.330053448677063,
				1.4336596727371216,
				1.1539678573608398,
				-0.7874815464019775,
				-0.5045104622840881,
				1.1570420265197754,
				-0.4651339650154114,
				-0.000494837760925293,
				-0.3897642493247986,
				-0.45985284447669983
			],
			[
				-0.774956226348877,
				1.1509997844696045,
				-0.7388142347335815,
				-0.4621289074420929,
				0.005402544047683477,
				-0.1892680823802948,
				-0.7919980883598328,
				-0.21972909569740295,
				-1.9958648681640625,
				1.8879591226577759,
				0.001159661915153265,
				-1.0009455680847168,
				-0.000293731689453125,
				-0.47907525300979614,
				-0.11877769231796265,
				-0.07137906551361084
			]
		],
		"weight_2": -1,
		"weight_3": -1.9958648681640625,
		"weight_4": 1.9958648681640625,
		"weight_5": -0.5658519268035889,
		"weight_6": 3.0023858547210693
	},
	"layer_2": {
		"weight_0": [
			0.7400246262550354,
			0.8290050029754639,
			0.8913010358810425,
			0.8151779770851135,
			-0.006197637878358364,
			0.11763463169336319,
			-0.040815673768520355,
			0.36349624395370483
		],
		"weight_1": [
			[
				1.0159562826156616,
				0.4763818681240082,
				1.175938606262207,
				0.7006829380989075,
				-0.354021817445755,
				-0.7613621354103088,
				-0.21619996428489685,
				-0.034746430814266205
			],
			[
				-0.7890009880065918,
				-0.29096269607543945,
				-0.06942318379878998,
				-0.21111421287059784,
				-0.13766324520111084,
				0.5066177845001221,
				0.6034809350967407,
				0.04635827988386154
			],
			[
				0.5725529193878174,
				0.23343895375728607,
				0.540372371673584,
				0.2686072885990143,
				-0.42754819989204407,
				-0.5929920077323914,
				-0.09241746366024017,
				0.22144924104213715
			],
			[
				0.3327312469482422,
				0.6682916879653931,
				0.069273941218853,
				0.8887905478477478,
				-0.11817245930433273,
				-0.3653954863548279,
				0.35918906331062317,
				-0.07106789946556091
			],
			[
				0.0920940563082695,
				0.5682042241096497,
				0.4122595191001892,
				0.5189570188522339,
				-0.3114717900753021,
				0.29600322246551514,
				0.364284873008728,
				-0.20727258920669556
			],
			[
				0.6459899544715881,
				0.8227300047874451,
				0.7925292253494263,
				0.5222606658935547,
				0.26081380248069763,
				0.4519212543964386,
				0.10851740092039108,
				-0.729403018951416
			],
			[
				0.8588903546333313,
				0.7539381980895996,
				0.3475865423679352,
				1.0385154485702515,
				0.48033520579338074,
				-0.5292706489562988,
				-0.14415276050567627,
				0.2825058102607727
			],
			[
				0.09031148254871368,
				0.820408821105957,
				0.6116350293159485,
				0.6645724773406982,
				-0.2994251847267151,
				0.4111647307872772,
				0.12792326509952545,
				-0.25320979952812195
			],
			[
				1.9904924631118774,
				2.1186602115631104,
				1.605987310409546,
				2.119347333908081,
				0.21709026396274567,
				-0.5448209643363953,
				-1.110191822052002,
				-0.158468559384346
			],
			[
				-1.6437870264053345,
				-1.1500964164733887,
				-1.3836067914962769,
				-1.379287600517273,
				-0.3023533821105957,
				1.291785717010498,
				0.33490997552871704,
				0.41537830233573914
			],
			[
				0.3695899546146393,
				-0.16796760261058807,
				0.24604634940624237,
				-0.007664361968636513,
				-0.2946890592575073,
				-0.11258220672607422,
				0.30958619713783264,
				0.1556348353624344
			],
			[
				1.0652819871902466,
				0.23418550193309784,
				0.5013160109519958,
				0.8885696530342102,
				0.47683238983154297,
				-0.915505051612854,
				0.22370222210884094,
				0.5250686407089233
			],
			[
				0.3453805446624756,
				-0.3213146924972534,
				0.15040850639343262,
				0.4562932252883911,
				0.2669323682785034,
				0.08937931060791016,
				-0.20864200592041016,
				0.40320587158203125
			],
			[
				0.43353283405303955,
				-0.23729228973388672,
				-0.32677745819091797,
				0.08484363555908203,
				-0.3427610397338867,
				0.48906052112579346,
				-0.42588984966278076,
				-0.22261381149291992
			],
			[
				0.08230876922607422,
				0.4707527160644531,
				-0.05755972862243652,
				0.027008771896362305,
				0.40144574642181396,
				-0.465854287147522,
				-0.3732527494430542,
				-0.40659165382385254
			],
			[
				-0.43373310565948486,
				-0.46286892890930176,
				0.435896635055542,
				-0.2060023546218872,
				0.3264756202697754,
				0.00570988655090332,
				-0.25106358528137207,
				0.27399539947509766
			]
		],
		"weight_2": -1,
		"weight_3": -2.119065523147583,
		"weight_4": 2.119065523147583,
		"weight_5": -0.5658519268035889,
		"weight_6": 14.513760566711426
	},
	"layer_3": {
		"weight_0": [
			0.0,
			0.8165779709815979,
			0.286103218793869,
			0.0
		],
		"weight_1": [
			[
				-0.14979594945907593,
				1.2372556924819946,
				0.12309911847114563,
				0.3844307065010071
			],
			[
				-0.21214044094085693,
				1.24314284324646,
				0.03974407911300659,
				-0.28317776322364807
			],
			[
				-0.6869415044784546,
				0.9760543704032898,
				-0.021492619067430496,
				0.243838369846344
			],
			[
				-0.6155070066452026,
				1.592152714729309,
				-0.30470797419548035,
				-0.5040616393089294
			],
			[
				0.32428091764450073,
				-0.6422529816627502,
				-0.24280866980552673,
				-0.5884004831314087
			],
			[
				-0.6576477885246277,
				1.2028967142105103,
				1.5252752304077148,
				-0.4828668236732483
			],
			[
				0.17971569299697876,
				-1.3575942516326904,
				0.4586031436920166,
				-0.07263737916946411
			],
			[
				-0.5542846918106079,
				-1.4909840822219849,
				-1.6075892448425293,
				-0.4798535108566284
			]
		],
		"weight_2": -1,
		"weight_3": -1.60596764087677,
		"weight_4": 1.60596764087677,
		"weight_5": -0.5658519268035889,
		"weight_6": 56.449459075927734
	},
	"layer_4": {
		"weight_0": [
			0.8120686411857605
		],
		"weight_1": [
			[
				0.34566497802734375
			],
			[
				1.862012505531311
			],
			[
				1.8712682723999023
			],
			[
				0.3421437740325928
			]
		],
		"weight_2": -1,
		"weight_3": -1.8717375993728638,
		"weight_4": 1.8717375993728638,
		"weight_5": -0.5658519268035889,
		"weight_6": 73.5292739868164
	}
}