{
	"layer_0": {
		"weight_0": [
			[
				1.1718883514404297,
				0.29797521233558655,
				0.5889719128608704,
				1.094783902168274,
				1.195870280265808,
				0.9478642344474792,
				0.6867168545722961,
				-0.444646954536438,
				0.5046595335006714,
				-0.40258562564849854,
				0.33382466435432434,
				-0.5147566199302673,
				-0.06391894817352295,
				-0.1751079261302948,
				0.07858215272426605,
				0.6226047277450562
			],
			[
				-0.0018754620105028152,
				-0.30032607913017273,
				-1.86260187625885,
				-0.130374476313591,
				-0.4367128312587738,
				-0.3505135774612427,
				-0.26825395226478577,
				-0.4054439663887024,
				-3.7077407836914062,
				-0.5084652900695801,
				0.6617864966392517,
				-0.3075108826160431,
				-0.20066821575164795,
				-0.479002445936203,
				0.1267988234758377,
				0.24615700542926788
			]
		],
		"weight_1": [
			0.4922327399253845,
			0.41894325613975525,
			0.4682447016239166,
			0.5320459604263306,
			0.5162665843963623,
			0.5359838008880615,
			0.5444253087043762,
			0.0,
			0.28769320249557495,
			0.0,
			0.3892834484577179,
			0.0,
			0.0,
			0.0,
			0.5203571319580078,
			0.593522310256958
		]
	},
	"layer_1": {},
	"layer_2": {
		"weight_0": [
			[
				0.2830043435096741,
				0.15054677426815033,
				-0.07684648782014847,
				-0.3374207019805908,
				-0.20080630481243134,
				0.05124371498823166,
				0.6134486198425293,
				0.5621720552444458
			],
			[
				0.6637357473373413,
				0.4497131109237671,
				0.13008634746074677,
				-0.4539381265640259,
				-0.3029575049877167,
				-0.018341125920414925,
				0.21866977214813232,
				-0.18223626911640167
			],
			[
				1.91532301902771,
				0.03436136618256569,
				-0.7684257626533508,
				-0.41510331630706787,
				-0.34966012835502625,
				1.8813691139221191,
				1.8858013153076172,
				1.8709584474563599
			],
			[
				0.2614942193031311,
				0.07078060507774353,
				0.017761249095201492,
				0.3749990463256836,
				0.39261138439178467,
				0.7151732444763184,
				0.7394090294837952,
				0.5173529982566833
			],
			[
				1.0809684991836548,
				0.21944664418697357,
				-0.10844134539365768,
				-0.478213906288147,
				0.3185487985610962,
				0.40665724873542786,
				0.8262975811958313,
				0.5747514963150024
			],
			[
				0.5909370183944702,
				-0.1390908658504486,
				0.18199871480464935,
				0.27007555961608887,
				-0.015295340679585934,
				0.2769269049167633,
				1.0256733894348145,
				0.8651769757270813
			],
			[
				0.5279622077941895,
				-0.17920269072055817,
				0.4330897033214569,
				-0.489426851272583,
				0.24658051133155823,
				0.7966172099113464,
				0.6334896683692932,
				0.10189264267683029
			],
			[
				0.42381763458251953,
				0.4454638957977295,
				-0.19510388374328613,
				0.09478771686553955,
				0.21318888664245605,
				0.11856353282928467,
				0.2500295639038086,
				0.16183900833129883
			],
			[
				3.0685198307037354,
				-0.3129390776157379,
				-3.0454108715057373,
				0.29455530643463135,
				-2.515434741973877,
				3.6515471935272217,
				3.412548542022705,
				3.4406864643096924
			],
			[
				0.49088752269744873,
				0.32681167125701904,
				-0.0552363395690918,
				0.11933541297912598,
				0.36552155017852783,
				-0.11581170558929443,
				-0.30858492851257324,
				0.39389753341674805
			],
			[
				-0.37621715664863586,
				0.23764315247535706,
				0.888850212097168,
				-0.2511495351791382,
				0.4987291395664215,
				0.26119086146354675,
				-0.39191389083862305,
				0.1991649568080902
			],
			[
				-0.3025834560394287,
				0.2553452253341675,
				0.08733868598937988,
				-0.41208934783935547,
				0.09551942348480225,
				-0.16700303554534912,
				0.49442338943481445,
				0.07887232303619385
			],
			[
				0.37722182273864746,
				-0.3250683546066284,
				-0.4717155694961548,
				0.09109818935394287,
				0.08377599716186523,
				-0.4821324348449707,
				-0.1906297206878662,
				0.40376341342926025
			],
			[
				-0.46007585525512695,
				-0.22278070449829102,
				-0.4798567295074463,
				0.13292348384857178,
				0.4144176244735718,
				0.035408735275268555,
				-0.2011878490447998,
				0.37165534496307373
			],
			[
				-0.29930415749549866,
				-0.46835505962371826,
				0.7336806058883667,
				-0.19520676136016846,
				0.17515914142131805,
				0.10930578410625458,
				0.3502523899078369,
				0.40190279483795166
			],
			[
				0.5408256649971008,
				-0.4843425154685974,
				0.5770007967948914,
				-0.2387852668762207,
				0.5276179909706116,
				0.011896491050720215,
				0.21962997317314148,
				-0.2250310629606247
			]
		],
		"weight_1": [
			0.5068034529685974,
			-0.0405752956867218,
			-0.053730309009552,
			0.0,
			-0.006362054497003555,
			0.5216478109359741,
			0.5287578105926514,
			0.437473326921463
		]
	},
	"layer_3": {},
	"layer_4": {
		"weight_0": [
			[
				-0.4047218859195709,
				1.1275231838226318,
				0.5351632237434387,
				1.338077187538147
			],
			[
				0.3529610335826874,
				-0.1171126589179039,
				0.5826053619384766,
				-0.19585539400577545
			],
			[
				0.9970532059669495,
				-2.180238962173462,
				-1.2465391159057617,
				-1.6163458824157715
			],
			[
				0.45521289110183716,
				-0.007849931716918945,
				-0.6734552383422852,
				-0.032880425453186035
			],
			[
				1.35638427734375,
				-0.4309717118740082,
				-1.3401864767074585,
				-1.431504487991333
			],
			[
				-0.3330083191394806,
				1.4973698854446411,
				0.9343917965888977,
				1.398067593574524
			],
			[
				0.13578660786151886,
				1.5208039283752441,
				0.9464153051376343,
				1.2222998142242432
			],
			[
				0.5814924836158752,
				0.9131554365158081,
				1.6145106554031372,
				0.8898098468780518
			]
		],
		"weight_1": [
			0.24932046234607697,
			0.522523045539856,
			0.5241669416427612,
			0.5290804505348206
		]
	},
	"layer_5": {},
	"layer_6": {
		"weight_0": [
			[
				-0.9597758054733276
			],
			[
				1.8811653852462769
			],
			[
				1.2140182256698608
			],
			[
				1.8555498123168945
			]
		],
		"weight_1": [
			0.5226064920425415
		]
	}
}