{
	"layer_0": {
		"weight_0": [
			[
				0.14174260199069977,
				0.8695749044418335,
				1.643207311630249,
				-0.38709065318107605,
				0.1907971203327179,
				1.3215863704681396,
				0.01252632588148117,
				-0.1336231529712677,
				1.1809836626052856,
				1.7265733480453491,
				-0.20920559763908386,
				-0.43972140550613403,
				0.10282760858535767,
				0.848119854927063,
				-0.0940295159816742,
				0.8684458136558533
			],
			[
				-0.23970043659210205,
				-7.206650733947754,
				-0.5790050029754639,
				-0.3615811765193939,
				-0.5119105577468872,
				-0.672276496887207,
				-0.3159196972846985,
				0.09605652093887329,
				-0.6031786203384399,
				-0.6037845015525818,
				-0.5202063322067261,
				-0.2926722466945648,
				-0.03994250297546387,
				-2.321631669998169,
				0.018307805061340332,
				-4.107856750488281
			]
		],
		"weight_1": [
			-0.11176849156618118,
			0.3321608304977417,
			0.583200991153717,
			0.0,
			-0.12495860457420349,
			0.702009916305542,
			-0.0031621765810996294,
			-0.09615213423967361,
			0.6310595870018005,
			0.6267474889755249,
			0.0,
			0.0,
			-0.0991743728518486,
			0.8294529318809509,
			-0.018681801855564117,
			0.5911056995391846
		]
	},
	"layer_1": {
		"weight_0": [
			[
				0.05859375,
				-0.4002789258956909,
				0.03701376914978027,
				-0.11759676039218903,
				0.19992780685424805,
				0.035196419805288315,
				0.42715317010879517,
				-0.24462813138961792
			],
			[
				-0.45510339736938477,
				0.4934347867965698,
				0.41096198558807373,
				7.1087188720703125,
				7.529291152954102,
				0.09430398792028427,
				-0.002871860982850194,
				6.757564544677734
			],
			[
				-0.38840657472610474,
				-0.10991525650024414,
				0.12156713753938675,
				0.3315889835357666,
				0.06479990482330322,
				0.14238464832305908,
				-0.1797429323196411,
				0.8006618618965149
			],
			[
				0.37808895111083984,
				-0.420315146446228,
				0.3255772590637207,
				-0.1546231508255005,
				-0.3220254182815552,
				-0.011634349822998047,
				0.3160165548324585,
				-0.3915436267852783
			],
			[
				-0.4300011396408081,
				-0.2695300579071045,
				-0.17395293712615967,
				-0.38635027408599854,
				-0.3827359676361084,
				0.1142854243516922,
				-0.15176504850387573,
				-0.1444319486618042
			],
			[
				-0.22971662878990173,
				0.14726638793945312,
				-0.3620236814022064,
				1.0760799646377563,
				1.012374758720398,
				-0.26911303400993347,
				-0.24604570865631104,
				1.0085487365722656
			],
			[
				0.14577984809875488,
				-0.48439764976501465,
				-0.273342490196228,
				-0.08045190572738647,
				-0.06175887957215309,
				0.41747593879699707,
				-0.20575666427612305,
				0.021826952695846558
			],
			[
				-0.49342286586761475,
				-0.3175719976425171,
				-0.23829543590545654,
				-0.38000792264938354,
				-0.3694600462913513,
				0.2759339511394501,
				0.27687540650367737,
				0.09147538244724274
			],
			[
				-0.1943499743938446,
				-0.34240102767944336,
				0.035905126482248306,
				0.5207334756851196,
				-0.023102926090359688,
				-0.396153062582016,
				-0.20660506188869476,
				0.6504567861557007
			],
			[
				0.15296630561351776,
				-0.46686697006225586,
				-0.3712676465511322,
				1.094452142715454,
				0.8805142641067505,
				0.3291301429271698,
				0.1307518184185028,
				0.7694169282913208
			],
			[
				0.04751896858215332,
				-0.3615744113922119,
				-0.16495013236999512,
				-0.14255046844482422,
				-0.18245649337768555,
				0.4532557725906372,
				-0.09839963912963867,
				-0.30003559589385986
			],
			[
				-0.3791811466217041,
				0.2630218267440796,
				0.10787606239318848,
				-0.3790292739868164,
				-0.05776047706604004,
				0.34444379806518555,
				0.12613487243652344,
				0.1993645429611206
			],
			[
				-0.31596243381500244,
				0.26250624656677246,
				0.19828200340270996,
				0.0950583890080452,
				-0.09663664549589157,
				0.3005339503288269,
				0.11753639578819275,
				-0.3312728703022003
			],
			[
				0.2601666748523712,
				0.11270487308502197,
				0.20452752709388733,
				1.963280200958252,
				1.8047534227371216,
				0.1450483798980713,
				0.17401885986328125,
				1.4124293327331543
			],
			[
				0.20797419548034668,
				-0.27161991596221924,
				0.2375272512435913,
				-0.00985635258257389,
				-0.24315764009952545,
				0.35921210050582886,
				0.17065489292144775,
				-0.006060902029275894
			],
			[
				0.21873153746128082,
				-0.154563307762146,
				-0.3688852787017822,
				2.7398600578308105,
				3.2740914821624756,
				-0.22378741204738617,
				-0.1778484582901001,
				2.700812339782715
			]
		],
		"weight_1": [
			-0.003162276465445757,
			0.0,
			-0.020751552656292915,
			0.6238188147544861,
			0.6324551701545715,
			-0.07659579813480377,
			-0.007080247160047293,
			0.6139469146728516
		]
	},
	"layer_2": {
		"weight_0": [
			[
				0.4910154938697815,
				0.6380931735038757,
				-0.12475705146789551,
				-0.5914635062217712
			],
			[
				-0.58172208070755,
				0.3978925347328186,
				0.195900559425354,
				-0.6063567399978638
			],
			[
				-0.052851974964141846,
				0.32494038343429565,
				0.5560867190361023,
				-0.37798622250556946
			],
			[
				-0.5656418800354004,
				-0.5772578716278076,
				-0.6787831783294678,
				1.462052583694458
			],
			[
				-0.37001144886016846,
				-0.5201511383056641,
				0.4143274128437042,
				2.4242477416992188
			],
			[
				0.6201986074447632,
				-0.54632568359375,
				0.44977396726608276,
				-0.37747982144355774
			],
			[
				-0.5803837776184082,
				0.1739445924758911,
				0.45273712277412415,
				-0.09682142734527588
			],
			[
				0.04010702297091484,
				-0.61365807056427,
				0.3187752664089203,
				1.8951361179351807
			]
		],
		"weight_1": [
			0.05118834599852562,
			0.0,
			-0.25514084100723267,
			0.6751990914344788
		]
	},
	"layer_3": {
		"weight_0": [
			[
				0.05234237387776375
			],
			[
				0.2708815336227417
			],
			[
				-0.2634047567844391
			],
			[
				2.3110220432281494
			]
		],
		"weight_1": [
			0.654666543006897
		]
	}
}