{
	"layer_0": {
		"weight_0": [
			[
				0.9566645622253418,
				1.1746262311935425,
				0.5467972755432129,
				0.7348976135253906,
				-0.5542590618133545,
				1.04400634765625,
				0.06789521872997284,
				1.3413513898849487,
				-0.3990307152271271,
				0.6957650780677795,
				0.373407244682312,
				-0.2767122983932495,
				0.11754710972309113,
				0.2852509021759033,
				-0.015580415725708008,
				1.2719966173171997
			],
			[
				-0.288617879152298,
				-0.18218383193016052,
				-0.5160053372383118,
				-1.662127137184143,
				0.003925692290067673,
				-0.5421735048294067,
				0.024933623149991035,
				-0.9507574439048767,
				0.030724039301276207,
				0.7458590865135193,
				-1.1426552534103394,
				-0.058105647563934326,
				-0.5222127437591553,
				-0.16393253207206726,
				-0.44799602031707764,
				-0.2832239866256714
			]
		],
		"weight_1": [
			0.6879377365112305,
			0.7712156772613525,
			0.7031803727149963,
			0.400235652923584,
			-0.009341739118099213,
			0.4793362617492676,
			-0.09301196038722992,
			0.7276995778083801,
			-0.03605830669403076,
			0.3493969738483429,
			0.42770373821258545,
			0.0,
			-0.05195306986570358,
			-0.26883363723754883,
			0.0,
			0.7352170944213867
		]
	},
	"layer_1": {
		"weight_0": [
			[
				0.7063287496566772,
				0.1708560585975647,
				0.5065910220146179,
				0.17255046963691711,
				0.029654355719685555,
				0.05802588909864426,
				0.5812679529190063,
				0.3156510889530182
			],
			[
				0.30752527713775635,
				-0.19585919380187988,
				0.4940093457698822,
				0.30127382278442383,
				0.5313830375671387,
				0.6908630132675171,
				0.25183171033859253,
				0.6439157128334045
			],
			[
				0.5806853175163269,
				0.12858521938323975,
				0.4257662892341614,
				0.38489818572998047,
				0.24330702424049377,
				0.7265534996986389,
				0.48552119731903076,
				0.9838821291923523
			],
			[
				1.1885873079299927,
				1.6375116109848022,
				-1.1469576358795166,
				1.8737285137176514,
				-0.31849804520606995,
				1.6512460708618164,
				1.1574231386184692,
				1.5981438159942627
			],
			[
				0.0216597318649292,
				0.25830233097076416,
				-0.021224040538072586,
				-0.1072750836610794,
				0.2419893592596054,
				0.1795104295015335,
				-0.40028804540634155,
				-0.08164969831705093
			],
			[
				0.2761053442955017,
				0.3561379909515381,
				-0.2502899467945099,
				0.6699607968330383,
				-0.2854818105697632,
				0.23834556341171265,
				0.518811047077179,
				0.4407506287097931
			],
			[
				0.48619505763053894,
				-0.4004930853843689,
				0.06655272096395493,
				-0.4323398470878601,
				-0.2507627606391907,
				0.48050516843795776,
				-0.3005063533782959,
				0.007319039199501276
			],
			[
				1.5698256492614746,
				1.629443883895874,
				-0.9694543480873108,
				1.357913851737976,
				-0.6287813782691956,
				1.1885234117507935,
				1.0186071395874023,
				0.973836362361908
			],
			[
				-0.13035672903060913,
				0.17388491332530975,
				0.3776859641075134,
				0.10945568978786469,
				0.38278961181640625,
				0.3562581539154053,
				-0.2571393847465515,
				-0.011582990176975727
			],
			[
				-0.26227867603302,
				-0.256438672542572,
				1.065740704536438,
				-0.32086390256881714,
				0.5178182721138,
				-0.20030426979064941,
				-0.18820863962173462,
				0.27821245789527893
			],
			[
				1.1452040672302246,
				1.3354036808013916,
				-0.11636606603860855,
				0.7734121680259705,
				-0.0851566419005394,
				1.3241788148880005,
				1.4816782474517822,
				1.0954253673553467
			],
			[
				0.18466925621032715,
				-0.2635610103607178,
				0.1688603162765503,
				-0.3084714412689209,
				0.09952843189239502,
				0.16701960563659668,
				0.3403681516647339,
				0.3191955089569092
			],
			[
				0.5349870920181274,
				-0.2238457351922989,
				-0.16277694702148438,
				-0.26086661219596863,
				-0.2917180061340332,
				-0.32291704416275024,
				0.14990530908107758,
				0.053193703293800354
			],
			[
				-0.18994750082492828,
				0.362255334854126,
				0.43721941113471985,
				-0.2530054450035095,
				-0.11668452620506287,
				-0.13097022473812103,
				-0.12081646919250488,
				-0.12912939488887787
			],
			[
				0.19963693618774414,
				0.43400585651397705,
				-0.42710041999816895,
				-0.0011860132217407227,
				0.3934347629547119,
				-0.2807203531265259,
				-0.31820714473724365,
				0.4325437545776367
			],
			[
				0.06674303114414215,
				0.3655158281326294,
				0.16582214832305908,
				0.8295808434486389,
				0.03252089396119118,
				0.4468747675418854,
				0.7356008887290955,
				0.37224361300468445
			]
		],
		"weight_1": [
			0.7047786116600037,
			0.7069993019104004,
			-0.2185116559267044,
			0.7000972628593445,
			-0.06035377085208893,
			0.7048300504684448,
			0.7096586227416992,
			0.7189862132072449
		]
	},
	"layer_2": {
		"weight_0": [
			[
				0.2553195357322693,
				1.2691959142684937,
				-0.6199030876159668,
				0.48696598410606384
			],
			[
				1.580546498298645,
				1.0019621849060059,
				0.43369513750076294,
				0.4008278548717499
			],
			[
				-1.393804907798767,
				-1.7981036901474,
				-0.1879505217075348,
				0.46561917662620544
			],
			[
				1.434202790260315,
				1.5469030141830444,
				0.045647796243429184,
				0.08160027116537094
			],
			[
				-0.7469890713691711,
				-0.8696132302284241,
				-0.46762484312057495,
				0.3512667417526245
			],
			[
				0.357361376285553,
				1.205039381980896,
				0.1582755148410797,
				0.09778480231761932
			],
			[
				0.6121050119400024,
				0.9316177368164062,
				-0.3320554196834564,
				-0.7154601812362671
			],
			[
				0.8534727096557617,
				1.0960832834243774,
				-0.09338407963514328,
				-0.5786340236663818
			]
		],
		"weight_1": [
			0.7177360653877258,
			0.7106018662452698,
			-0.02695426531136036,
			-0.029898345470428467
		]
	},
	"layer_3": {
		"weight_0": [
			[
				1.0696852207183838
			],
			[
				1.4303516149520874
			],
			[
				-0.6625048518180847
			],
			[
				-0.8316208124160767
			]
		],
		"weight_1": [
			0.699289083480835
		]
	}
}