{
	"layer_0": {
		"weight_0": [
			[
				3.1083598136901855,
				0.759728729724884,
				0.37429773807525635,
				0.047586724162101746,
				0.3835484981536865,
				0.3583609461784363,
				0.14891357719898224,
				0.5851192474365234,
				-0.19277572631835938,
				-0.02325969934463501,
				1.9972214698791504,
				2.5042405128479004,
				0.5186817646026611,
				1.2528647184371948,
				0.6523652672767639,
				-0.23946790397167206
			],
			[
				0.09427157789468765,
				-0.5783210396766663,
				-1.5307135581970215,
				-0.21227353811264038,
				-2.4265518188476562,
				-3.3477213382720947,
				-0.39557430148124695,
				-0.6853161454200745,
				-0.20718339085578918,
				-0.11543455719947815,
				-0.02579570934176445,
				0.0008379500359296799,
				-5.009331226348877,
				-0.6740037798881531,
				-6.345431804656982,
				0.02842606231570244
			]
		],
		"weight_1": [
			0.03386196494102478,
			0.5223948359489441,
			0.6190575361251831,
			-0.02483198046684265,
			0.5253974795341492,
			0.4044533371925354,
			0.7973770499229431,
			0.4204467236995697,
			0.0,
			0.0,
			0.04978689178824425,
			0.009397556073963642,
			0.26557379961013794,
			0.002958555705845356,
			0.1499686986207962,
			-0.030493490397930145
		]
	},
	"layer_1": {},
	"layer_2": {
		"weight_0": [
			[
				-0.21603472530841827,
				-2.338452100753784,
				-0.34561288356781006,
				-5.06999397277832,
				0.6726607084274292,
				0.48775994777679443,
				-0.20597989857196808,
				0.9600724577903748
			],
			[
				0.1889268159866333,
				0.09137577563524246,
				0.06297814846038818,
				0.6681877970695496,
				0.9651473164558411,
				0.6057682633399963,
				0.9793579578399658,
				-0.2902430593967438
			],
			[
				0.30428546667099,
				1.0677752494812012,
				-0.19501030445098877,
				0.8903418779373169,
				0.9759630560874939,
				1.1006728410720825,
				1.077641248703003,
				-0.6771550178527832
			],
			[
				-0.2575163245201111,
				0.022661566734313965,
				-0.19229137897491455,
				0.20483660697937012,
				0.2896004021167755,
				-0.33277684450149536,
				-0.3567557632923126,
				-0.4716040790081024
			],
			[
				1.7765542268753052,
				1.4063810110092163,
				-0.4866347312927246,
				1.1768616437911987,
				1.382517695426941,
				0.9619655609130859,
				1.7212382555007935,
				-0.3327120840549469
			],
			[
				2.320918560028076,
				0.8935890793800354,
				-0.22976410388946533,
				1.5265384912490845,
				2.0548813343048096,
				2.314269542694092,
				2.410127878189087,
				0.2500208616256714
			],
			[
				0.5096874237060547,
				1.2199580669403076,
				-0.08590912818908691,
				0.4994361102581024,
				0.5920317769050598,
				0.1317758858203888,
				0.29754313826560974,
				-0.6861079931259155
			],
			[
				0.36346203088760376,
				0.5586560368537903,
				0.0034061670303344727,
				0.20219247043132782,
				0.7272690534591675,
				0.3249683678150177,
				0.6298262476921082,
				0.2505415976047516
			],
			[
				-0.2077319622039795,
				-0.19617986679077148,
				0.2558354139328003,
				0.13204514980316162,
				-0.025625228881835938,
				-0.09261202812194824,
				-0.2432945966720581,
				0.117331862449646
			],
			[
				0.4557274580001831,
				0.3390277624130249,
				-0.486832857131958,
				0.056813836097717285,
				0.32033538818359375,
				-0.4364657402038574,
				-0.25390303134918213,
				0.05957341194152832
			],
			[
				0.9699420928955078,
				-2.044508457183838,
				-0.20383644104003906,
				-3.7454936504364014,
				0.40452006459236145,
				0.7553598880767822,
				0.13232506811618805,
				0.7367510199546814
			],
			[
				0.4669494032859802,
				-1.7758653163909912,
				-0.062488436698913574,
				-4.585179805755615,
				0.05795326456427574,
				-0.19116660952568054,
				0.2894369959831238,
				0.11245156079530716
			],
			[
				3.6395788192749023,
				-0.5369386672973633,
				-0.08596551418304443,
				0.43369656801223755,
				3.250056028366089,
				3.659721612930298,
				3.277812957763672,
				2.4526944160461426
			],
			[
				0.7691136002540588,
				-1.1111626625061035,
				-0.3596535921096802,
				-1.1045949459075928,
				0.9212446212768555,
				0.5839462876319885,
				0.42742475867271423,
				0.5881039500236511
			],
			[
				4.9243550300598145,
				-1.1412839889526367,
				0.1633899211883545,
				-0.05095129460096359,
				4.196918487548828,
				4.382599830627441,
				4.816420555114746,
				2.7342312335968018
			],
			[
				0.11997189372777939,
				0.3328961133956909,
				-0.1231379508972168,
				-0.30407845973968506,
				-0.35088014602661133,
				-0.2307082861661911,
				0.053769271820783615,
				0.2314833104610443
			]
		],
		"weight_1": [
			0.26215746998786926,
			0.8573042154312134,
			0.0,
			0.39844420552253723,
			0.25080013275146484,
			0.253021776676178,
			0.2579610049724579,
			-1.4775152206420898
		]
	},
	"layer_3": {},
	"layer_4": {
		"weight_0": [
			[
				0.1686679720878601,
				1.9298207759857178,
				-0.15900148451328278,
				0.814709484577179
			],
			[
				-0.3656933605670929,
				-1.9347320795059204,
				0.9589308500289917,
				-2.186898946762085
			],
			[
				-0.20372843742370605,
				-0.09926646947860718,
				0.3895227313041687,
				0.0876111388206482
			],
			[
				-0.6313484907150269,
				-3.7222177982330322,
				0.5072677731513977,
				-2.536663055419922
			],
			[
				-0.13223624229431152,
				0.9734190106391907,
				-0.27012914419174194,
				1.6703015565872192
			],
			[
				-0.11069226264953613,
				1.4075855016708374,
				-0.2520467936992645,
				1.653639793395996
			],
			[
				-0.5328792929649353,
				1.4522463083267212,
				-0.773106575012207,
				1.8986396789550781
			],
			[
				-0.6497008800506592,
				-2.8810222148895264,
				0.06544798612594604,
				-1.9156370162963867
			]
		],
		"weight_1": [
			0.0,
			0.24894677102565765,
			-0.10610757023096085,
			0.2473183125257492
		]
	},
	"layer_5": {},
	"layer_6": {
		"weight_0": [
			[
				-0.31783992052078247
			],
			[
				2.1734957695007324
			],
			[
				-3.6180200576782227
			],
			[
				2.101442337036133
			]
		],
		"weight_1": [
			0.24604487419128418
		]
	}
}