{
	"layer_0": {
		"weight_0": 0.0,
		"weight_1": 1.0,
		"weight_2": -1
	},
	"layer_1": {
		"weight_0": [
			0.0,
			0.5392251014709473,
			0.7817521691322327,
			1.0757830142974854,
			0.0014546308666467667,
			0.8035852313041687,
			-0.0023289271630346775,
			0.8391309976577759,
			1.3437442779541016,
			0.0,
			0.8537271022796631,
			0.0,
			0.024629749357700348,
			0.1451387107372284,
			0.0,
			0.3776760399341583
		],
		"weight_1": [
			[
				-0.2779068350791931,
				0.6960687041282654,
				1.0035417079925537,
				1.324543833732605,
				2.474921941757202,
				0.7900092601776123,
				0.041761402040719986,
				0.5880970358848572,
				-0.18972013890743256,
				-0.3505018949508667,
				1.0979162454605103,
				-0.2727617025375366,
				5.488900661468506,
				-0.29613202810287476,
				-0.11691460013389587,
				-0.6420596837997437
			],
			[
				-0.3175792396068573,
				-6.551121234893799,
				0.16262447834014893,
				-0.1768113076686859,
				2.924039125442505,
				-2.6397032737731934,
				-0.3763514459133148,
				-4.541118144989014,
				0.5437412261962891,
				-0.11042681336402893,
				0.2017308473587036,
				-0.4740583002567291,
				0.586612343788147,
				2.6399083137512207,
				-0.4645252823829651,
				3.6122090816497803
			]
		],
		"weight_2": -1,
		"weight_3": -6.549192428588867,
		"weight_4": 6.549192428588867,
		"weight_5": -5.619654655456543,
		"weight_6": 5.8394389152526855
	},
	"layer_2": {
		"weight_0": -1,
		"weight_1": -3.3394137455289297e-10,
		"weight_2": 5.769134998321533
	},
	"layer_3": {
		"weight_0": [
			-0.8535399436950684,
			1.0334776639938354,
			0.0,
			0.9371774196624756,
			0.29175108671188354,
			0.3638673722743988,
			-0.6806120276451111,
			0.7130604386329651
		],
		"weight_1": [
			[
				0.0720670223236084,
				0.39822518825531006,
				-0.22481966018676758,
				-0.32129836082458496,
				-0.05287063121795654,
				-0.028031110763549805,
				0.2659170627593994,
				0.47883546352386475
			],
			[
				0.32715070247650146,
				-0.12137075513601303,
				-0.031679511070251465,
				4.486343860626221,
				1.891900658607483,
				0.7269577383995056,
				-0.281566858291626,
				4.66337251663208
			],
			[
				-0.5727733969688416,
				0.21795079112052917,
				0.43890810012817383,
				0.7314167618751526,
				-0.25636449456214905,
				0.09224262088537216,
				0.3371640145778656,
				0.6461466550827026
			],
			[
				-0.531154990196228,
				0.22195318341255188,
				-0.22248375415802002,
				1.069854497909546,
				0.24443665146827698,
				-0.4345017373561859,
				-0.12385762482881546,
				0.5157095789909363
			],
			[
				0.20316553115844727,
				-0.22729606926441193,
				-0.08457720279693604,
				0.5321453213691711,
				-0.7833752036094666,
				-1.3335884809494019,
				0.5624040365219116,
				0.36826780438423157
			],
			[
				-0.022623881697654724,
				0.691044807434082,
				-0.24022841453552246,
				2.0128400325775146,
				1.0469566583633423,
				-0.18102411925792694,
				-0.17018847167491913,
				1.9042561054229736
			],
			[
				-0.18967846035957336,
				0.3136259615421295,
				0.006427645683288574,
				-0.517278790473938,
				-0.3914969563484192,
				-0.13694369792938232,
				0.165480375289917,
				0.1557808667421341
			],
			[
				-0.47069719433784485,
				0.9706923961639404,
				-0.23921024799346924,
				2.7345449924468994,
				1.5498642921447754,
				0.44476231932640076,
				-0.41795775294303894,
				2.648756504058838
			],
			[
				-0.2723650634288788,
				0.29502201080322266,
				-0.29222404956817627,
				0.5406885743141174,
				-0.21373985707759857,
				0.7549638152122498,
				-0.847621500492096,
				0.4831862151622772
			],
			[
				-0.3072441816329956,
				0.30137479305267334,
				0.033271193504333496,
				-0.34286975860595703,
				-0.012521743774414062,
				-0.338101863861084,
				-0.18944501876831055,
				-0.006010293960571289
			],
			[
				-0.014976528473198414,
				-0.1378643810749054,
				-0.19722843170166016,
				1.029646396636963,
				0.11878453940153122,
				-0.034094810485839844,
				-0.4078144431114197,
				0.4053269326686859
			],
			[
				0.3198554515838623,
				0.15315675735473633,
				-0.31192779541015625,
				-0.3083409070968628,
				0.23533344268798828,
				-0.42554593086242676,
				0.4488786458969116,
				0.424338698387146
			],
			[
				0.580010175704956,
				-1.907391905784607,
				-0.3129678964614868,
				0.3576933443546295,
				0.24367085099220276,
				-4.729580879211426,
				0.5733705759048462,
				0.45943817496299744
			],
			[
				-0.3714064657688141,
				0.24075564742088318,
				0.4250293970108032,
				-0.44371888041496277,
				-3.909079074859619,
				0.8557355999946594,
				0.12342260777950287,
				-1.2383333444595337
			],
			[
				0.46994006633758545,
				-0.4176595211029053,
				0.30192649364471436,
				0.4727591276168823,
				0.4872626066207886,
				0.07962191104888916,
				0.07404279708862305,
				0.00823974609375
			],
			[
				-0.2575755715370178,
				0.13528506457805634,
				-0.14532554149627686,
				-0.738929271697998,
				-4.156966686248779,
				0.3834925889968872,
				-0.42723432183265686,
				-0.9513795971870422
			]
		],
		"weight_2": -1,
		"weight_3": -4.729580879211426,
		"weight_4": 4.729580879211426,
		"weight_5": -30.020387649536133,
		"weight_6": 14.669317245483398
	},
	"layer_4": {
		"weight_0": -1,
		"weight_1": -3.3394137455289297e-10,
		"weight_2": 14.17970085144043
	},
	"layer_5": {
		"weight_0": [
			0.9422554969787598,
			0.21637798845767975,
			-0.003162262961268425,
			-0.4665868878364563
		],
		"weight_1": [
			[
				-1.6924740076065063,
				1.7596139907836914,
				-0.29492154717445374,
				1.0832173824310303
			],
			[
				-1.451015591621399,
				1.388047218322754,
				-0.240960955619812,
				1.807186245918274
			],
			[
				0.7068483233451843,
				0.3418322205543518,
				0.0707663893699646,
				-0.4646061062812805
			],
			[
				1.71234130859375,
				-0.5346956849098206,
				-0.2974534332752228,
				0.024157531559467316
			],
			[
				3.969259738922119,
				-0.5957474112510681,
				-0.4782204031944275,
				-2.917668104171753
			],
			[
				-2.920003890991211,
				2.8958582878112793,
				-0.05645805597305298,
				2.566056966781616
			],
			[
				-1.4116954803466797,
				0.013202419504523277,
				0.05139916390180588,
				0.8553307056427002
			],
			[
				1.564060926437378,
				0.4514773488044739,
				-0.15225988626480103,
				-0.01384120061993599
			]
		],
		"weight_2": -1,
		"weight_3": -3.969259738922119,
		"weight_4": 3.969259738922119,
		"weight_5": -6.306858062744141,
		"weight_6": 43.395782470703125
	},
	"layer_6": {
		"weight_0": -1,
		"weight_1": -3.3394137455289297e-10,
		"weight_2": 42.02383041381836
	},
	"layer_7": {
		"weight_0": [
			1.3244261741638184
		],
		"weight_1": [
			[
				3.274294137954712
			],
			[
				-2.9648420810699463
			],
			[
				-0.8275194764137268
			],
			[
				-3.2451698780059814
			]
		],
		"weight_2": -1,
		"weight_3": -3.27591609954834,
		"weight_4": 3.27591609954834,
		"weight_5": -0.053529247641563416,
		"weight_6": 134.532470703125
	}
}