{
	"layer_0": {
		"weight_0": 0.0,
		"weight_1": 1.0,
		"weight_2": -1
	},
	"layer_1": {
		"weight_0": [
			0.4061821401119232,
			0.8533810377120972,
			0.03273593261837959,
			0.2794542610645294,
			0.16703130304813385,
			0.10747308284044266,
			0.0,
			0.0,
			0.97960364818573,
			0.3868744671344757,
			0.37775495648384094,
			0.0,
			0.497189998626709,
			0.3765958547592163,
			1.8473988771438599,
			0.3241161108016968
		],
		"weight_1": [
			[
				0.4681396186351776,
				0.10311929881572723,
				4.196938514709473,
				0.7555679678916931,
				0.78425133228302,
				0.9912009239196777,
				-0.38050365447998047,
				-0.1100274920463562,
				-0.09647003561258316,
				1.5780367851257324,
				1.713844895362854,
				-0.5725592970848083,
				0.6189310550689697,
				2.059777021408081,
				-1.3508505821228027,
				0.5311005711555481
			],
			[
				-2.9389536380767822,
				-2.5105950832366943,
				0.4073442816734314,
				-1.8902275562286377,
				-5.456417083740234,
				-7.943183422088623,
				-0.20648768544197083,
				-0.28175169229507446,
				-1.3609410524368286,
				-0.5371566414833069,
				-0.4691047966480255,
				-0.5430523157119751,
				-1.3187780380249023,
				-0.4080127477645874,
				-0.5331424474716187,
				-4.073399543762207
			]
		],
		"weight_2": -1,
		"weight_3": -7.943183422088623,
		"weight_4": 7.943183422088623,
		"weight_5": -7.417670726776123,
		"weight_6": 4.455611228942871
	},
	"layer_2": {
		"weight_0": -1,
		"weight_1": -3.3394137455289297e-10,
		"weight_2": 4.428894996643066
	},
	"layer_3": {
		"weight_0": [
			0.5527961850166321,
			0.44648995995521545,
			0.4104102551937103,
			0.7836107611656189,
			-0.11520719528198242,
			0.3919336795806885,
			0.0,
			0.04142240807414055
		],
		"weight_1": [
			[
				1.022822380065918,
				1.77327561378479,
				1.7033720016479492,
				-0.07566569745540619,
				1.6406595706939697,
				1.4844892024993896,
				-0.32825589179992676,
				-0.8603590130805969
			],
			[
				0.6002820134162903,
				1.0712991952896118,
				-0.4318884611129761,
				0.9990394711494446,
				0.8539387583732605,
				0.6129938960075378,
				0.3970440626144409,
				0.1734829843044281
			],
			[
				-0.4521767795085907,
				-0.20779158174991608,
				0.9163571000099182,
				-3.991896390914917,
				0.059236738830804825,
				0.19825972616672516,
				-0.15459048748016357,
				-0.5942379236221313
			],
			[
				0.8976303935050964,
				0.6529181599617004,
				2.663655996322632,
				-0.15501488745212555,
				1.0908746719360352,
				0.28456684947013855,
				-0.4512718915939331,
				0.2709027826786041
			],
			[
				2.6910791397094727,
				3.133700370788574,
				4.786276817321777,
				-1.4438140392303467,
				3.4877285957336426,
				2.4675352573394775,
				0.4560561180114746,
				-0.5681164264678955
			],
			[
				4.9592719078063965,
				4.919117450714111,
				4.586363315582275,
				-2.2815239429473877,
				5.848752021789551,
				4.726877212524414,
				-0.25736117362976074,
				-0.0004951264709234238
			],
			[
				0.14917504787445068,
				-0.40320253372192383,
				0.021387338638305664,
				-0.09791779518127441,
				0.25182950496673584,
				0.162864089012146,
				-0.08857738971710205,
				-0.4222041368484497
			],
			[
				0.26521873474121094,
				-0.4233604669570923,
				0.34452664852142334,
				0.2856827974319458,
				-0.18459486961364746,
				-0.2129683494567871,
				-0.46052849292755127,
				0.2603105306625366
			],
			[
				0.5959486961364746,
				0.583808958530426,
				-0.620033323764801,
				0.6181537508964539,
				0.22475549578666687,
				0.34377163648605347,
				-0.138147234916687,
				0.24307692050933838
			],
			[
				0.7130552530288696,
				0.5306506752967834,
				0.3296361565589905,
				-0.8375963568687439,
				0.6901868581771851,
				0.4325923025608063,
				0.06635260581970215,
				-0.2993135452270508
			],
			[
				0.3046027719974518,
				0.6347506642341614,
				0.3736562132835388,
				-1.0162148475646973,
				0.15870442986488342,
				0.557375967502594,
				-0.4569728374481201,
				-0.5873188972473145
			],
			[
				0.03047466278076172,
				-0.38404083251953125,
				0.2513788938522339,
				-0.26846742630004883,
				-0.25929367542266846,
				0.4826366901397705,
				0.4188781976699829,
				-0.4744586944580078
			],
			[
				0.3031432330608368,
				0.4514460861682892,
				0.9184216260910034,
				0.3158448040485382,
				1.2948970794677734,
				0.8480107188224792,
				0.28510427474975586,
				-0.07861928641796112
			],
			[
				0.9954304695129395,
				0.1282491683959961,
				0.6965151429176331,
				-1.4947773218154907,
				0.8061071634292603,
				0.5329701900482178,
				-0.1561572551727295,
				-0.08844280242919922
			],
			[
				0.5790097117424011,
				0.2903226912021637,
				-0.7434572577476501,
				1.558455228805542,
				-0.28902482986450195,
				0.5819970965385437,
				-0.45497846603393555,
				0.34139278531074524
			],
			[
				1.9400368928909302,
				2.1534523963928223,
				2.581967353820801,
				-0.8433381915092468,
				1.7220110893249512,
				1.7206366062164307,
				0.41364479064941406,
				-2.336923599243164
			]
		],
		"weight_2": -1,
		"weight_3": -5.848752021789551,
		"weight_4": 5.848752021789551,
		"weight_5": -22.426265716552734,
		"weight_6": 9.35248851776123
	},
	"layer_4": {
		"weight_0": -1,
		"weight_1": -3.3394137455289297e-10,
		"weight_2": 8.894604682922363
	},
	"layer_5": {
		"weight_0": [
			0.22817355394363403,
			-0.8760368824005127,
			0.26835280656814575,
			0.0
		],
		"weight_1": [
			[
				0.5876448154449463,
				-0.658076822757721,
				1.2942241430282593,
				0.13689130544662476
			],
			[
				1.2150477170944214,
				-0.3728969097137451,
				1.3933234214782715,
				-0.2449072301387787
			],
			[
				0.8316818475723267,
				1.2239347696304321,
				1.654287576675415,
				-0.23405173420906067
			],
			[
				-2.0911314487457275,
				2.396244525909424,
				-2.621878147125244,
				-0.12994545698165894
			],
			[
				0.9608762860298157,
				0.44348615407943726,
				1.3455090522766113,
				-0.659321665763855
			],
			[
				1.2470186948776245,
				-0.3356872797012329,
				0.968928873538971,
				-0.4547029435634613
			],
			[
				-0.2674423158168793,
				0.021446168422698975,
				0.3620430827140808,
				-0.17034339904785156
			],
			[
				3.9983599185943604,
				-2.176448345184326,
				2.204036235809326,
				-0.043124496936798096
			]
		],
		"weight_2": -1,
		"weight_3": -3.9983599185943604,
		"weight_4": 3.9983599185943604,
		"weight_5": -9.91882038116455,
		"weight_6": 44.91511917114258
	},
	"layer_6": {
		"weight_0": -1,
		"weight_1": -3.3394137455289297e-10,
		"weight_2": 43.01756286621094
	},
	"layer_7": {
		"weight_0": [
			0.27918368577957153
		],
		"weight_1": [
			[
				1.6521891355514526
			],
			[
				-4.775282382965088
			],
			[
				2.4108216762542725
			],
			[
				-0.3652490973472595
			]
		],
		"weight_2": -1,
		"weight_3": -4.774535655975342,
		"weight_4": 4.774535655975342,
		"weight_5": -0.04423952475190163,
		"weight_6": 138.00686645507812
	}
}