{
	"layer_0": {
		"weight_0": [
			[
				-0.04452306032180786,
				-0.39786016941070557,
				0.546715259552002,
				-0.560808539390564,
				0.3815186023712158,
				0.10498450696468353,
				-0.13330930471420288,
				-0.4462031126022339,
				0.3943265676498413,
				-0.26655715703964233,
				0.37908491492271423,
				0.2802976965904236,
				-0.3188866674900055,
				-0.13093683123588562,
				-0.21385683119297028,
				0.279143750667572
			],
			[
				-0.4648649990558624,
				0.37218815088272095,
				-0.4851073920726776,
				0.3627701997756958,
				-0.02781953290104866,
				-0.44760987162590027,
				0.21725162863731384,
				-0.43862801790237427,
				-0.33347219228744507,
				0.2526504397392273,
				0.09568104892969131,
				-0.3558575510978699,
				0.0878242552280426,
				-0.2323669195175171,
				0.11163043230772018,
				0.3855494260787964
			]
		],
		"weight_1": [
			0.0,
			0.02045648731291294,
			0.05813635140657425,
			-0.01726370118558407,
			-0.05606391280889511,
			-0.03728688135743141,
			0.06870024651288986,
			0.0,
			0.07171942293643951,
			0.07247238606214523,
			-0.0486421063542366,
			-0.04328251630067825,
			0.033200137317180634,
			0.0,
			-0.017924349755048752,
			-0.056059472262859344
		]
	},
	"layer_1": {
		"weight_0": [
			[
				-0.37844347953796387,
				0.4641702175140381,
				0.3242835998535156,
				0.044817447662353516,
				0.06380569934844971,
				0.304510235786438,
				0.2284238338470459,
				-0.20719635486602783
			],
			[
				-0.29958295822143555,
				-0.10205113142728806,
				-0.374113529920578,
				0.18714071810245514,
				-0.24587655067443848,
				0.3916749060153961,
				-0.4430212080478668,
				0.22166548669338226
			],
			[
				-0.05295109748840332,
				-0.1483175903558731,
				0.07747573405504227,
				0.019029516726732254,
				-0.431302547454834,
				-0.41953301429748535,
				-0.2744337320327759,
				0.2571117877960205
			],
			[
				-0.29753577709198,
				-0.18121899664402008,
				-0.10813593864440918,
				-0.25913864374160767,
				-0.02289259433746338,
				-0.07259946316480637,
				0.14380869269371033,
				0.28611624240875244
			],
			[
				0.05599057674407959,
				0.39469578862190247,
				0.1472828984260559,
				0.3485986590385437,
				0.09305119514465332,
				-0.014918342232704163,
				0.42818236351013184,
				0.0008350561838597059
			],
			[
				0.11400115489959717,
				0.14236164093017578,
				-0.2601110339164734,
				0.3014547526836395,
				-0.0012298822402954102,
				-0.20984792709350586,
				-0.1684805303812027,
				0.23118293285369873
			],
			[
				-0.12077832221984863,
				-0.08408566564321518,
				0.3611065447330475,
				-0.13676556944847107,
				-0.2493988275527954,
				0.27099522948265076,
				-0.27119138836860657,
				-0.0510139986872673
			],
			[
				0.22978663444519043,
				0.2639150619506836,
				0.2789444923400879,
				-0.0017154216766357422,
				-0.4701155424118042,
				-0.014972448348999023,
				0.40530526638031006,
				0.054360151290893555
			],
			[
				-0.08681380748748779,
				0.2307402491569519,
				-0.09708012640476227,
				-0.09041818231344223,
				0.056980133056640625,
				0.4949615001678467,
				-0.17019875347614288,
				0.196943998336792
			],
			[
				0.41488802433013916,
				0.4723982512950897,
				0.014285034500062466,
				-0.1595258116722107,
				0.3957490921020508,
				-0.18066740036010742,
				-0.2881488800048828,
				0.30448782444000244
			],
			[
				-0.3763692378997803,
				-0.1940261721611023,
				0.3211625814437866,
				0.26358556747436523,
				0.12550747394561768,
				-0.4346080422401428,
				-0.3100164234638214,
				0.18864025175571442
			],
			[
				0.2952038049697876,
				-0.4717024564743042,
				-0.0718327984213829,
				0.21481744945049286,
				-0.07218766212463379,
				-0.4899183511734009,
				0.2793785333633423,
				-0.37718531489372253
			],
			[
				-0.4828833341598511,
				0.2769237160682678,
				0.43348294496536255,
				0.13255077600479126,
				-0.29779815673828125,
				-0.141644686460495,
				-0.10155872255563736,
				-0.27757492661476135
			],
			[
				0.214202880859375,
				0.4098607301712036,
				0.18615293502807617,
				0.3927116394042969,
				-0.48638641834259033,
				-0.0034027099609375,
				0.10435926914215088,
				-0.4877433776855469
			],
			[
				0.1281583309173584,
				-0.11767246574163437,
				-0.12249994277954102,
				-0.12956582009792328,
				-0.05964219570159912,
				-0.07540210336446762,
				0.4178270697593689,
				0.08418324589729309
			],
			[
				-0.10208570957183838,
				-0.21935996413230896,
				-0.5047976970672607,
				0.312623530626297,
				-0.21035516262054443,
				0.005300432443618774,
				0.3097371459007263,
				-0.15171170234680176
			]
		],
		"weight_1": [
			0.0,
			-0.0025892434641718864,
			-0.00718281464651227,
			-0.05859667807817459,
			0.0,
			-0.026384172961115837,
			-0.056545574218034744,
			-0.053058214485645294
		]
	},
	"layer_2": {
		"weight_0": [
			[
				0.30643266439437866,
				0.17828047275543213,
				0.5719446539878845,
				-0.13371658325195312
			],
			[
				-0.3193891644477844,
				-0.5816160440444946,
				0.15131601691246033,
				0.06476354598999023
			],
			[
				-0.6145246624946594,
				-0.6236070990562439,
				0.018608421087265015,
				0.022844718769192696
			],
			[
				-0.3926902711391449,
				-0.5333602428436279,
				-0.5432482361793518,
				0.17545214295387268
			],
			[
				0.5603148341178894,
				0.2205667495727539,
				-0.1929330825805664,
				-0.07758861780166626
			],
			[
				-0.21915030479431152,
				0.6957687735557556,
				-0.47225862741470337,
				0.48766475915908813
			],
			[
				0.6091576218605042,
				-0.105013906955719,
				0.2671051621437073,
				0.23028601706027985
			],
			[
				-0.19520682096481323,
				-0.6709473729133606,
				-0.5175428986549377,
				0.0957900807261467
			]
		],
		"weight_1": [
			0.0,
			-0.006088349036872387,
			-0.010478570125997066,
			-0.06087544187903404
		]
	},
	"layer_3": {
		"weight_0": [
			[
				0.5475363731384277
			],
			[
				-0.20939357578754425
			],
			[
				-0.16742636263370514
			],
			[
				-0.35587501525878906
			]
		],
		"weight_1": [
			57.32756423950195
		]
	}
}