{
	"layer_0": {
		"weight_0": 0.0,
		"weight_1": 1.0,
		"weight_2": -1
	},
	"layer_1": {
		"weight_0": [
			0.02611929178237915,
			0.716882586479187,
			0.7115359902381897,
			-0.02483198046684265,
			0.5271345973014832,
			0.3359507918357849,
			1.0373040437698364,
			0.5598238110542297,
			0.0,
			0.0,
			0.032981567084789276,
			0.0667780190706253,
			0.21253123879432678,
			0.1288432776927948,
			0.13943471014499664,
			-0.03417498990893364
		],
		"weight_1": [
			[
				3.2862417697906494,
				0.9540665745735168,
				0.34418514370918274,
				0.047586724162101746,
				0.4082605838775635,
				0.59367835521698,
				-0.07887524366378784,
				0.7044190168380737,
				-0.19277572631835938,
				-0.02325969934463501,
				2.405872106552124,
				3.8206593990325928,
				0.9063833951950073,
				1.2189950942993164,
				0.9021217823028564,
				-0.28085237741470337
			],
			[
				-0.032929275184869766,
				-0.7920600175857544,
				-2.1246085166931152,
				-0.21227353811264038,
				-3.1014766693115234,
				-4.102714538574219,
				-0.6656618714332581,
				-1.3074891567230225,
				-0.20718339085578918,
				-0.11543455719947815,
				-0.34599578380584717,
				0.07690612226724625,
				-6.471230506896973,
				-1.7550181150436401,
				-7.940032482147217,
				0.025106631219387054
			]
		],
		"weight_2": -1,
		"weight_3": -7.940032482147217,
		"weight_4": 7.940032482147217,
		"weight_5": -7.4341535568237305,
		"weight_6": 3.8290164470672607
	},
	"layer_2": {
		"weight_0": -1,
		"weight_1": -3.3394137455289297e-10,
		"weight_2": 3.762932777404785
	},
	"layer_3": {
		"weight_0": [
			0.4198760986328125,
			1.001228928565979,
			0.0,
			0.3729810416698456,
			0.5438930988311768,
			0.41629281640052795,
			0.41392242908477783,
			-1.6537117958068848
		],
		"weight_1": [
			[
				-0.2121829390525818,
				-2.3902342319488525,
				-0.34561288356781006,
				-6.060199737548828,
				0.8689860105514526,
				0.48267102241516113,
				-0.21126088500022888,
				0.8825002908706665
			],
			[
				0.1751953661441803,
				0.3227415382862091,
				0.06297814846038818,
				0.6443284749984741,
				1.1625787019729614,
				0.5890475511550903,
				0.9633476734161377,
				-0.3077378273010254
			],
			[
				0.38964077830314636,
				1.2657454013824463,
				-0.19501030445098877,
				0.9367551207542419,
				1.407730221748352,
				1.1683306694030762,
				1.1605526208877563,
				-0.798703670501709
			],
			[
				-0.2575163245201111,
				0.022661566734313965,
				-0.19229137897491455,
				0.20483660697937012,
				0.2896004021167755,
				-0.33277684450149536,
				-0.3567557632923126,
				-0.4716040790081024
			],
			[
				2.048430919647217,
				1.2486200332641602,
				-0.4866347312927246,
				1.5468896627426147,
				1.9816620349884033,
				1.1913906335830688,
				1.9330445528030396,
				-0.13528870046138763
			],
			[
				2.4100377559661865,
				0.27541306614875793,
				-0.22976410388946533,
				2.112868070602417,
				2.2495503425598145,
				2.347827196121216,
				2.4089608192443848,
				0.8969892859458923
			],
			[
				0.5891130566596985,
				1.3850152492523193,
				-0.08590912818908691,
				0.4931028485298157,
				0.8353655338287354,
				0.2167668342590332,
				0.37714776396751404,
				-0.646306037902832
			],
			[
				0.6242469549179077,
				0.9305909276008606,
				0.0034061670303344727,
				0.18147294223308563,
				1.2793164253234863,
				0.5724437236785889,
				0.8809874057769775,
				0.3523949980735779
			],
			[
				-0.2077319622039795,
				-0.19617986679077148,
				0.2558354139328003,
				0.13204514980316162,
				-0.025625228881835938,
				-0.09261202812194824,
				-0.2432945966720581,
				0.117331862449646
			],
			[
				0.4557274580001831,
				0.3390277624130249,
				-0.486832857131958,
				0.056813836097717285,
				0.32033538818359375,
				-0.4364657402038574,
				-0.25390303134918213,
				0.05957341194152832
			],
			[
				0.8084643483161926,
				-1.2961244583129883,
				-0.20383644104003906,
				-4.154434680938721,
				0.4413163363933563,
				0.5772426724433899,
				-0.0502411350607872,
				0.7151231169700623
			],
			[
				0.4610435664653778,
				-2.0531792640686035,
				-0.062488436698913574,
				-5.494083881378174,
				0.2324920892715454,
				-0.21173343062400818,
				0.2638888955116272,
				0.06693209707736969
			],
			[
				3.848881959915161,
				-1.7087968587875366,
				-0.08596551418304443,
				0.8292357921600342,
				3.2603919506073,
				3.811812162399292,
				3.4191629886627197,
				3.2408976554870605
			],
			[
				0.7021238803863525,
				-2.3490352630615234,
				-0.3596535921096802,
				-0.9631711840629578,
				1.2726056575775146,
				0.477618008852005,
				0.31621405482292175,
				0.9854663014411926
			],
			[
				5.902973175048828,
				-2.4889795780181885,
				0.1633899211883545,
				-0.13167507946491241,
				5.175599098205566,
				5.361683368682861,
				5.795020580291748,
				2.8158817291259766
			],
			[
				0.11636583507061005,
				0.3228743374347687,
				-0.1231379508972168,
				-0.30407845973968506,
				-0.3537442982196808,
				-0.23387810587882996,
				0.052545759826898575,
				0.2314833104610443
			]
		],
		"weight_2": -1,
		"weight_3": -6.060199737548828,
		"weight_4": 6.060199737548828,
		"weight_5": -47.50764083862305,
		"weight_6": 11.763442039489746
	},
	"layer_4": {
		"weight_0": -1,
		"weight_1": -3.3394137455289297e-10,
		"weight_2": 11.25232982635498
	},
	"layer_5": {
		"weight_0": [
			0.0,
			0.41111642122268677,
			0.05824503302574158,
			0.42881396412849426
		],
		"weight_1": [
			[
				0.1686679720878601,
				1.7140854597091675,
				-0.057573143392801285,
				0.546337366104126
			],
			[
				-0.3656933605670929,
				-1.835755705833435,
				1.0293350219726562,
				-1.9867769479751587
			],
			[
				-0.20372843742370605,
				-0.09926646947860718,
				0.3895227313041687,
				0.0876111388206482
			],
			[
				-0.6313484907150269,
				-3.9713423252105713,
				-0.22480185329914093,
				-3.1229076385498047
			],
			[
				-0.13223624229431152,
				0.866232693195343,
				-0.3405400514602661,
				1.5321917533874512
			],
			[
				-0.11069226264953613,
				1.1994867324829102,
				-0.16640882194042206,
				1.3905068635940552
			],
			[
				-0.5328792929649353,
				1.203330636024475,
				-0.7452990412712097,
				1.5961436033248901
			],
			[
				-0.6497008800506592,
				-2.225661039352417,
				0.06544798612594604,
				-1.3876444101333618
			]
		],
		"weight_2": -1,
		"weight_3": -3.9713423252105713,
		"weight_4": 3.9713423252105713,
		"weight_5": -9.613794326782227,
		"weight_6": 36.899105072021484
	},
	"layer_6": {
		"weight_0": -1,
		"weight_1": -3.3394137455289297e-10,
		"weight_2": 35.73670196533203
	},
	"layer_7": {
		"weight_0": [
			0.48061603307724
		],
		"weight_1": [
			[
				-0.31783992052078247
			],
			[
				2.007016897201538
			],
			[
				-3.627345561981201
			],
			[
				1.9613345861434937
			]
		],
		"weight_2": -1,
		"weight_3": -3.627345561981201,
		"weight_4": 3.627345561981201,
		"weight_5": -0.04164908081293106,
		"weight_6": 135.1696014404297
	}
}