{
	"layer_0": {
		"weight_0": [
			[
				0.6142364740371704,
				0.6906872391700745,
				-0.5464844703674316,
				0.26138168573379517,
				0.15767279267311096,
				0.7037872672080994,
				-0.007421208545565605,
				0.6565642356872559,
				0.12030772119760513,
				1.0405492782592773,
				0.9381653666496277,
				0.3864910900592804,
				0.35165393352508545,
				-0.33201825618743896,
				0.39003485441207886,
				0.09838245809078217
			],
			[
				0.17559190094470978,
				0.7229644656181335,
				0.012935495935380459,
				-0.6277895569801331,
				0.5291065573692322,
				-0.053236860781908035,
				0.4025789201259613,
				0.6596378087997437,
				0.7094650268554688,
				0.9685819745063782,
				0.20950283110141754,
				0.5231335163116455,
				0.6480094194412231,
				-0.1304054856300354,
				0.8418490886688232,
				-0.5379952788352966
			]
		],
		"weight_1": [
			0.4731202721595764,
			0.46249040961265564,
			-0.01301539409905672,
			-0.1731133908033371,
			0.15565843880176544,
			0.31566745042800903,
			0.41154909133911133,
			0.46581602096557617,
			0.3588123917579651,
			0.4613109529018402,
			0.4238702952861786,
			0.3076082468032837,
			0.4728979170322418,
			0.0,
			0.4589511454105377,
			-0.025241877883672714
		]
	},
	"layer_1": {},
	"layer_2": {
		"weight_0": [
			[
				0.4727797210216522,
				-0.4964407682418823,
				0.10098084807395935,
				0.5585358738899231,
				0.883448600769043,
				0.38699302077293396,
				-0.15224462747573853,
				0.3515424132347107
			],
			[
				0.1637684851884842,
				-0.47911524772644043,
				-0.3657759726047516,
				0.8650717735290527,
				0.7337743043899536,
				-0.44387170672416687,
				-0.3188510835170746,
				-0.37384670972824097
			],
			[
				-0.3436134159564972,
				0.0048122406005859375,
				-0.3012450933456421,
				-0.31927648186683655,
				-0.038350313901901245,
				0.08258448541164398,
				0.16256475448608398,
				0.01858985424041748
			],
			[
				-0.15325112640857697,
				-0.2465883493423462,
				-0.05176662653684616,
				-0.23752859234809875,
				0.27735787630081177,
				-0.46294325590133667,
				0.2633028030395508,
				-0.10943552851676941
			],
			[
				0.3600744307041168,
				0.20524072647094727,
				0.09937281161546707,
				0.037154003977775574,
				0.5475323796272278,
				-0.17686490714550018,
				-0.35947516560554504,
				-0.4147958755493164
			],
			[
				0.1344585418701172,
				-0.044753193855285645,
				-0.034950919449329376,
				0.6033391952514648,
				0.24511831998825073,
				-0.2870272696018219,
				-0.1258031129837036,
				-0.035302985459566116
			],
			[
				0.6737711429595947,
				-0.3557474613189697,
				-0.030634639784693718,
				0.36188507080078125,
				0.6736564040184021,
				0.32263705134391785,
				-0.227799654006958,
				-0.2986278533935547
			],
			[
				0.6850245594978333,
				0.03768181800842285,
				0.257590651512146,
				0.7468498945236206,
				0.3106022775173187,
				-0.12306372821331024,
				0.30192890763282776,
				0.14417032897472382
			],
			[
				0.21407550573349,
				0.18902838230133057,
				0.02372072823345661,
				0.797829806804657,
				0.04875205457210541,
				0.039580125361680984,
				0.012304844334721565,
				0.11394411325454712
			],
			[
				0.8683610558509827,
				-0.4953193664550781,
				-0.04755495861172676,
				0.6576290726661682,
				0.9245549440383911,
				0.13537384569644928,
				-0.3027730882167816,
				-0.28820013999938965
			],
			[
				0.26566746830940247,
				-0.1938685178756714,
				-0.2857619524002075,
				0.03321542963385582,
				0.8887930512428284,
				-0.20137014985084534,
				0.26252982020378113,
				0.31391194462776184
			],
			[
				-0.06054522842168808,
				-0.11061620712280273,
				0.37581416964530945,
				0.16872020065784454,
				0.9080759286880493,
				0.2038249671459198,
				-0.18517041206359863,
				0.35345587134361267
			],
			[
				0.7168974876403809,
				-0.3031874895095825,
				0.32070639729499817,
				0.585424542427063,
				0.720771849155426,
				-0.07943703234195709,
				0.32256823778152466,
				-0.2353532612323761
			],
			[
				0.07678818702697754,
				-0.4997202157974243,
				-0.34172213077545166,
				-0.3768608570098877,
				-0.13649368286132812,
				0.07366859912872314,
				0.49917447566986084,
				-0.16319310665130615
			],
			[
				0.4902801513671875,
				0.1695030927658081,
				-0.18882152438163757,
				0.6117703914642334,
				0.32638633251190186,
				0.20607835054397583,
				0.20355954766273499,
				0.09004378318786621
			],
			[
				-0.06746718287467957,
				0.46238648891448975,
				-0.1453571319580078,
				0.05248541384935379,
				-0.4149056077003479,
				-0.43154990673065186,
				-0.38901495933532715,
				-0.218899667263031
			]
		],
		"weight_1": [
			0.43403521180152893,
			0.0,
			-0.09280321002006531,
			0.46035152673721313,
			0.45310384035110474,
			-0.0640692487359047,
			-0.02340213768184185,
			-0.05173835903406143
		]
	},
	"layer_3": {},
	"layer_4": {
		"weight_0": [
			[
				-0.5004150867462158,
				0.6857175230979919,
				0.17855943739414215,
				0.1891668438911438
			],
			[
				-0.5741068124771118,
				-0.09359079599380493,
				-0.08282667398452759,
				-0.1674392819404602
			],
			[
				-0.005782186985015869,
				-0.20626200735569,
				-0.37911662459373474,
				-0.27762970328330994
			],
			[
				-0.22639837861061096,
				0.7123427987098694,
				1.0041755437850952,
				0.23992109298706055
			],
			[
				-0.23968523740768433,
				0.7183616757392883,
				0.6106240749359131,
				-0.5819021463394165
			],
			[
				0.2018294334411621,
				-0.3163638114929199,
				-0.6620208024978638,
				0.25283658504486084
			],
			[
				0.44530385732650757,
				0.12767791748046875,
				-0.47716182470321655,
				0.43190306425094604
			],
			[
				0.16109824180603027,
				-0.49744048714637756,
				0.07996002584695816,
				0.2908651828765869
			]
		],
		"weight_1": [
			0.0,
			0.37045547366142273,
			0.469625324010849,
			0.0
		]
	},
	"layer_5": {},
	"layer_6": {
		"weight_0": [
			[
				-0.4977758526802063
			],
			[
				3.3925058841705322
			],
			[
				2.5942680835723877
			],
			[
				0.28031671047210693
			]
		],
		"weight_1": [
			2.343095302581787
		]
	}
}