{
	"layer_0": {
		"weight_0": [
			[
				0.8421995639801025,
				-0.19939763844013214,
				0.6154324412345886,
				-0.493339478969574,
				-0.23876148462295532,
				-0.03143894672393799,
				-0.5545399785041809,
				-0.19074276089668274,
				-0.3737661838531494,
				-0.4042896032333374,
				-0.58699631690979,
				1.0306626558303833,
				0.5334032773971558,
				0.8087087273597717,
				0.31456705927848816,
				-0.1400349736213684
			],
			[
				0.5643704533576965,
				0.30506688356399536,
				0.5452900528907776,
				-0.328493595123291,
				-0.4352736175060272,
				-0.1911548674106598,
				-0.29667967557907104,
				-0.34951701760292053,
				-0.4969857335090637,
				-0.575731098651886,
				0.0388166718184948,
				0.29522183537483215,
				0.12281478941440582,
				0.1270958036184311,
				1.0167865753173828,
				0.06927220523357391
			]
		],
		"weight_1": [
			0.4686942398548126,
			-0.2641378343105316,
			0.46791812777519226,
			0.0,
			0.0,
			0.0,
			0.0,
			0.0,
			0.0,
			0.0,
			-0.04124264419078827,
			0.47894081473350525,
			0.4200176000595093,
			0.42872264981269836,
			0.47121211886405945,
			-0.07014298439025879
		]
	},
	"layer_1": {},
	"layer_2": {
		"weight_0": [
			[
				0.7397211194038391,
				0.2632122337818146,
				0.3062925338745117,
				0.952883780002594,
				0.4962969124317169,
				-0.27848052978515625,
				0.3171628415584564,
				0.03674561157822609
			],
			[
				-0.16106979548931122,
				-0.193242147564888,
				-0.04733431711792946,
				0.11495361477136612,
				0.6451094150543213,
				0.26292192935943604,
				-0.2563139796257019,
				-0.08168277889490128
			],
			[
				0.7916454076766968,
				0.5584968328475952,
				-0.3681209981441498,
				0.9193792343139648,
				0.5102341771125793,
				0.256170392036438,
				-0.2375623881816864,
				0.38866421580314636
			],
			[
				-0.23740065097808838,
				-0.26183414459228516,
				-0.013462185859680176,
				-0.3890647888183594,
				0.25399792194366455,
				-0.18771886825561523,
				-0.13594591617584229,
				-0.3060612678527832
			],
			[
				0.06770002841949463,
				-0.15387201309204102,
				-0.4477351903915405,
				0.06551980972290039,
				-0.4139821529388428,
				0.23038864135742188,
				0.43882453441619873,
				0.22023189067840576
			],
			[
				0.3980586528778076,
				0.010993123054504395,
				0.2908651828765869,
				-0.16222882270812988,
				-0.32458221912384033,
				-0.06947219371795654,
				0.23027253150939941,
				-0.08786439895629883
			],
			[
				-0.3508249521255493,
				0.43618321418762207,
				0.4628540277481079,
				0.29440391063690186,
				0.18586790561676025,
				-0.30725955963134766,
				-0.3556368350982666,
				0.3583204746246338
			],
			[
				-0.14201736450195312,
				-0.3077661991119385,
				0.03670477867126465,
				-0.11637210845947266,
				0.30170607566833496,
				-0.30487895011901855,
				0.11742877960205078,
				0.0317307710647583
			],
			[
				0.310463547706604,
				0.0481792688369751,
				0.43171393871307373,
				0.2245936393737793,
				-0.46940386295318604,
				0.25093328952789307,
				-0.2204899787902832,
				0.4152144193649292
			],
			[
				0.49852991104125977,
				0.07376205921173096,
				-0.37616729736328125,
				0.20154821872711182,
				-0.1305406093597412,
				0.34863972663879395,
				-0.3691152334213257,
				0.03015124797821045
			],
			[
				-0.20778900384902954,
				0.24601073563098907,
				0.20516681671142578,
				0.03637487441301346,
				-0.1855878382921219,
				-0.15190911293029785,
				0.042540550231933594,
				0.24111874401569366
			],
			[
				0.6925532817840576,
				0.339055597782135,
				-0.25432974100112915,
				0.49674907326698303,
				0.13916948437690735,
				-0.24669206142425537,
				-0.014411301352083683,
				0.44642817974090576
			],
			[
				0.24061842262744904,
				0.885942816734314,
				0.15373799204826355,
				0.5005897283554077,
				0.5043882727622986,
				-0.45856773853302,
				-0.04513275623321533,
				0.7797263860702515
			],
			[
				0.45610424876213074,
				0.4373830556869507,
				0.35534632205963135,
				0.7928655743598938,
				0.6156018972396851,
				0.46975433826446533,
				-0.37034720182418823,
				0.1430777907371521
			],
			[
				0.3313448429107666,
				0.3759421110153198,
				-0.13897433876991272,
				0.33672502636909485,
				0.7108350992202759,
				-0.4477994441986084,
				0.0390220582485199,
				0.595978856086731
			],
			[
				-0.1380799263715744,
				-0.4337259829044342,
				-0.31809794902801514,
				-0.07407627999782562,
				-0.3588181436061859,
				-0.40185070037841797,
				-0.12565767765045166,
				-0.13439857959747314
			]
		],
		"weight_1": [
			0.4607135057449341,
			0.4033139944076538,
			-0.06401924788951874,
			0.4649892747402191,
			0.4506849944591522,
			0.0,
			-0.011809926480054855,
			0.33628541231155396
		]
	},
	"layer_3": {},
	"layer_4": {
		"weight_0": [
			[
				0.9893141984939575,
				-0.14567729830741882,
				-0.45457348227500916,
				0.8275134563446045
			],
			[
				0.9825296998023987,
				-0.17708717286586761,
				-0.4628077745437622,
				0.9738084077835083
			],
			[
				-0.5579180717468262,
				0.4302278757095337,
				0.42673546075820923,
				-0.09950991719961166
			],
			[
				0.4879823327064514,
				0.542064905166626,
				-0.6220874190330505,
				1.0295231342315674
			],
			[
				0.41972434520721436,
				-0.2585943639278412,
				0.04028739035129547,
				0.7023026943206787
			],
			[
				0.6122942566871643,
				0.16400349140167236,
				0.6381562352180481,
				0.45197468996047974
			],
			[
				0.01570052094757557,
				-0.11520969867706299,
				0.34503620862960815,
				-0.37553590536117554
			],
			[
				0.07229990512132645,
				-0.3896825611591339,
				0.3770408034324646,
				0.809911847114563
			]
		],
		"weight_1": [
			0.4706050455570221,
			-0.11146701127290726,
			-0.008592424914240837,
			0.30703938007354736
		]
	},
	"layer_5": {},
	"layer_6": {
		"weight_0": [
			[
				2.619654893875122
			],
			[
				-0.8260263800621033
			],
			[
				-0.40168166160583496
			],
			[
				3.244257926940918
			]
		],
		"weight_1": [
			2.3433947563171387
		]
	}
}