{
	"layer_0": {
		"weight_0": [
			[
				0.40716034173965454,
				0.8973960876464844,
				0.6673080921173096,
				-0.4975547790527344,
				0.10823895037174225,
				-0.5330480933189392,
				-0.060081999748945236,
				0.5446372032165527,
				0.8337435722351074,
				-0.10333752632141113,
				-0.04368191957473755,
				0.873271107673645,
				-0.31134212017059326,
				0.42349982261657715,
				-0.013137112371623516,
				0.34566450119018555
			],
			[
				0.4590303897857666,
				0.8139472007751465,
				-0.06746108829975128,
				-0.33315277099609375,
				-0.22574110329151154,
				-0.38126707077026367,
				0.6417798399925232,
				0.1648048460483551,
				0.08083447813987732,
				-0.5019813776016235,
				-0.24153336882591248,
				0.860359787940979,
				-0.5304181575775146,
				0.604345440864563,
				0.7372798919677734,
				-0.6961529850959778
			]
		],
		"weight_1": [
			0.4814191460609436,
			0.4798588454723358,
			0.48240527510643005,
			0.0,
			-0.08161675184965134,
			0.0,
			0.12040682882070541,
			0.4842830300331116,
			0.48432549834251404,
			0.0,
			0.0,
			0.4768259823322296,
			0.0,
			0.47840675711631775,
			0.48343637585639954,
			-0.20515748858451843
		]
	},
	"layer_1": {},
	"layer_2": {
		"weight_0": [
			[
				-0.30317091941833496,
				0.19122914969921112,
				0.11023043841123581,
				0.311173677444458,
				0.07209621369838715,
				0.920280396938324,
				0.680059015750885,
				0.08730192482471466
			],
			[
				-0.2638063430786133,
				0.48170992732048035,
				-0.10256405919790268,
				0.30300307273864746,
				-0.2886351943016052,
				0.9345411062240601,
				0.07187182456254959,
				0.3929653465747833
			],
			[
				-0.44494473934173584,
				0.9104255437850952,
				-0.4184638559818268,
				-0.37627744674682617,
				-0.12595900893211365,
				0.14815115928649902,
				0.8070087432861328,
				0.0024090392980724573
			],
			[
				0.42555201053619385,
				0.17217719554901123,
				0.39212512969970703,
				0.28806817531585693,
				0.4506038427352905,
				-0.1245342493057251,
				0.19043409824371338,
				0.20560014247894287
			],
			[
				-0.163993239402771,
				-0.37005698680877686,
				0.24615198373794556,
				0.13072872161865234,
				-0.028968192636966705,
				-0.1420184075832367,
				0.37706440687179565,
				-0.045802101492881775
			],
			[
				0.306408166885376,
				0.4531019926071167,
				-0.343408465385437,
				0.019786357879638672,
				0.1827934980392456,
				0.15760540962219238,
				-0.2571796178817749,
				-0.18115592002868652
			],
			[
				-0.036263346672058105,
				0.17291302978992462,
				0.39251622557640076,
				-0.13444268703460693,
				-0.14852479100227356,
				0.003159713465720415,
				0.7367802262306213,
				0.401506632566452
			],
			[
				-0.2870069742202759,
				0.4336334764957428,
				-0.10307043790817261,
				0.06274604797363281,
				0.2184247076511383,
				0.792569637298584,
				0.4028887152671814,
				-0.04683955758810043
			],
			[
				0.06327641010284424,
				0.6349932551383972,
				0.36652672290802,
				-0.40299856662750244,
				-0.22673258185386658,
				0.8185130953788757,
				0.4559948444366455,
				0.041083790361881256
			],
			[
				0.21260881423950195,
				0.28079938888549805,
				-0.49410557746887207,
				-0.003737211227416992,
				0.27979159355163574,
				0.47652173042297363,
				0.22077906131744385,
				0.023275017738342285
			],
			[
				0.3727152347564697,
				0.4889850616455078,
				0.07558584213256836,
				0.26799702644348145,
				-0.1687546968460083,
				0.23926568031311035,
				-0.2031080722808838,
				-0.204636812210083
			],
			[
				-0.3887975215911865,
				0.7614835500717163,
				-0.03484934940934181,
				-0.3343733549118042,
				0.30999404191970825,
				0.4624134600162506,
				0.9354324340820312,
				0.013746323063969612
			],
			[
				-0.3731703758239746,
				0.22235918045043945,
				-0.3209296464920044,
				0.05225348472595215,
				-0.3711721897125244,
				-0.19127023220062256,
				-0.10919249057769775,
				0.1599665880203247
			],
			[
				-0.21326255798339844,
				0.9198435544967651,
				-0.2667892873287201,
				-0.24736595153808594,
				-0.04271673783659935,
				0.3375561535358429,
				0.569849967956543,
				-0.03165947273373604
			],
			[
				0.34157395362854004,
				0.46773627400398254,
				-0.4991118013858795,
				-0.11488759517669678,
				0.012428043410182,
				0.8330803513526917,
				0.8831599950790405,
				0.5972380638122559
			],
			[
				-0.2978419065475464,
				-0.005491465795785189,
				0.20486944913864136,
				-0.13374388217926025,
				0.27604061365127563,
				0.16643312573432922,
				-0.2207084447145462,
				0.06540095061063766
			]
		],
		"weight_1": [
			0.0,
			0.47620391845703125,
			-0.03323576599359512,
			0.0,
			-0.035968538373708725,
			0.4644393026828766,
			0.46115562319755554,
			0.09802927076816559
		]
	},
	"layer_3": {},
	"layer_4": {
		"weight_0": [
			[
				0.23372197151184082,
				-0.6654574275016785,
				0.09842050075531006,
				0.652471125125885
			],
			[
				0.48259949684143066,
				0.20529970526695251,
				-0.5705820322036743,
				0.9455442428588867
			],
			[
				-0.2021770477294922,
				-0.3938669264316559,
				0.16508197784423828,
				-0.5953155755996704
			],
			[
				0.6225383877754211,
				0.37643808126449585,
				-0.15728801488876343,
				-0.11728250980377197
			],
			[
				-0.09155526012182236,
				0.5234476923942566,
				0.2606077790260315,
				-0.3557034730911255
			],
			[
				0.7975943684577942,
				-0.5724364519119263,
				-0.3344792425632477,
				0.5350602269172668
			],
			[
				0.7548907995223999,
				0.459398090839386,
				0.07110458612442017,
				0.32511967420578003
			],
			[
				-0.11185618489980698,
				-0.7706903219223022,
				-0.3224613070487976,
				0.5427037477493286
			]
		],
		"weight_1": [
			0.4177387058734894,
			-0.15119825303554535,
			0.0,
			0.4719477593898773
		]
	},
	"layer_5": {},
	"layer_6": {
		"weight_0": [
			[
				3.1364331245422363
			],
			[
				-0.5759778618812561
			],
			[
				0.09635138511657715
			],
			[
				2.7937421798706055
			]
		],
		"weight_1": [
			2.3428795337677
		]
	}
}