{
	"layer_0": {
		"weight_0": [
			[
				-0.050983726978302,
				1.0562511682510376,
				0.24533839523792267,
				-11.277026176452637,
				0.00962330773472786,
				-0.3734172582626343,
				1.4895724058151245,
				1.1189085245132446,
				-0.310254842042923,
				0.7503632307052612,
				-3.0451877117156982,
				1.4018778800964355
			],
			[
				-0.5749036073684692,
				-5.046981334686279,
				2.0899040699005127,
				-0.6536852121353149,
				-0.06065390631556511,
				-0.5369046330451965,
				-0.413677841424942,
				-1.526301383972168,
				4.512600421905518,
				-0.40561723709106445,
				6.851850509643555,
				-10.138340950012207
			]
		],
		"weight_1": [
			0.0,
			0.48253190517425537,
			0.27312520146369934,
			2.6541736125946045,
			-0.002805389929562807,
			0.0,
			0.7803572416305542,
			0.736529529094696,
			1.7455693483352661,
			0.6033127307891846,
			0.5288103818893433,
			0.5792219042778015
		]
	},
	"layer_1": {
		"weight_0": [
			[
				-0.21167948842048645,
				0.019813895225524902,
				-0.3965274691581726,
				-0.27398282289505005,
				0.4039895534515381,
				-0.4203818440437317
			],
			[
				-0.1320957988500595,
				-0.43337786197662354,
				1.5328278541564941,
				1.008477807044983,
				-0.5389717221260071,
				1.5032737255096436
			],
			[
				0.4904666543006897,
				-0.5609524250030518,
				-0.7787348628044128,
				-1.8306845426559448,
				-0.7313041687011719,
				-0.3177134394645691
			],
			[
				-0.2656192481517792,
				-0.19172270596027374,
				1.606324553489685,
				0.4596567153930664,
				-0.6020137071609497,
				-0.12273342907428741
			],
			[
				-0.07556428760290146,
				-0.5258691906929016,
				0.09657859802246094,
				-0.1321224868297577,
				0.42902329564094543,
				-0.4067344665527344
			],
			[
				-0.03286778926849365,
				0.017480850219726562,
				-0.05941802263259888,
				0.4245326519012451,
				0.18780046701431274,
				-0.5523225665092468
			],
			[
				0.45155322551727295,
				-0.16353480517864227,
				-1.85671067237854,
				0.13497231900691986,
				0.32998326420783997,
				-0.5910481214523315
			],
			[
				0.5501105189323425,
				0.5726613402366638,
				0.3848232924938202,
				-0.8873531818389893,
				0.38166895508766174,
				0.3687695562839508
			],
			[
				0.1236172616481781,
				-0.24709659814834595,
				-0.34031423926353455,
				-0.4880286753177643,
				-0.012880402617156506,
				0.17466184496879578
			],
			[
				0.6269564032554626,
				0.9941532611846924,
				-1.607049822807312,
				0.12996982038021088,
				0.40451306104660034,
				-0.004719268996268511
			],
			[
				-0.2845252454280853,
				-0.06956148892641068,
				0.3796854317188263,
				-2.0291688442230225,
				0.21232178807258606,
				-0.36274993419647217
			],
			[
				0.957444965839386,
				0.25485342741012573,
				0.18284465372562408,
				2.390320062637329,
				0.06410178542137146,
				0.3581605553627014
			]
		],
		"weight_1": [
			0.5427137613296509,
			1.119047999382019,
			-0.8676263093948364,
			0.8667758107185364,
			1.1569547653198242,
			0.7691088318824768
		]
	},
	"layer_2": {
		"weight_0": [
			[
				-0.8181597590446472,
				-1.0111923217773438,
				0.9491634964942932,
				1.3996708393096924
			],
			[
				-0.6493158340454102,
				0.021320044994354248,
				0.992758572101593,
				0.9699257612228394
			],
			[
				0.5102744698524475,
				-0.36447155475616455,
				-3.601238965988159,
				-2.698096513748169
			],
			[
				-0.21409326791763306,
				0.7566121220588684,
				3.6677446365356445,
				3.195643663406372
			],
			[
				-0.5553932189941406,
				1.579053521156311,
				1.4194527864456177,
				2.1184303760528564
			],
			[
				0.5814051032066345,
				0.33483996987342834,
				2.9441797733306885,
				3.592170000076294
			]
		],
		"weight_1": [
			-0.060974106192588806,
			0.053675465285778046,
			0.42835840582847595,
			0.42350611090660095
		]
	},
	"layer_3": {
		"weight_0": [
			[
				0.431911438703537
			],
			[
				-13.755880355834961
			],
			[
				5.446481704711914
			],
			[
				4.048097133636475
			]
		],
		"weight_1": [
			0.48425227403640747
		]
	}
}