{
	"layer_0": {
		"weight_0": [
			[
				-0.48232194781303406,
				6.0452704429626465,
				0.04447005316615105,
				0.07118319720029831,
				0.3300381004810333,
				-1.0396941900253296,
				2.4775357246398926,
				5.751567363739014,
				1.4099266529083252,
				-0.26563358306884766,
				-0.525738537311554,
				0.15559904277324677,
				-2.2960002422332764,
				0.651045024394989
			],
			[
				-0.1537131667137146,
				-1.965693712234497,
				-0.2578945457935333,
				-0.2760906517505646,
				-0.7353403568267822,
				2.7544074058532715,
				3.0796945095062256,
				-24.85470962524414,
				-4.722411155700684,
				-0.31962093710899353,
				-0.03353071212768555,
				0.10382016003131866,
				1.2700399160385132,
				-4.88582706451416
			]
		],
		"weight_1": [
			0.0,
			0.2866840064525604,
			-0.015562716871500015,
			-0.03932160884141922,
			-0.2364996373653412,
			1.3997949361801147,
			3.1252667903900146,
			3.7735424041748047,
			1.5432379245758057,
			0.0,
			0.0,
			-0.2664351761341095,
			0.19107788801193237,
			0.9612794518470764
		]
	},
	"layer_1": {},
	"layer_2": {},
	"layer_3": {},
	"layer_4": {
		"weight_0": [
			[
				0.10153502225875854,
				0.2685505151748657,
				1.5404032468795776,
				1.8294180631637573,
				2.3382043838500977,
				-0.6451166272163391
			],
			[
				-0.07750791311264038,
				0.6224132776260376,
				-0.07604283094406128,
				-0.540618360042572,
				-0.24465368688106537,
				-0.6782887578010559
			],
			[
				1.6954245567321777,
				1.35757315158844,
				-0.09830310940742493,
				-3.793996810913086,
				-3.708082914352417,
				-0.36319178342819214
			],
			[
				-1.075028657913208,
				0.9936248660087585,
				0.6800523996353149,
				2.071039915084839,
				2.4241185188293457,
				-0.43310797214508057
			],
			[
				0.18141213059425354,
				-2.721999168395996,
				-0.3660297095775604,
				1.6695451736450195,
				1.0080379247665405,
				-0.47668859362602234
			],
			[
				-0.340501070022583,
				-0.07812029123306274,
				-0.03860980272293091,
				0.13860443234443665,
				-0.25110477209091187,
				0.4280639886856079
			],
			[
				0.3398975431919098,
				-2.5357556343078613,
				-1.4006236791610718,
				0.5766897201538086,
				-0.3233463764190674,
				0.18543100357055664
			]
		],
		"weight_1": [
			2.0404245853424072,
			-1.461130142211914,
			-2.0144801139831543,
			-0.4455517530441284,
			0.1767457127571106,
			0.0
		]
	},
	"layer_5": {
		"weight_0": [
			[
				0.3686048984527588,
				-2.4147980213165283,
				1.9018396139144897,
				-0.054073214530944824
			],
			[
				-0.7045040130615234,
				1.8850457668304443,
				-0.7397590279579163,
				-0.004410505294799805
			],
			[
				-0.37755146622657776,
				-3.7622807025909424,
				4.985281944274902,
				-0.5369648933410645
			],
			[
				-1.130723237991333,
				2.1990721225738525,
				-0.3072567880153656,
				-0.31677839159965515
			],
			[
				0.566374659538269,
				3.231316566467285,
				0.021181689575314522,
				-0.7002851366996765
			],
			[
				-0.26487404108047485,
				-0.36434653401374817,
				0.1845199465751648,
				0.5254448652267456
			]
		],
		"weight_1": [
			4.217157363891602,
			0.17337457835674286,
			1.5593234300613403,
			0.0
		]
	},
	"layer_6": {
		"weight_0": [
			[
				-4.231937885284424
			],
			[
				3.048456907272339
			],
			[
				-4.668075084686279
			],
			[
				-0.17031550407409668
			]
		],
		"weight_1": [
			0.2044219970703125
		]
	}
}