{
	"layer_0": {
		"weight_0": [
			[
				0.013770673424005508,
				1.3026002645492554,
				-0.5333637595176697,
				11.699567794799805,
				-0.5941575169563293,
				4.048896312713623,
				0.9253671169281006,
				-0.48429983854293823,
				-0.17130643129348755,
				8.25292682647705,
				0.8278326392173767,
				-0.5500776171684265,
				-0.29512548446655273,
				-0.099570631980896
			],
			[
				6.492300033569336,
				-1.0987777709960938,
				-0.20408424735069275,
				2.2747576236724854,
				-0.43061599135398865,
				-0.34821444749832153,
				-1.3841679096221924,
				-0.31294023990631104,
				-0.0011789798736572266,
				1.4888964891433716,
				-7.3643646240234375,
				-0.01383984088897705,
				-0.5695658326148987,
				-0.0378345251083374
			]
		],
		"weight_1": [
			0.050855036824941635,
			1.2211068868637085,
			0.0,
			0.5142005681991577,
			0.0,
			0.03801745921373367,
			1.2908120155334473,
			0.0,
			0.0,
			0.4946870505809784,
			0.47649121284484863,
			0.0,
			0.0,
			0.0
		]
	},
	"layer_1": {
		"weight_0": [
			[
				-0.570497989654541,
				-0.8072673678398132,
				-0.6520945429801941,
				-2.6537656784057617,
				-4.56256628036499,
				-0.6742786169052124,
				-11.609960556030273,
				-0.183206707239151,
				0.7219690084457397,
				-0.40522894263267517,
				-0.302362322807312,
				-0.037161216139793396,
				-0.6675541996955872,
				0.04151507467031479
			],
			[
				0.772816002368927,
				0.22290728986263275,
				0.2820235788822174,
				1.7992660999298096,
				1.1421152353286743,
				1.019709825515747,
				0.09170737117528915,
				-0.18594646453857422,
				2.1409592628479004,
				-0.4557898938655853,
				-0.2983967661857605,
				-0.887890100479126,
				1.009286880493164,
				-1.5569427013397217
			],
			[
				-0.26965975761413574,
				0.026023507118225098,
				-0.13590922951698303,
				0.2307596206665039,
				-0.07242020964622498,
				-0.26803815364837646,
				-0.41725271940231323,
				-0.21974636614322662,
				0.2639266848564148,
				0.1699579954147339,
				0.42526155710220337,
				-0.41512981057167053,
				0.4517889618873596,
				0.10503709316253662
			],
			[
				1.3696233034133911,
				1.9656414985656738,
				1.3830430507659912,
				-0.3053315579891205,
				0.023093657568097115,
				1.9296371936798096,
				0.13679246604442596,
				-0.3546923100948334,
				-1.2890974283218384,
				-0.35734882950782776,
				-0.04598084092140198,
				1.9060598611831665,
				1.4069756269454956,
				0.8117937445640564
			],
			[
				0.27703267335891724,
				0.44432711601257324,
				0.07670539617538452,
				-0.29319286346435547,
				0.3327080011367798,
				0.20546168088912964,
				-0.23377127945423126,
				-0.3463679254055023,
				-0.3682880103588104,
				0.2675408720970154,
				-0.3580228388309479,
				-0.016471415758132935,
				0.14377546310424805,
				-0.08567631244659424
			],
			[
				1.631278157234192,
				1.600250244140625,
				1.5514953136444092,
				0.7585563659667969,
				0.8703325986862183,
				1.6672519445419312,
				1.2654350996017456,
				-0.36753398180007935,
				-0.5435957908630371,
				-0.19416707754135132,
				-0.4400429129600525,
				0.9758595824241638,
				1.5997045040130615,
				-4.215165138244629
			],
			[
				0.5837664604187012,
				0.027140671387314796,
				0.5952521562576294,
				1.4000825881958008,
				0.9563493728637695,
				0.6019307971000671,
				0.025064075365662575,
				-0.1457054316997528,
				2.6524665355682373,
				-0.20130294561386108,
				-0.2522856891155243,
				-1.2946112155914307,
				0.27020809054374695,
				-0.600807785987854
			],
			[
				0.12822818756103516,
				0.2975977063179016,
				-0.20082780718803406,
				0.43791359663009644,
				-0.2634648084640503,
				-0.18826359510421753,
				0.14322364330291748,
				-0.32961851358413696,
				-0.2121410369873047,
				-0.386972039937973,
				-0.10951057076454163,
				0.455783486366272,
				-0.23944102227687836,
				-0.22165681421756744
			],
			[
				0.26478004455566406,
				0.04981416463851929,
				-0.019920796155929565,
				-0.24146635830402374,
				0.10644781589508057,
				-0.06020429730415344,
				0.09025794267654419,
				-0.12979403138160706,
				0.24983763694763184,
				0.27524441480636597,
				-0.0986696183681488,
				-0.3465549945831299,
				0.43083083629608154,
				-0.3059247136116028
			],
			[
				1.498096227645874,
				1.9502431154251099,
				1.8754160404205322,
				0.05256865173578262,
				-0.1805664449930191,
				1.322524070739746,
				0.15174350142478943,
				0.2733786702156067,
				-0.6010007858276367,
				-0.12165385484695435,
				0.0856626033782959,
				1.6846909523010254,
				1.877220869064331,
				1.0368812084197998
			],
			[
				2.4068362712860107,
				2.069613218307495,
				2.6389808654785156,
				2.0806472301483154,
				2.50991153717041,
				2.6582558155059814,
				5.658061981201172,
				-0.41340941190719604,
				-3.350963592529297,
				-0.04090374708175659,
				0.068759024143219,
				-1.0319957733154297,
				2.634822130203247,
				-0.16276730597019196
			],
			[
				0.46189624071121216,
				0.38067710399627686,
				0.07721751928329468,
				-0.17464879155158997,
				0.375721275806427,
				0.13173073530197144,
				-0.20046094059944153,
				0.15676981210708618,
				-0.4626845717430115,
				-0.3819180428981781,
				0.2824323773384094,
				-0.3660906255245209,
				0.23326516151428223,
				0.4097195267677307
			],
			[
				0.2318935990333557,
				-0.17850667238235474,
				-0.00019446015357971191,
				-0.11497393250465393,
				0.10134291648864746,
				-0.11859771609306335,
				-0.3457491099834442,
				-0.4408765137195587,
				-0.1255592703819275,
				0.4616272449493408,
				-0.11127600073814392,
				-0.1605038046836853,
				0.3604966998100281,
				0.03566807508468628
			],
			[
				0.04967576265335083,
				0.3877953886985779,
				-0.3046572804450989,
				-0.12649914622306824,
				0.4279569387435913,
				0.3397534489631653,
				-0.03392651677131653,
				0.028602004051208496,
				-0.2793387770652771,
				0.40277349948883057,
				-0.20958560705184937,
				0.21177184581756592,
				0.31252461671829224,
				0.20580202341079712
			]
		],
		"weight_1": [
			0.08247692137956619,
			0.21739110350608826,
			0.12588980793952942,
			2.186709403991699,
			2.2219879627227783,
			0.1707986742258072,
			-0.006136262323707342,
			0.0,
			2.912879467010498,
			0.0,
			0.0,
			-4.450016498565674,
			0.20454920828342438,
			-1.7568491697311401
		]
	},
	"layer_2": {
		"weight_0": [
			[
				1.2207187414169312
			],
			[
				2.1333229541778564
			],
			[
				1.3909205198287964
			],
			[
				2.897045850753784
			],
			[
				4.186405658721924
			],
			[
				1.5575120449066162
			],
			[
				10.09583568572998
			],
			[
				-0.32775062322616577
			],
			[
				-3.4709205627441406
			],
			[
				0.11938685178756714
			],
			[
				-0.4980776607990265
			],
			[
				-7.384782314300537
			],
			[
				1.6181163787841797
			],
			[
				4.862645626068115
			]
		],
		"weight_1": [
			-0.1471327245235443
		]
	}
}