{
	"layer_0": {
		"weight_0": [
			[
				-0.7289556264877319,
				-0.5260791182518005,
				-0.20830821990966797,
				10.067573547363281,
				-0.47348830103874207,
				0.34865957498550415,
				-0.42013078927993774,
				0.5890310406684875,
				3.7823126316070557,
				2.0082082748413086,
				-0.24927636981010437,
				0.876789927482605,
				-0.3671647012233734,
				-0.4918280839920044
			],
			[
				0.2768235206604004,
				-1.7157683372497559,
				0.10891275107860565,
				-0.46491479873657227,
				-0.5714530348777771,
				-2.2055881023406982,
				-0.2720925211906433,
				-4.430914878845215,
				-15.37974739074707,
				-0.06657852232456207,
				-0.19191491603851318,
				-6.886610507965088,
				-0.01095038652420044,
				-0.25943803787231445
			]
		],
		"weight_1": [
			-0.2825227677822113,
			2.18351149559021,
			-0.11115284264087677,
			0.8300352096557617,
			0.0,
			1.025139331817627,
			0.0,
			0.9832509756088257,
			0.6398729085922241,
			0.2829093337059021,
			0.0,
			0.6059988141059875,
			0.0,
			0.0
		]
	},
	"layer_1": {},
	"layer_2": {},
	"layer_3": {},
	"layer_4": {
		"weight_0": [
			[
				-1.4979153871536255,
				-0.41664373874664307,
				0.18223948776721954,
				1.6833419799804688,
				-0.35809874534606934,
				0.037723854184150696,
				0.2293872833251953,
				-0.04641537368297577,
				-1.8486300706863403,
				-1.131130337715149,
				1.1789854764938354,
				-0.36589622497558594,
				0.08758208900690079,
				-0.27564260363578796
			],
			[
				1.7636234760284424,
				-0.12554630637168884,
				0.37036824226379395,
				-4.572953701019287,
				1.3130285739898682,
				1.2587745189666748,
				0.5833606123924255,
				1.181571364402771,
				0.9193851947784424,
				2.170194149017334,
				0.3213110864162445,
				-0.3414868712425232,
				1.2017180919647217,
				1.2285808324813843
			],
			[
				-1.4684700965881348,
				-0.4526945948600769,
				1.0126720666885376,
				0.7244185209274292,
				1.1202231645584106,
				0.1907368004322052,
				0.5673655867576599,
				0.48241961002349854,
				-1.3682076930999756,
				0.3485318422317505,
				-0.00035042481613345444,
				0.3963916301727295,
				0.4960128366947174,
				0.7090931534767151
			],
			[
				-1.5141022205352783,
				0.4809812605381012,
				0.9780480861663818,
				1.5751553773880005,
				0.6281992197036743,
				1.075724720954895,
				0.7762345671653748,
				0.5020105838775635,
				-0.07497335970401764,
				-1.2571334838867188,
				-0.5737443566322327,
				0.409393310546875,
				0.4355131685733795,
				0.2427077293395996
			],
			[
				1.4653598070144653,
				0.1419685035943985,
				4.260385990142822,
				-3.4540841579437256,
				3.6919808387756348,
				4.0071821212768555,
				3.953890085220337,
				4.143615245819092,
				1.0030556917190552,
				1.078239917755127,
				-3.407332420349121,
				-0.1412096619606018,
				3.7776081562042236,
				3.735842704772949
			],
			[
				1.6111395359039307,
				0.30115607380867004,
				3.000627040863037,
				2.8983213901519775,
				2.9372005462646484,
				2.218003273010254,
				3.0723495483398438,
				2.583144187927246,
				2.5257740020751953,
				-0.9393013715744019,
				-1.6417516469955444,
				-0.08299702405929565,
				2.239572048187256,
				2.957756996154785
			],
			[
				0.5328791737556458,
				-0.40471529960632324,
				-0.12933319807052612,
				-0.1964564025402069,
				-0.42338821291923523,
				0.15360313653945923,
				0.4913380742073059,
				-0.01859492063522339,
				0.48037582635879517,
				0.40902799367904663,
				0.3538009524345398,
				-0.19971200823783875,
				-0.3258957862854004,
				-0.13232436776161194
			]
		],
		"weight_1": [
			-0.8715444207191467,
			-0.1059742420911789,
			-0.28817176818847656,
			1.8966853618621826,
			-0.2891004681587219,
			-0.2831244170665741,
			-0.28654730319976807,
			-0.2742285132408142,
			-1.2376728057861328,
			0.2232639044523239,
			1.6465630531311035,
			-0.006324549205601215,
			-0.2899687886238098,
			-0.2808194160461426
		]
	},
	"layer_5": {
		"weight_0": [
			[
				-5.17242956161499
			],
			[
				-0.34349507093429565
			],
			[
				2.5261363983154297
			],
			[
				-9.094195365905762
			],
			[
				2.377687454223633
			],
			[
				2.030827760696411
			],
			[
				2.8027634620666504
			],
			[
				2.223541736602783
			],
			[
				-3.5067832469940186
			],
			[
				-4.435348987579346
			],
			[
				-5.003329753875732
			],
			[
				0.5275940299034119
			],
			[
				2.3589470386505127
			],
			[
				2.3977041244506836
			]
		],
		"weight_1": [
			-0.28337323665618896
		]
	}
}