{
	"layer_0": {
		"weight_0": [
			[
				-0.3975907266139984,
				1.2318047285079956,
				-0.5333637595176697,
				14.567529678344727,
				-0.5941575169563293,
				4.592459678649902,
				0.6691023111343384,
				-0.48429983854293823,
				-0.17130643129348755,
				9.43746280670166,
				0.9746094942092896,
				-0.5500776171684265,
				-0.29512548446655273,
				-0.099570631980896
			],
			[
				7.199706077575684,
				-1.074800968170166,
				-0.20408424735069275,
				2.077117443084717,
				-0.43061599135398865,
				-0.2509991526603699,
				-1.4658321142196655,
				-0.31294023990631104,
				-0.0011789798736572266,
				1.2746059894561768,
				-8.898357391357422,
				-0.01383984088897705,
				-0.5695658326148987,
				-0.0378345251083374
			]
		],
		"weight_1": [
			0.02786029316484928,
			1.2706451416015625,
			0.0,
			1.0009151697158813,
			0.0,
			0.009962952695786953,
			1.68752121925354,
			0.0,
			0.0,
			0.5948376059532166,
			0.6909457445144653,
			0.0,
			0.0,
			0.0
		]
	},
	"layer_1": {
		"weight_0": [
			[
				-0.5863380432128906,
				-0.8067955374717712,
				-0.6631263494491577,
				-2.357266426086426,
				-4.223514080047607,
				-0.6820760369300842,
				-14.71006965637207,
				-0.183206707239151,
				0.7298375368118286,
				-0.40522894263267517,
				-0.302362322807312,
				-0.0594327412545681,
				-0.6742123961448669,
				-0.054743390530347824
			],
			[
				0.3580798804759979,
				-0.17648200690746307,
				-0.1281721293926239,
				1.4071153402328491,
				0.7064881324768066,
				0.6124579310417175,
				-0.03047041967511177,
				-0.18594646453857422,
				2.644747018814087,
				-0.4557898938655853,
				-0.2983967661857605,
				-0.9678037762641907,
				0.6031317710876465,
				-1.4890007972717285
			],
			[
				-0.26965975761413574,
				0.026023507118225098,
				-0.13590922951698303,
				0.2307596206665039,
				-0.07242020964622498,
				-0.26803815364837646,
				-0.41725271940231323,
				-0.21974636614322662,
				0.2639266848564148,
				0.1699579954147339,
				0.42526155710220337,
				-0.41512981057167053,
				0.4517889618873596,
				0.10503709316253662
			],
			[
				1.4950460195541382,
				2.1079540252685547,
				1.5134611129760742,
				-0.3040461242198944,
				-0.035337503999471664,
				2.0633883476257324,
				-0.2696109414100647,
				-0.3546923100948334,
				-1.5404313802719116,
				-0.35734882950782776,
				-0.04598084092140198,
				1.9858691692352295,
				1.541907787322998,
				0.8057379722595215
			],
			[
				0.27703267335891724,
				0.44432711601257324,
				0.07670539617538452,
				-0.29319286346435547,
				0.3327080011367798,
				0.20546168088912964,
				-0.23377127945423126,
				-0.3463679254055023,
				-0.3682880103588104,
				0.2675408720970154,
				-0.3580228388309479,
				-0.016471415758132935,
				0.14377546310424805,
				-0.08567631244659424
			],
			[
				1.587310552597046,
				1.5730866193771362,
				1.5124980211257935,
				0.9115850329399109,
				1.1033133268356323,
				1.6315805912017822,
				2.6485867500305176,
				-0.36753398180007935,
				0.8172804713249207,
				-0.19416707754135132,
				-0.4400429129600525,
				1.2495942115783691,
				1.5651962757110596,
				-4.4886274337768555
			],
			[
				0.16383019089698792,
				-0.3785665035247803,
				0.17953290045261383,
				1.2414270639419556,
				0.891343891620636,
				0.18890345096588135,
				0.12412388622760773,
				-0.1457054316997528,
				2.9852547645568848,
				-0.20130294561386108,
				-0.2522856891155243,
				-1.4699864387512207,
				-0.1418062001466751,
				-0.4628165364265442
			],
			[
				0.12822818756103516,
				0.2975977063179016,
				-0.20082780718803406,
				0.43791359663009644,
				-0.2634648084640503,
				-0.18826359510421753,
				0.14322364330291748,
				-0.32961851358413696,
				-0.2121410369873047,
				-0.386972039937973,
				-0.10951057076454163,
				0.455783486366272,
				-0.23944102227687836,
				-0.22165681421756744
			],
			[
				0.26478004455566406,
				0.04981416463851929,
				-0.019920796155929565,
				-0.24146635830402374,
				0.10644781589508057,
				-0.06020429730415344,
				0.09025794267654419,
				-0.12979403138160706,
				0.24983763694763184,
				0.27524441480636597,
				-0.0986696183681488,
				-0.3465549945831299,
				0.43083083629608154,
				-0.3059247136116028
			],
			[
				1.6081657409667969,
				2.0771923065185547,
				1.9904719591140747,
				0.029261844232678413,
				-0.27803361415863037,
				1.4409159421920776,
				-0.36283227801322937,
				0.2733786702156067,
				-0.7687172293663025,
				-0.12165385484695435,
				0.0856626033782959,
				1.7684553861618042,
				1.996789813041687,
				1.0255296230316162
			],
			[
				0.7640336751937866,
				0.42875394225120544,
				0.9967895746231079,
				0.4367925226688385,
				0.8669463396072388,
				1.0162944793701172,
				5.602430820465088,
				-0.41340941190719604,
				-3.1115591526031494,
				-0.04090374708175659,
				0.068759024143219,
				-2.5781102180480957,
				0.9930363297462463,
				-0.16276730597019196
			],
			[
				0.46189624071121216,
				0.38067710399627686,
				0.07721751928329468,
				-0.17464879155158997,
				0.375721275806427,
				0.13173073530197144,
				-0.20046094059944153,
				0.15676981210708618,
				-0.4626845717430115,
				-0.3819180428981781,
				0.2824323773384094,
				-0.3660906255245209,
				0.23326516151428223,
				0.4097195267677307
			],
			[
				0.2318935990333557,
				-0.17850667238235474,
				-0.00019446015357971191,
				-0.11497393250465393,
				0.10134291648864746,
				-0.11859771609306335,
				-0.3457491099834442,
				-0.4408765137195587,
				-0.1255592703819275,
				0.4616272449493408,
				-0.11127600073814392,
				-0.1605038046836853,
				0.3604966998100281,
				0.03566807508468628
			],
			[
				0.04967576265335083,
				0.3877953886985779,
				-0.3046572804450989,
				-0.12649914622306824,
				0.4279569387435913,
				0.3397534489631653,
				-0.03392651677131653,
				0.028602004051208496,
				-0.2793387770652771,
				0.40277349948883057,
				-0.20958560705184937,
				0.21177184581756592,
				0.31252461671829224,
				0.20580202341079712
			]
		],
		"weight_1": [
			-0.3517073690891266,
			-0.20180290937423706,
			-0.30385568737983704,
			2.3314881324768066,
			2.7044572830200195,
			-0.25607767701148987,
			0.34564071893692017,
			0.0,
			3.5264737606048584,
			0.0,
			0.0,
			-4.7065300941467285,
			-0.22126460075378418,
			-1.6612221002578735
		]
	},
	"layer_2": {
		"weight_0": [
			[
				1.2440767288208008
			],
			[
				2.2317240238189697
			],
			[
				1.4344919919967651
			],
			[
				2.8158624172210693
			],
			[
				3.6316704750061035
			],
			[
				1.5846226215362549
			],
			[
				8.176813125610352
			],
			[
				-0.32775062322616577
			],
			[
				-2.938676595687866
			],
			[
				0.11938685178756714
			],
			[
				-0.4980776607990265
			],
			[
				-7.520394325256348
			],
			[
				1.6503838300704956
			],
			[
				5.631837368011475
			]
		],
		"weight_1": [
			-0.5473220944404602
		]
	}
}