{
	"layer_0": {
		"weight_0": [
			[
				-0.48232194781303406,
				3.9922397136688232,
				0.04447005316615105,
				0.07118319720029831,
				0.3300381004810333,
				-0.5063642263412476,
				1.4449248313903809,
				3.140363931655884,
				1.0969609022140503,
				-0.26563358306884766,
				-0.525738537311554,
				0.15559904277324677,
				-0.10681628435850143,
				0.7947389483451843
			],
			[
				-0.1537131667137146,
				-0.9043340086936951,
				-0.2578945457935333,
				-0.2760906517505646,
				-0.7353403568267822,
				3.1229305267333984,
				2.6806609630584717,
				-12.848301887512207,
				-3.284726619720459,
				-0.31962093710899353,
				-0.03353071212768555,
				0.10382016003131866,
				1.4036381244659424,
				-3.408038377761841
			]
		],
		"weight_1": [
			0.0,
			0.07056912779808044,
			-0.015562716871500015,
			-0.03932160884141922,
			-0.2364996373653412,
			0.7563300728797913,
			0.9851627945899963,
			1.610862135887146,
			1.4681899547576904,
			0.0,
			0.0,
			-0.2664351761341095,
			0.16683046519756317,
			1.328067421913147
		]
	},
	"layer_1": {},
	"layer_2": {},
	"layer_3": {},
	"layer_4": {
		"weight_0": [
			[
				-0.20985890924930573,
				-0.12822677195072174,
				1.3212521076202393,
				1.0508450269699097,
				1.6064990758895874,
				-0.6451166272163391
			],
			[
				-0.07750791311264038,
				0.6224132776260376,
				-0.07604283094406128,
				-0.540618360042572,
				-0.24465368688106537,
				-0.6782887578010559
			],
			[
				2.3363382816314697,
				1.6557211875915527,
				-0.09291898459196091,
				-2.856522560119629,
				-3.066941738128662,
				-0.36319178342819214
			],
			[
				-0.5813877582550049,
				1.445427417755127,
				0.6898839473724365,
				2.768442392349243,
				2.8782405853271484,
				-0.43310797214508057
			],
			[
				0.12436535954475403,
				-1.830161452293396,
				-0.27260467410087585,
				1.8081629276275635,
				1.0298523902893066,
				-0.47668859362602234
			],
			[
				-0.340501070022583,
				-0.07812029123306274,
				-0.03860980272293091,
				0.13860443234443665,
				-0.25110477209091187,
				0.4280639886856079
			],
			[
				0.0862661749124527,
				-0.9197700619697571,
				-0.46315646171569824,
				0.8239854574203491,
				0.889015793800354,
				0.18543100357055664
			]
		],
		"weight_1": [
			0.7044209837913513,
			-1.055330753326416,
			-1.4206477403640747,
			0.4678935110569,
			0.861807644367218,
			0.0
		]
	},
	"layer_5": {
		"weight_0": [
			[
				0.12347612529993057,
				-2.2916629314422607,
				1.7605335712432861,
				-0.054073214530944824
			],
			[
				-0.35728609561920166,
				2.208495616912842,
				-1.0115619897842407,
				-0.004410505294799805
			],
			[
				0.05049252510070801,
				-3.5015101432800293,
				4.7768425941467285,
				-0.5369648933410645
			],
			[
				-2.8604540824890137,
				2.233889102935791,
				-0.37963417172431946,
				-0.31677839159965515
			],
			[
				-2.0046839714050293,
				3.170464038848877,
				0.05942733958363533,
				-0.7002851366996765
			],
			[
				-0.26487404108047485,
				-0.36434653401374817,
				0.1845199465751648,
				0.5254448652267456
			]
		],
		"weight_1": [
			2.3556275367736816,
			0.8630214929580688,
			0.8380894064903259,
			0.0
		]
	},
	"layer_6": {
		"weight_0": [
			[
				-4.404747486114502
			],
			[
				3.0546257495880127
			],
			[
				-4.530377388000488
			],
			[
				-0.17031550407409668
			]
		],
		"weight_1": [
			0.8634416460990906
		]
	}
}