{
	"layer_0": {
		"weight_0": [
			[
				0.5025588870048523,
				-0.3577274978160858,
				1.7561390399932861,
				0.18092834949493408,
				-0.12785379588603973,
				1.4909378290176392,
				-0.1425984799861908,
				0.19580338895320892,
				0.31503087282180786,
				-0.2352575957775116,
				-0.20818999409675598,
				0.47390085458755493,
				-5.430306911468506,
				0.8568959832191467,
				1.335241675376892,
				-0.04640752077102661
			],
			[
				-1.4766291379928589,
				-0.4950169026851654,
				-0.19781558215618134,
				-0.3225032687187195,
				0.1883331686258316,
				-0.49809008836746216,
				-0.37956690788269043,
				-1.6103034019470215,
				-2.5552170276641846,
				-0.23212286829948425,
				0.029478512704372406,
				-5.152145862579346,
				-0.44820308685302734,
				0.1154300644993782,
				-12.669187545776367,
				-0.5245262384414673
			]
		],
		"weight_1": [
			0.6974889039993286,
			0.0,
			0.18955208361148834,
			0.0,
			-0.1924886852502823,
			0.48563534021377563,
			0.0,
			0.3645813763141632,
			0.28923481702804565,
			0.0,
			-0.032482266426086426,
			0.3124017119407654,
			0.49308112263679504,
			-0.33802691102027893,
			0.20143315196037292,
			0.0
		]
	},
	"layer_1": {},
	"layer_2": {},
	"layer_3": {},
	"layer_4": {
		"weight_0": [
			[
				0.822365939617157,
				0.05080944299697876,
				1.2053710222244263,
				0.24182331562042236,
				0.4365173876285553,
				-0.30619052052497864,
				-0.42475971579551697,
				0.2476016879081726,
				0.01522529125213623,
				0.9398742914199829
			],
			[
				0.580768346786499,
				0.26023733615875244,
				1.077832818031311,
				0.8502846956253052,
				0.5718491673469543,
				-0.2030354142189026,
				-0.6379119753837585,
				0.5473310351371765,
				-0.525862991809845,
				1.2646465301513672
			],
			[
				0.7170413732528687,
				-0.4024844169616699,
				0.1112191379070282,
				0.728144109249115,
				0.8635579943656921,
				-0.11498555541038513,
				0.3450953960418701,
				0.9456061720848083,
				-0.043800532817840576,
				0.6010708212852478
			],
			[
				0.41322061419487,
				0.16831307113170624,
				1.1136221885681152,
				1.4556342363357544,
				1.371880054473877,
				-0.3557398319244385,
				0.2622685134410858,
				0.3926824927330017,
				-0.3111981451511383,
				0.656292200088501
			],
			[
				0.45333409309387207,
				-0.26039713621139526,
				2.947888135910034,
				0.45244354009628296,
				0.1248181015253067,
				-0.5532979369163513,
				-0.23253658413887024,
				0.11458715796470642,
				-0.5477616190910339,
				0.3186052441596985
			],
			[
				-0.24587002396583557,
				-0.051098406314849854,
				4.164641380310059,
				-0.35967817902565,
				-0.09185109287500381,
				0.07541763782501221,
				0.43710073828697205,
				0.29607143998146057,
				-0.06306260824203491,
				-0.49544215202331543
			],
			[
				-1.1257661581039429,
				-0.4153731167316437,
				-2.6073951721191406,
				-1.6507978439331055,
				-1.5083463191986084,
				-0.07731127738952637,
				-0.20075318217277527,
				-1.7394907474517822,
				-0.4992249011993408,
				-2.041297197341919
			],
			[
				2.679926872253418,
				0.5354186296463013,
				2.452244520187378,
				1.9136368036270142,
				2.290104627609253,
				0.12199407815933228,
				-0.18574674427509308,
				2.2091240882873535,
				0.4456632137298584,
				2.370049476623535
			]
		],
		"weight_1": [
			0.1892140954732895,
			-0.09710442274808884,
			-1.2069071531295776,
			0.19223643839359283,
			0.11727315187454224,
			0.0,
			-0.06871791183948517,
			0.19009621441364288,
			0.0,
			0.20851342380046844
		]
	},
	"layer_5": {
		"weight_0": [
			[
				0.018390823155641556,
				-0.5480471253395081,
				1.6774858236312866,
				-0.042974743992090225,
				1.503403663635254,
				-0.43973976373672485
			],
			[
				-0.0822892114520073,
				0.23992818593978882,
				-0.30486661195755005,
				0.35061681270599365,
				0.023350823670625687,
				-0.31698843836784363
			],
			[
				0.08991079032421112,
				0.37702128291130066,
				4.793473720550537,
				0.3980555236339569,
				4.586355209350586,
				-0.4009573459625244
			],
			[
				-0.3535725176334381,
				-0.5981971025466919,
				1.9020411968231201,
				-0.32747316360473633,
				1.3821393251419067,
				-0.5613850355148315
			],
			[
				0.49068713188171387,
				-0.18836885690689087,
				1.8585747480392456,
				-0.4979621469974518,
				1.620167851448059,
				-0.07924898713827133
			],
			[
				-0.0022843480110168457,
				-0.3520892262458801,
				0.569087564945221,
				-0.3961349427700043,
				0.6096231341362,
				0.3649289608001709
			],
			[
				-0.016306357458233833,
				-0.08373576402664185,
				-0.4817868173122406,
				-0.5021501183509827,
				-0.36266854405403137,
				0.036175306886434555
			],
			[
				-0.17418795824050903,
				-0.4339708983898163,
				1.9432204961776733,
				0.21767470240592957,
				1.9062294960021973,
				0.48275136947631836
			],
			[
				0.4591982960700989,
				-0.2884611189365387,
				0.12073129415512085,
				-0.03000098466873169,
				0.44381028413772583,
				0.38058072328567505
			],
			[
				-0.26143619418144226,
				-0.09028887003660202,
				1.8795204162597656,
				0.04114989563822746,
				1.6422014236450195,
				-0.44578883051872253
			]
		],
		"weight_1": [
			-0.09705844521522522,
			0.003162239445373416,
			0.2524166405200958,
			-0.01401666272431612,
			0.12346020340919495,
			-0.01259669940918684
		]
	},
	"layer_6": {
		"weight_0": [
			[
				-0.4231531322002411
			],
			[
				0.031210219487547874
			],
			[
				2.0343470573425293
			],
			[
				-0.23391924798488617
			],
			[
				1.9438351392745972
			],
			[
				-0.8600138425827026
			]
		],
		"weight_1": [
			0.27745234966278076
		]
	}
}