{
	"layer_0": {
		"weight_0": [
			[
				0.37434861063957214,
				0.025584585964679718,
				1.5637233257293701,
				-0.5929260849952698,
				-0.2940257489681244,
				-0.1564359962940216,
				0.08084258437156677,
				0.034529801458120346,
				0.2325112223625183,
				0.4063362181186676,
				2.2746224403381348,
				6.8636627197265625,
				0.3621380031108856,
				0.6649560928344727,
				1.989081859588623,
				-0.2217782437801361
			],
			[
				-2.123039722442627,
				-0.09624692797660828,
				-0.4011325240135193,
				-1.3975062370300293,
				-0.43505018949508667,
				-0.38038334250450134,
				0.13749203085899353,
				-0.4914900064468384,
				-1.9825748205184937,
				-4.511075496673584,
				-0.11812296509742737,
				0.02436051331460476,
				-1.7471129894256592,
				-6.338823318481445,
				-15.902515411376953,
				-0.16917559504508972
			]
		],
		"weight_1": [
			0.6947789192199707,
			-0.019147945567965508,
			0.013006564229726791,
			1.9691418409347534,
			0.0,
			0.0,
			-0.2251424640417099,
			-0.0031622746028006077,
			0.4149111211299896,
			0.5616865754127502,
			0.11358536779880524,
			0.17374245822429657,
			0.9449445009231567,
			0.33489957451820374,
			0.17278125882148743,
			0.0
		]
	},
	"layer_1": {
		"weight_0": [
			[
				0.6873575448989868,
				-0.013744592666625977,
				-0.013127966783940792,
				0.26622360944747925,
				0.8789719939231873,
				-0.03980957716703415,
				-0.15449345111846924,
				0.6136296391487122,
				0.6224097013473511,
				0.07553397864103317
			],
			[
				-0.39685505628585815,
				-0.11791965365409851,
				0.39940762519836426,
				-0.07745036482810974,
				0.30394911766052246,
				-0.45359018445014954,
				0.10574126243591309,
				-0.08762992918491364,
				0.3334253132343292,
				0.35176199674606323
			],
			[
				0.2435215711593628,
				0.26168298721313477,
				0.6617756485939026,
				-0.01842019520699978,
				0.7353381514549255,
				0.3054503798484802,
				-0.3123878538608551,
				0.37662214040756226,
				-0.6118003726005554,
				-2.1716270446777344
			],
			[
				0.5178233981132507,
				-0.2356802225112915,
				-1.1530486345291138,
				0.14744342863559723,
				0.12383513897657394,
				-0.26036763191223145,
				-0.3017633557319641,
				0.08082453161478043,
				0.48491203784942627,
				0.31865671277046204
			],
			[
				0.1374797821044922,
				0.40311163663864136,
				-0.1739298701286316,
				0.3508414626121521,
				0.3675481081008911,
				-0.21283236145973206,
				0.22399330139160156,
				-0.15083745121955872,
				0.11810898780822754,
				-0.33213406801223755
			],
			[
				-0.4695163667201996,
				-0.40833523869514465,
				0.3566276431083679,
				0.2582535743713379,
				-0.11681830883026123,
				0.02234184741973877,
				0.07921302318572998,
				0.09032052755355835,
				-0.4722284972667694,
				-0.03728252649307251
			],
			[
				0.3290790021419525,
				0.08401572704315186,
				-0.0835474357008934,
				-0.4152584969997406,
				-0.24116502702236176,
				-0.27491676807403564,
				0.2250741720199585,
				-0.20834091305732727,
				0.24904651939868927,
				-0.26023441553115845
			],
			[
				-0.016216948628425598,
				0.0877884030342102,
				-0.13166505098342896,
				-0.4354037344455719,
				-0.2642265558242798,
				-0.17494475841522217,
				0.18290680646896362,
				-0.2553980350494385,
				0.09599870443344116,
				-0.40760326385498047
			],
			[
				1.4622362852096558,
				-0.1377541720867157,
				-0.22561299800872803,
				0.36141666769981384,
				0.8600768446922302,
				-0.5184556245803833,
				-0.18349871039390564,
				1.5708115100860596,
				1.3654897212982178,
				0.05438912287354469
			],
			[
				1.004535436630249,
				0.25586026906967163,
				0.8521988391876221,
				-0.1648508608341217,
				1.2381794452667236,
				-0.3038845658302307,
				-0.17933213710784912,
				1.4386852979660034,
				0.7567077875137329,
				0.9690369963645935
			],
			[
				0.855625569820404,
				-0.008750736713409424,
				0.17555871605873108,
				-0.03983467072248459,
				0.6771747469902039,
				0.2295711785554886,
				-0.3699924647808075,
				0.5875172019004822,
				-0.8065237998962402,
				-2.1686058044433594
			],
			[
				0.317317932844162,
				-0.34382280707359314,
				0.21393634378910065,
				-0.36264681816101074,
				0.2034752070903778,
				0.6421335935592651,
				0.07232940196990967,
				0.5539725422859192,
				-1.0918208360671997,
				-3.546616554260254
			],
			[
				0.6108901500701904,
				-0.4531281292438507,
				0.020787585526704788,
				0.288807213306427,
				-0.05590894818305969,
				-0.12009105831384659,
				-0.37802213430404663,
				0.8185983300209045,
				0.15083982050418854,
				0.0805312842130661
			],
			[
				1.98885977268219,
				0.2929930090904236,
				2.9446909427642822,
				-1.0802586078643799,
				1.7837857007980347,
				-0.11464640498161316,
				-0.291480153799057,
				1.3964658975601196,
				-1.2912802696228027,
				1.5209804773330688
			],
			[
				2.1219985485076904,
				0.010019302368164062,
				1.5472923517227173,
				-1.4648709297180176,
				2.205127477645874,
				1.4687447547912598,
				-0.020652294158935547,
				2.047577142715454,
				-3.7842743396759033,
				-0.5902910828590393
			],
			[
				-0.05409088730812073,
				-0.07443472743034363,
				0.21330833435058594,
				-0.1170244812965393,
				0.36592429876327515,
				0.02610987424850464,
				0.020607709884643555,
				-0.300620436668396,
				-0.06651502847671509,
				0.3861510753631592
			]
		],
		"weight_1": [
			0.2800140082836151,
			0.0,
			-0.46274301409721375,
			0.43107280135154724,
			0.25100278854370117,
			0.14708849787712097,
			0.0,
			0.261772483587265,
			0.270398885011673,
			0.5668841004371643
		]
	},
	"layer_2": {
		"weight_0": [
			[
				1.1867278814315796,
				0.9046046137809753,
				0.9297298789024353,
				-0.4522457718849182,
				0.7500093579292297,
				0.29415664076805115
			],
			[
				-0.5067873001098633,
				-0.5319818258285522,
				0.45014673471450806,
				-0.596071183681488,
				0.5822609066963196,
				-0.01041877269744873
			],
			[
				-0.08318749070167542,
				-0.9214047193527222,
				-0.45474714040756226,
				0.2820056676864624,
				-0.8791602253913879,
				-0.09696052223443985
			],
			[
				-1.4745917320251465,
				-1.8463280200958252,
				-1.6891733407974243,
				0.05568885803222656,
				-2.390744686126709,
				-0.3811308741569519
			],
			[
				1.2177503108978271,
				0.8772980570793152,
				1.148451566696167,
				-0.41699105501174927,
				0.972442626953125,
				-0.5375576019287109
			],
			[
				-1.5411242246627808,
				-1.5201735496520996,
				-0.9736603498458862,
				-0.32556775212287903,
				-1.5078785419464111,
				-0.1630791574716568
			],
			[
				-0.5284873247146606,
				-0.32516226172447205,
				-0.14994969964027405,
				-0.3503909409046173,
				0.22361129522323608,
				0.43039435148239136
			],
			[
				0.7852704524993896,
				1.0935801267623901,
				0.7420050501823425,
				-0.4692396819591522,
				1.125212550163269,
				0.10948266088962555
			],
			[
				-1.610344648361206,
				-1.313829779624939,
				-1.151968002319336,
				0.5246095657348633,
				-0.8406127691268921,
				-0.1910255402326584
			],
			[
				-3.3724958896636963,
				-3.563060998916626,
				-2.7947475910186768,
				0.2081698179244995,
				-3.734100818634033,
				0.1556459665298462
			]
		],
		"weight_1": [
			0.46691861748695374,
			0.20629064738750458,
			0.4707127511501312,
			-0.010690199211239815,
			0.2867082953453064,
			-0.23910042643547058
		]
	},
	"layer_3": {
		"weight_0": [
			[
				2.7024223804473877
			],
			[
				2.4600143432617188
			],
			[
				1.9602093696594238
			],
			[
				-0.7867251634597778
			],
			[
				3.099536895751953
			],
			[
				-0.009062225930392742
			]
		],
		"weight_1": [
			0.5004720687866211
		]
	}
}