{
	"layer_0": {
		"weight_0": [
			[
				0.5015240907669067,
				-0.3577274978160858,
				1.8227568864822388,
				0.18092834949493408,
				-0.12785379588603973,
				1.462793231010437,
				-0.1425984799861908,
				0.17159676551818848,
				0.3222615122795105,
				-0.2352575957775116,
				-0.20818999409675598,
				0.5883802771568298,
				-5.626820087432861,
				0.8948575258255005,
				1.806009292602539,
				-0.04640752077102661
			],
			[
				-1.4753044843673706,
				-0.4950169026851654,
				-0.19717100262641907,
				-0.3225032687187195,
				0.1883331686258316,
				-0.5170221328735352,
				-0.37956690788269043,
				-1.4178729057312012,
				-2.6687474250793457,
				-0.23212286829948425,
				0.029478512704372406,
				-6.502368927001953,
				-0.46286460757255554,
				0.12266476452350616,
				-16.910120010375977,
				-0.5245262384414673
			]
		],
		"weight_1": [
			0.6915940642356873,
			0.0,
			0.18796862661838531,
			0.0,
			-0.1924886852502823,
			0.5088115930557251,
			0.0,
			0.3170691728591919,
			0.2963545620441437,
			0.0,
			-0.032482266426086426,
			0.3983995318412781,
			0.5201110243797302,
			-0.35462063550949097,
			0.2524413764476776,
			0.0
		]
	},
	"layer_1": {},
	"layer_2": {},
	"layer_3": {},
	"layer_4": {
		"weight_0": [
			[
				0.7778263092041016,
				0.05080944299697876,
				1.1799432039260864,
				0.17092812061309814,
				0.43230268359184265,
				-0.30619052052497864,
				-0.42475971579551697,
				0.1735818237066269,
				0.01522529125213623,
				0.869632363319397
			],
			[
				0.49840250611305237,
				0.26023733615875244,
				1.1662076711654663,
				0.7702191472053528,
				0.49218133091926575,
				-0.2030354142189026,
				-0.6379119753837585,
				0.47133883833885193,
				-0.525862991809845,
				1.1805408000946045
			],
			[
				0.6006633043289185,
				-0.4024844169616699,
				-0.020967816933989525,
				0.6090866923332214,
				0.7534287571907043,
				-0.11498555541038513,
				0.3450953960418701,
				0.8282675743103027,
				-0.043800532817840576,
				0.4698624610900879
			],
			[
				0.4423879384994507,
				0.16831307113170624,
				1.365005373954773,
				1.416226863861084,
				1.4481948614120483,
				-0.3557398319244385,
				0.2622685134410858,
				0.34432539343833923,
				-0.3111981451511383,
				0.6310527324676514
			],
			[
				0.506301999092102,
				-0.26039713621139526,
				2.7550480365753174,
				0.46600356698036194,
				0.2062641829252243,
				-0.5532979369163513,
				-0.23253658413887024,
				0.12322036176919937,
				-0.5477616190910339,
				0.34044334292411804
			],
			[
				-0.6689330339431763,
				-0.051098406314849854,
				4.338069438934326,
				-0.8030492663383484,
				-0.49990081787109375,
				0.07541763782501221,
				0.43710073828697205,
				-0.15017032623291016,
				-0.06306260824203491,
				-0.934603214263916
			],
			[
				-0.8481934666633606,
				-0.4153731167316437,
				-2.526268720626831,
				-1.4002370834350586,
				-1.2035883665084839,
				-0.07731127738952637,
				-0.20075318217277527,
				-1.4968187808990479,
				-0.4992249011993408,
				-1.8198065757751465
			],
			[
				1.9581425189971924,
				0.5354186296463013,
				1.731929898262024,
				1.1976637840270996,
				1.5644667148590088,
				0.12199407815933228,
				-0.18574674427509308,
				1.4926773309707642,
				0.4456632137298584,
				1.6528962850570679
			]
		],
		"weight_1": [
			0.16932374238967896,
			-0.09710442274808884,
			-1.1800061464309692,
			0.17299550771713257,
			0.11860649287700653,
			0.0,
			-0.06871791183948517,
			0.16679875552654266,
			0.0,
			0.16983352601528168
		]
	},
	"layer_5": {
		"weight_0": [
			[
				0.3505095839500427,
				-0.5480471253395081,
				1.7035452127456665,
				-0.0736834928393364,
				1.5284295082092285,
				-0.43973976373672485
			],
			[
				-0.0822892114520073,
				0.23992818593978882,
				-0.30486661195755005,
				0.35061681270599365,
				0.023350823670625687,
				-0.31698843836784363
			],
			[
				0.09920917451381683,
				0.37702128291130066,
				4.5281982421875,
				0.36630961298942566,
				4.320400238037109,
				-0.4009573459625244
			],
			[
				-0.42040273547172546,
				-0.5981971025466919,
				1.9956049919128418,
				-0.3611326217651367,
				1.4746583700180054,
				-0.5613850355148315
			],
			[
				0.7122126817703247,
				-0.18836885690689087,
				1.9094769954681396,
				-0.5303187370300293,
				1.670022964477539,
				-0.07924898713827133
			],
			[
				-0.0022843480110168457,
				-0.3520892262458801,
				0.569087564945221,
				-0.3961349427700043,
				0.6096231341362,
				0.3649289608001709
			],
			[
				-0.016306357458233833,
				-0.08373576402664185,
				-0.4817868173122406,
				-0.5021501183509827,
				-0.36266854405403137,
				0.036175306886434555
			],
			[
				-0.9356266856193542,
				-0.4339708983898163,
				2.1844942569732666,
				0.1827697902917862,
				2.146475315093994,
				0.48275136947631836
			],
			[
				0.4591982960700989,
				-0.2884611189365387,
				0.12073129415512085,
				-0.03000098466873169,
				0.44381028413772583,
				0.38058072328567505
			],
			[
				-0.33409371972084045,
				-0.09028887003660202,
				2.1027541160583496,
				0.006674676667898893,
				1.8643616437911987,
				-0.44578883051872253
			]
		],
		"weight_1": [
			0.010657286271452904,
			0.003162239445373416,
			0.2537544369697571,
			-0.04004398360848427,
			0.12384416908025742,
			-0.01259669940918684
		]
	},
	"layer_6": {
		"weight_0": [
			[
				-2.4530603885650635
			],
			[
				0.031210219487547874
			],
			[
				2.1356406211853027
			],
			[
				-0.19552375376224518
			],
			[
				2.041760206222534
			],
			[
				-0.8600138425827026
			]
		],
		"weight_1": [
			0.29970571398735046
		]
	}
}