{
	"layer_0": {
		"weight_0": [
			[
				1.4156724214553833,
				-0.37556251883506775,
				0.6465399861335754,
				-1.3134671449661255,
				-0.00954979658126831,
				-0.29066282510757446,
				-0.15454715490341187,
				-0.23593923449516296,
				8.50131607055664,
				0.5227770209312439,
				0.5726224780082703,
				8.448407173156738,
				2.190077066421509,
				2.6549692153930664,
				0.07214392721652985,
				-0.2010475993156433
			],
			[
				-12.534268379211426,
				-0.03186619281768799,
				-5.797266006469727,
				-1.5628023147583008,
				-0.3880828619003296,
				-0.44129708409309387,
				-0.4343055188655853,
				-0.2884536385536194,
				-0.5977626442909241,
				-3.8744146823883057,
				-2.96195650100708,
				0.18191678822040558,
				-1.0355088710784912,
				-0.7081058025360107,
				-0.38140568137168884,
				-0.12465304136276245
			]
		],
		"weight_1": [
			0.3411732017993927,
			0.0,
			0.5680480003356934,
			2.8118109703063965,
			0.0,
			0.0,
			0.0,
			0.0,
			0.610073447227478,
			0.8641273975372314,
			1.3162248134613037,
			0.5559079051017761,
			0.7046939134597778,
			0.7027518153190613,
			-0.02194923721253872,
			0.0
		]
	},
	"layer_1": {
		"weight_0": [
			[
				-0.05268973112106323,
				-4.266894817352295,
				0.4229535758495331,
				-5.3504533767700195,
				4.234894752502441,
				4.231013774871826,
				0.26247867941856384,
				-2.3192596435546875,
				-0.030934276059269905,
				-1.2103073596954346,
				3.663300037384033,
				4.021024703979492,
				4.268803119659424,
				0.19291338324546814,
				0.28599777817726135,
				1.0699506998062134
			],
			[
				0.28111162781715393,
				0.13532409071922302,
				0.14999964833259583,
				-0.2173459827899933,
				-0.20106789469718933,
				-0.00594136118888855,
				-0.20508715510368347,
				0.4114616811275482,
				-0.004699617624282837,
				-0.38059160113334656,
				-0.2953811287879944,
				-0.17711496353149414,
				-0.07604643702507019,
				-0.06614485383033752,
				-0.3872835040092468,
				0.09573844075202942
			],
			[
				-0.04961922764778137,
				-2.4976556301116943,
				1.6416316032409668,
				-1.1506930589675903,
				3.139392375946045,
				3.4911231994628906,
				-0.42211464047431946,
				2.1235337257385254,
				-0.9657724499702454,
				-0.6160048246383667,
				3.0001938343048096,
				3.12896990776062,
				3.406930446624756,
				0.08436188101768494,
				-0.33434179425239563,
				0.5436360836029053
			],
			[
				-0.4370746314525604,
				1.4873077869415283,
				1.3792330026626587,
				1.131529450416565,
				1.0114673376083374,
				0.7448333501815796,
				-0.20057573914527893,
				1.5444515943527222,
				-0.19693583250045776,
				-0.02945389412343502,
				0.9997652173042297,
				1.0299268960952759,
				0.7105131149291992,
				-0.1041128933429718,
				-0.4237695634365082,
				0.4344203472137451
			],
			[
				-0.08211582899093628,
				-0.27436602115631104,
				-0.08690401911735535,
				-0.3988833725452423,
				0.08197209239006042,
				0.21382811665534973,
				-0.250379741191864,
				0.011761844158172607,
				-0.40491196513175964,
				0.1356254518032074,
				-0.28063154220581055,
				-0.22013413906097412,
				0.034965962171554565,
				-0.42661377787590027,
				0.26530107855796814,
				-0.3686143159866333
			],
			[
				-0.28196942806243896,
				-0.42173710465431213,
				-0.3887232542037964,
				0.2599526345729828,
				0.0427933931350708,
				-0.3428936302661896,
				0.352071613073349,
				-0.13772666454315186,
				0.09399357438087463,
				-0.05870240926742554,
				-0.09346067905426025,
				0.283679336309433,
				0.2392890751361847,
				0.20785728096961975,
				0.3704409897327423,
				0.08046141266822815
			],
			[
				0.3714202344417572,
				-0.3155538737773895,
				-0.1554553508758545,
				0.11237898468971252,
				0.059793442487716675,
				0.2471618950366974,
				-0.2607717216014862,
				-0.22694817185401917,
				-0.030721336603164673,
				-0.058005452156066895,
				0.25972869992256165,
				0.23772397637367249,
				0.12358686327934265,
				-0.31375205516815186,
				0.2674432098865509,
				-0.4209115207195282
			],
			[
				-0.36609694361686707,
				-0.16308167576789856,
				0.33795180916786194,
				-0.1199275553226471,
				-0.40494921803474426,
				-0.17223531007766724,
				-0.2159959375858307,
				0.28009918332099915,
				-0.3418380320072174,
				0.36156347393989563,
				0.41469326615333557,
				0.42623254656791687,
				0.038350850343704224,
				0.1648888885974884,
				-0.1344197392463684,
				-0.35097408294677734
			],
			[
				-0.20133519172668457,
				-0.10771007090806961,
				-2.49589204788208,
				0.2093554139137268,
				0.8984034061431885,
				0.3865799605846405,
				-0.1840333491563797,
				-1.5533255338668823,
				0.9049074649810791,
				0.7770423293113708,
				0.7496002912521362,
				0.4149913191795349,
				0.3927990198135376,
				-0.053433239459991455,
				-0.11566579341888428,
				-1.7699145078659058
			],
			[
				0.3628077208995819,
				-0.3130810856819153,
				1.0324945449829102,
				1.0169733762741089,
				2.028498649597168,
				2.4620373249053955,
				-0.07352250814437866,
				1.697849988937378,
				-0.9617828130722046,
				-0.6271024942398071,
				2.118034839630127,
				2.3585636615753174,
				1.913743019104004,
				-0.4128851592540741,
				0.016882359981536865,
				0.09437680244445801
			],
			[
				-0.0776110365986824,
				0.05222126096487045,
				0.7547793388366699,
				1.189940333366394,
				0.9822981357574463,
				1.1758917570114136,
				0.12848278880119324,
				1.2761067152023315,
				-0.07064981758594513,
				-0.5245478749275208,
				1.4347221851348877,
				1.4032803773880005,
				1.5087569952011108,
				-0.12556952238082886,
				-0.19285817444324493,
				0.06518135964870453
			],
			[
				-0.025992153212428093,
				-0.5395743250846863,
				-3.4719183444976807,
				-1.5492019653320312,
				0.23386619985103607,
				0.3022386431694031,
				0.0028204014524817467,
				-2.731886625289917,
				0.6561344265937805,
				0.6878059506416321,
				0.8611373901367188,
				0.8951718807220459,
				0.20207206904888153,
				-0.3808712661266327,
				0.18194463849067688,
				-0.9131945967674255
			],
			[
				-0.13067764043807983,
				0.4496898055076599,
				-0.9048104882240295,
				-0.1400548666715622,
				0.7073948383331299,
				1.258020043373108,
				-0.20084527134895325,
				-0.69822096824646,
				0.48606452345848083,
				0.05632169172167778,
				1.3645726442337036,
				1.4452146291732788,
				0.9251351356506348,
				0.08769616484642029,
				-0.09326690435409546,
				0.40209972858428955
			],
			[
				0.1157689094543457,
				-0.2055525779724121,
				-0.9595211744308472,
				-0.5953470468521118,
				0.5985779166221619,
				0.909386157989502,
				0.18011368811130524,
				-0.6422833204269409,
				0.115402951836586,
				0.6955231428146362,
				0.8819740414619446,
				1.2631338834762573,
				1.1422401666641235,
				-0.007369548082351685,
				-0.3001087009906769,
				-0.3413047194480896
			],
			[
				-0.2688499391078949,
				-0.33091849088668823,
				-0.03579706326127052,
				-0.2327948659658432,
				-0.1796087920665741,
				0.2450437992811203,
				-0.3770183324813843,
				0.403234601020813,
				0.10999903082847595,
				-0.2697771489620209,
				0.1433424949645996,
				-0.2969735562801361,
				-0.15430277585983276,
				0.21187660098075867,
				0.1936507523059845,
				-0.43110939860343933
			],
			[
				-0.3532160222530365,
				0.2774300277233124,
				-0.16923043131828308,
				0.10806670784950256,
				0.11488667130470276,
				-0.20083065330982208,
				0.4079209268093109,
				-0.317185640335083,
				-0.07052269577980042,
				-0.28708499670028687,
				-0.09661686420440674,
				0.3461522161960602,
				0.19093546271324158,
				0.03380197286605835,
				-0.2964816093444824,
				-0.41141143441200256
			]
		],