{
	"layer_0": {
		"weight_0": [
			[
				0.3959483206272125,
				-0.4878675639629364,
				2.9469363689422607,
				1.9650053977966309,
				0.011586111970245838,
				0.5165411829948425,
				0.3457084894180298,
				0.018716193735599518,
				3.310518980026245,
				1.4563124179840088,
				0.014236995950341225,
				0.08955271542072296,
				-0.36764341592788696,
				2.5040740966796875,
				2.0898616313934326,
				1.2722909450531006,
				0.24722637236118317,
				-1.1120004653930664,
				0.3115573525428772,
				2.5289933681488037
			],
			[
				-1.4486647844314575,
				-0.1799333095550537,
				-9.769993782043457,
				1.3654680252075195,
				-1.18896484375,
				-0.37674564123153687,
				-1.8172777891159058,
				-0.39753228425979614,
				-18.13772964477539,
				1.3864167928695679,
				0.07115830481052399,
				-0.304867148399353,
				0.10765105485916138,
				1.158170223236084,
				-5.424124240875244,
				1.0262911319732666,
				-0.5354939103126526,
				1.4889475107192993,
				-0.10105246305465698,
				0.8689989447593689
			]
		],
		"weight_1": [
			0.7301992774009705,
			0.0,
			2.01568341255188,
			1.322710394859314,
			1.0691511631011963,
			0.4254854917526245,
			0.3542356491088867,
			-0.0031602613162249327,
			1.6667943000793457,
			1.2968602180480957,
			-0.08699630200862885,
			-0.05429251492023468,
			-0.11080105602741241,
			-0.2914901077747345,
			1.105367660522461,
			0.365820050239563,
			-0.18113499879837036,
			1.3787603378295898,
			0.0,
			0.0010797554859891534
		]
	},
	"layer_1": {},
	"layer_2": {},
	"layer_3": {},
	"layer_4": {
		"weight_0": [
			[
				-0.47525298595428467,
				-0.2710322141647339,
				0.05165199190378189,
				1.2516915798187256,
				0.36860522627830505,
				0.5035357475280762,
				1.6544256210327148,
				-0.3096430003643036,
				0.011418160051107407,
				-0.4047320485115051,
				0.33042722940444946,
				-0.48433950543403625,
				0.5787339806556702,
				-0.35819220542907715,
				0.20315057039260864,
				0.5362800359725952
			],
			[
				-0.11630548536777496,
				-0.4545503556728363,
				0.38473257422447205,
				-0.020534927025437355,
				1.3288429975509644,
				-0.003770924173295498,
				0.6999298930168152,
				-0.1875685751438141,
				-0.17344467341899872,
				-0.27960658073425293,
				-0.1569696068763733,
				-0.2575402855873108,
				1.332747459411621,
				-0.12171798199415207,
				0.1776319444179535,
				1.447931170463562
			],
			[
				-0.27611422538757324,
				-0.20202428102493286,
				-1.5459703207015991,
				-0.18242694437503815,
				0.219288170337677,
				0.5806647539138794,
				0.8019736409187317,
				0.3621799349784851,
				0.47862979769706726,
				-0.35939282178878784,
				0.38123300671577454,
				-0.31826895475387573,
				-0.0013830094831064343,
				0.2722186744213104,
				0.33818644285202026,
				-0.21077251434326172
			],
			[
				0.09929221868515015,
				0.4395955502986908,
				1.406592845916748,
				0.12618936598300934,
				1.631972074508667,
				-0.24925833940505981,
				3.1054508686065674,
				-0.15675316751003265,
				-0.9628798961639404,
				0.15641969442367554,
				-0.24929270148277283,
				-0.09487733244895935,
				0.472171813249588,
				0.05650866776704788,
				0.03357281908392906,
				1.1589593887329102
			],
			[
				0.37898656725883484,
				0.028797490522265434,
				0.006939013488590717,
				-0.5356934666633606,
				2.2311604022979736,
				0.482245534658432,
				2.2939112186431885,
				0.02957289293408394,
				-1.4535797834396362,
				-0.09936994314193726,
				-0.22686313092708588,
				-0.2240399718284607,
				2.227365493774414,
				0.284435898065567,
				-0.05660257861018181,
				1.9613715410232544
			],
			[
				0.058406710624694824,
				-0.26365500688552856,
				0.02743786945939064,
				-0.17548257112503052,
				-0.45537206530570984,
				0.28237611055374146,
				-0.3704954981803894,
				0.33711665868759155,
				-0.4530712068080902,
				0.1453406810760498,
				-0.3777163028717041,
				-0.4070385992527008,
				-0.3823026418685913,
				0.35801661014556885,
				0.1700351983308792,
				-0.17181789875030518
			],
			[
				-0.8655692934989929,
				-0.10830419510602951,
				0.663148045539856,
				1.8313968181610107,
				-3.503941297531128,
				0.6149981021881104,
				-1.6725170612335205,
				-0.1687697023153305,
				2.963534355163574,
				-0.18154707551002502,
				-0.4744880199432373,
				0.040432751178741455,
				-2.0654044151306152,
				0.39684203267097473,
				-0.15496696531772614,
				-2.1730904579162598
			],
			[
				0.2217964082956314,
				0.3054906725883484,
				0.2703104615211487,
				0.6907133460044861,
				1.1851381063461304,
				-0.2945762276649475,
				0.5126335024833679,
				0.47822219133377075,
				-0.01826166734099388,
				-0.42888879776000977,
				0.14415837824344635,
				0.3716725707054138,
				1.0062729120254517,
				0.3626386821269989,
				-0.2854154407978058,
				1.2616534233093262
			],
			[
				-0.2677452266216278,
				-0.15749067068099976,
				-0.8884973526000977,
				1.2185415029525757,
				-2.6148505210876465,
				0.44296497106552124,
				-2.5976059436798096,
				-0.1521085649728775,
				1.4424670934677124,
				-0.3672215938568115,
				-0.30324897170066833,
				-0.2824401557445526,
				-2.531118154525757,
				0.3660137951374054,
				0.31003671884536743,
				-2.6548047065734863
			],
			[
				-0.7306933999061584,
				0.1730758398771286,
				0.4083804190158844,
				-6.4419474601745605,
				0.1931036412715912,
				-0.05180511996150017,
				0.916212797164917,
				0.08343980461359024,
				-0.027834704145789146,
				-0.3797362148761749,
				-0.4872523844242096,
				0.2292138934135437,
				0.5664454102516174,
				-0.4115745425224304,
				-0.3558788597583771,
				0.201555997133255
			]
		],
		"weight_1": [
			-0.03165425360202789,
			-0.00731874443590641,
			-1.0025126934051514,
			1.913404941558838,
			-0.3437674641609192,
			-0.14508584141731262,
			-0.06991792470216751,
			0.07946436107158661,
			1.0409979820251465,
			0.0,
			-0.028122542425990105,
			-0.0670098066329956,
			-0.45274096727371216,
			-0.050550077110528946,
			-0.016711927950382233,
			-0.3785068094730377
		]
	},
	"layer_5": {},
	"layer_6": {},
	"layer_7": {},
	"layer_8": {
		"weight_0": [
			[
				0.2431124597787857,
				0.06805431097745895,
				0.21936307847499847,
				0.07407820224761963,
				0.41402891278266907,
				-0.21171408891677856
			],
			[
				-1.7197514772415161,
				-0.17199894785881042,
				-2.298692226409912,
				-0.17858175933361053,
				-0.3567782938480377,
				1.692785620689392
			],
			[
				2.756699800491333,
				-0.14862628281116486,
				3.2235476970672607,
				0.5337685346603394,
				0.31382057070732117,
				1.4710532426834106
			],
			[
				0.8651854991912842,
				-0.7655516266822815,
				0.7971364259719849,
				-0.30165350437164307,
				-0.16167104244232178,
				-2.451127290725708
			],
			[
				-2.9362711906433105,
				-0.5995566844940186,
				-2.6583375930786133,
				-0.30670222640037537,
				-0.6165400743484497,
				-1.1730380058288574
			],
			[
				-0.3857851028442383,
				0.24400025606155396,
				-0.5212850570678711,
				0.1443302035331726,
				-0.6458066701889038,
				-0.42380034923553467
			],
			[
				1.3272018432617188,
				0.1801735907793045,
				1.216508150100708,
				-0.37450066208839417,
				-0.2223905771970749,
				-0.1755630075931549
			],
			[
				1.8110867738723755,
				0.38815072178840637,
				1.6462323665618896,
				0.1912185549736023,
				0.19958797097206116,
				0.4358633756637573
			]
		],
		"weight_1": [
			-0.34033235907554626,
			-0.12416332215070724,
			-0.5485331416130066,
			-0.0031622773967683315,
			-0.2762795090675354,
			-0.1836049109697342
		]
	},
	"layer_9": {
		"weight_0": [
			[
				2.0965187549591064
			],
			[
				-0.5197603106498718
			],
			[
				1.7540647983551025
			],
			[
				-0.3153994083404541
			],
			[
				-0.5563742518424988
			],
			[
				-17.668354034423828
			]
		],
		"weight_1": [
			-0.2920335829257965
		]
	}
}