{
	"layer_0": {
		"weight_0": [
			[
				0.5852807760238647,
				-0.5005836486816406,
				-0.20122191309928894,
				1.0942171812057495,
				-0.3826720118522644,
				0.4212016761302948,
				-0.20905545353889465,
				1.3033467531204224,
				-0.8496587872505188,
				-0.39435723423957825,
				0.09066283702850342,
				4.206723690032959,
				-0.05876438692212105,
				4.226858139038086,
				-0.039873212575912476,
				-0.15327800810337067,
				-0.5247513055801392,
				-0.487532377243042,
				0.1480809599161148,
				0.8205819129943848
			],
			[
				-2.7294580936431885,
				-0.27725809812545776,
				-0.26132863759994507,
				-9.640091896057129,
				-0.20366331934928894,
				1.5706610679626465,
				-0.27270811796188354,
				-0.4025329053401947,
				-0.8151314854621887,
				0.37920621037483215,
				-0.15989941358566284,
				0.3367537260055542,
				0.43774110078811646,
				0.38718315958976746,
				-0.29291248321533203,
				-0.7832275032997131,
				1.2014540433883667,
				-0.41065651178359985,
				1.6186294555664062,
				-3.67928147315979
			]
		],
		"weight_1": [
			0.8883288502693176,
			0.0,
			0.0,
			0.3877289295196533,
			0.0,
			0.03693681210279465,
			0.0,
			0.38743701577186584,
			1.646114706993103,
			-0.03367916867136955,
			0.0,
			0.3586519956588745,
			0.016478855162858963,
			0.2661350965499878,
			0.0,
			0.916157066822052,
			0.5650010704994202,
			0.0,
			0.2358933389186859,
			1.0104568004608154
		]
	},
	"layer_1": {},
	"layer_2": {},
	"layer_3": {},
	"layer_4": {
		"weight_0": [
			[
				0.07091188430786133,
				0.47018882632255554,
				-0.49067071080207825,
				-0.3552635908126831,
				0.09602850675582886,
				1.6287469863891602,
				1.084006428718567,
				0.994186520576477,
				0.4554455876350403,
				-0.5606608986854553
			],
			[
				-0.38332265615463257,
				0.17267340421676636,
				0.03606534004211426,
				-0.30008792877197266,
				-0.2100977897644043,
				3.0254082679748535,
				3.2538318634033203,
				-0.819467306137085,
				-2.2386655807495117,
				0.49693670868873596
			],
			[
				0.014040350914001465,
				0.009351133368909359,
				0.1385800838470459,
				-0.3967399299144745,
				-0.25627750158309937,
				-1.359750747680664,
				-1.4731800556182861,
				-0.6737847924232483,
				-0.5182431936264038,
				0.1678818166255951
			],
			[
				0.005802750587463379,
				-0.5767598152160645,
				0.5228826999664307,
				-0.17729000747203827,
				0.19522641599178314,
				0.600918173789978,
				0.9414376616477966,
				-0.6173832416534424,
				-0.21468240022659302,
				-0.6082067489624023
			],
			[
				0.07097166776657104,
				0.36888447403907776,
				-0.27512314915657043,
				0.25514528155326843,
				-0.39989033341407776,
				0.4292713701725006,
				0.986287534236908,
				0.6593068242073059,
				0.6363515853881836,
				-0.30679216980934143
			],
			[
				-0.22209283709526062,
				0.04672491177916527,
				-0.538147509098053,
				-0.05493800342082977,
				0.2837678790092468,
				-0.052259452641010284,
				0.5004199147224426,
				-1.974772334098816,
				-0.38747742772102356,
				-0.5041281580924988
			],
			[
				0.028086960315704346,
				-0.3267626464366913,
				-0.3580423891544342,
				0.027341928333044052,
				-0.37169936299324036,
				0.1296752542257309,
				0.039016012102365494,
				-1.604028582572937,
				-0.3223896324634552,
				0.027275463566184044
			],
			[
				-0.09873530268669128,
				-0.4395604729652405,
				-0.32410433888435364,
				0.2733478844165802,
				-0.4335993826389313,
				0.5249907970428467,
				0.8481093049049377,
				0.41926828026771545,
				-0.1446695774793625,
				-0.606220543384552
			],
			[
				-0.23599085211753845,
				0.11902812868356705,
				0.2941746711730957,
				-0.11062929034233093,
				-0.11169910430908203,
				-1.8038750886917114,
				-0.9041804671287537,
				0.7634443044662476,
				0.7548461556434631,
				-0.16464011371135712
			],
			[
				-0.21017664670944214,
				-0.4902589023113251,
				-0.2270682156085968,
				-0.3632282614707947,
				-0.3074081242084503,
				1.9154624938964844,
				2.0967817306518555,
				0.8487464785575867,
				-0.08851342648267746,
				0.32131534814834595
			]
		],
		"weight_1": [
			0.0,
			-0.033386003226041794,
			0.0,
			-0.006322755478322506,
			-0.03084978461265564,
			0.3599911034107208,
			0.7792372107505798,
			0.2036239504814148,
			0.7270575761795044,
			-0.03686545416712761
		]
	},
	"layer_5": {
		"weight_0": [
			[
				-0.1130240261554718,
				-0.5948938131332397,
				0.23645395040512085,
				0.3635990619659424,
				-0.18395787477493286,
				0.49159854650497437
			],
			[
				0.16766738891601562,
				-0.47375866770744324,
				0.05618465319275856,
				-0.4461127519607544,
				0.017109274864196777,
				-0.3827764093875885
			],
			[
				0.2899596691131592,
				0.5841532349586487,
				-0.19366240501403809,
				0.5711197257041931,
				0.4196088910102844,
				-0.3713533282279968
			],
			[
				-0.0601767897605896,
				-0.34763598442077637,
				-0.3928424119949341,
				0.5434726476669312,
				0.5789180397987366,
				0.07428724318742752
			],
			[
				-0.553870439529419,
				0.25375962257385254,
				-0.3525983691215515,
				-0.17917247116565704,
				-0.49188998341560364,
				-0.16200241446495056
			],
			[
				0.15557760000228882,
				-0.12353396415710449,
				1.1864181756973267,
				1.3544360399246216,
				-0.5731868147850037,
				1.2831190824508667
			],
			[
				-0.4842907786369324,
				-0.18855835497379303,
				1.4228633642196655,
				1.9567631483078003,
				-0.548931360244751,
				1.2068474292755127
			],
			[
				-0.39877068996429443,
				2.5726635456085205,
				-1.4957746267318726,
				-1.550029993057251,
				-0.5837558507919312,
				-2.3671765327453613
			],
			[
				-0.06022161245346069,
				1.6275917291641235,
				-1.0647507905960083,
				-1.3019604682922363,
				-0.2787887156009674,
				-1.1960070133209229
			],
			[
				-0.09627944231033325,
				0.7605539560317993,
				-0.15395395457744598,
				-0.9671657681465149,
				-0.22132346034049988,
				-0.5825387835502625
			]
		],
		"weight_1": [
			0.0,
			1.5277652740478516,
			0.8167187571525574,
			0.8160169720649719,
			0.0,
			0.8221333026885986
		]
	},
	"layer_6": {
		"weight_0": [
			[
				0.6754249334335327
			],
			[
				-3.6339359283447266
			],
			[
				2.4047303199768066
			],
			[
				2.0803937911987305
			],
			[
				0.44371354579925537
			],
			[
				2.4252851009368896
			]
		],
		"weight_1": [
			0.8302507400512695
		]
	}
}