{
	"layer_0": {
		"weight_0": [
			[
				1.2248141765594482,
				-0.4878675639629364,
				2.0353643894195557,
				1.375826358795166,
				1.180513858795166,
				0.2943243980407715,
				0.31309497356414795,
				0.018716193735599518,
				2.2516186237335205,
				1.0332884788513184,
				0.014236995950341225,
				0.08955271542072296,
				-0.36764341592788696,
				2.2663919925689697,
				1.5491124391555786,
				1.0271514654159546,
				0.24722637236118317,
				-0.6404900550842285,
				0.3115573525428772,
				1.3904248476028442
			],
			[
				-0.9651614427566528,
				-0.1799333095550537,
				-4.929731845855713,
				1.2103328704833984,
				-0.5360618829727173,
				-0.24400880932807922,
				-1.696629285812378,
				-0.39753228425979614,
				-10.110865592956543,
				1.208770513534546,
				0.07115830481052399,
				-0.304867148399353,
				0.10765105485916138,
				0.746817409992218,
				-2.4317333698272705,
				1.1145758628845215,
				-0.5354939103126526,
				1.8400797843933105,
				-0.10105246305465698,
				-0.10612597316503525
			]
		],
		"weight_1": [
			0.46838536858558655,
			0.0,
			1.216139316558838,
			0.8191585540771484,
			0.3078421354293823,
			0.0,
			0.3818724751472473,
			-0.0031602613162249327,
			0.8349295854568481,
			0.5954397320747375,
			-0.08699630200862885,
			-0.05429251492023468,
			-0.11080105602741241,
			-0.39298921823501587,
			0.8476619720458984,
			0.4014984667301178,
			-0.18113499879837036,
			0.9089218378067017,
			0.0,
			0.007720444817095995
		]
	},
	"layer_1": {},
	"layer_2": {},
	"layer_3": {},
	"layer_4": {
		"weight_0": [
			[
				-0.47525298595428467,
				-0.2710322141647339,
				-0.3121001720428467,
				0.36604583263397217,
				-0.07412942498922348,
				-0.13597914576530457,
				1.0984221696853638,
				-0.3096430003643036,
				0.4089904725551605,
				-0.4047320485115051,
				0.33042722940444946,
				-0.48433950543403625,
				0.9728185534477234,
				-0.35819220542907715,
				0.20315057039260864,
				0.5548487901687622
			],
			[
				-0.11314321309328079,
				-0.4545503556728363,
				0.23446373641490936,
				-0.14463995397090912,
				1.1079059839248657,
				0.0031938643660396338,
				1.040547251701355,
				-0.18440629541873932,
				-0.15728704631328583,
				-0.27960658073425293,
				-0.1569696068763733,
				-0.2575402855873108,
				1.616445779800415,
				-0.11223116517066956,
				0.1776319444179535,
				1.5872012376785278
			],
			[
				-0.27295202016830444,
				-0.20202428102493286,
				-0.382404625415802,
				0.3443407416343689,
				0.38400837779045105,
				-0.27040600776672363,
				0.5711378455162048,
				0.3621799349784851,
				0.5926082730293274,
				-0.35939282178878784,
				0.38123300671577454,
				-0.31826895475387573,
				0.5431079864501953,
				0.28170520067214966,
				0.33818644285202026,
				0.04437528923153877
			],
			[
				0.09929221868515015,
				0.4395955502986908,
				0.32243022322654724,
				-0.7164321541786194,
				0.9736025929450989,
				-0.763053297996521,
				1.269124150276184,
				-0.15675316751003265,
				-0.288972944021225,
				0.15641969442367554,
				-0.24929270148277283,
				-0.09487733244895935,
				0.5037506818771362,
				0.05650866776704788,
				0.03357281908392906,
				0.9675894975662231
			],
			[
				0.3821488320827484,
				0.028797490522265434,
				-0.021147090941667557,
				-0.14631079137325287,
				2.357926368713379,
				0.5071216225624084,
				2.201281785964966,
				0.03273516893386841,
				-1.5360896587371826,
				-0.09936994314193726,
				-0.22686313092708588,
				-0.2240399718284607,
				2.4059555530548096,
				0.29392269253730774,
				-0.05660257861018181,
				2.1167454719543457
			],
			[
				0.058406710624694824,
				-0.26365500688552856,
				0.02743786945939064,
				-0.17548257112503052,
				-0.45537206530570984,
				0.28237611055374146,
				-0.3704954981803894,
				0.33711665868759155,
				-0.4530712068080902,
				0.1453406810760498,
				-0.3777163028717041,
				-0.4070385992527008,
				-0.3823026418685913,
				0.35801661014556885,
				0.1700351983308792,
				-0.17181789875030518
			],
			[
				-0.8655692934989929,
				-0.10830419510602951,
				0.3119444251060486,
				-2.090463638305664,
				-2.8034040927886963,
				0.2449924498796463,
				-1.8875010013580322,
				-0.16560743749141693,
				2.8303282260894775,
				-0.18154707551002502,
				-0.4744880199432373,
				0.040432751178741455,
				-1.9308502674102783,
				0.40632882714271545,
				-0.15496696531772614,
				-1.997518539428711
			],
			[
				0.22495868802070618,
				0.3054906725883484,
				-0.15140193700790405,
				-0.1923193633556366,
				0.6757495999336243,
				-0.2749088406562805,
				0.9983088374137878,
				0.4813844561576843,
				0.09575801342725754,
				-0.42888879776000977,
				0.14415837824344635,
				0.3716725707054138,
				1.26980459690094,
				0.3721254765987396,
				-0.2854154407978058,
				1.3348889350891113
			],
			[
				-0.26458296179771423,
				-0.15749067068099976,
				-0.40171489119529724,
				0.6550873517990112,
				-2.330144166946411,
				0.40565991401672363,
				-2.4574942588806152,
				-0.14894628524780273,
				1.3631010055541992,
				-0.3672215938568115,
				-0.30324897170066833,
				-0.2824401557445526,
				-2.265690803527832,
				0.3755005896091461,
				0.31003671884536743,
				-2.4525387287139893
			],
			[
				-0.7306933999061584,
				0.1730758398771286,
				0.10378733277320862,
				-0.8731837272644043,
				0.4065827429294586,
				-0.0932561531662941,
				-0.06929042190313339,
				0.08343980461359024,
				-0.029505416750907898,
				-0.3797362148761749,
				-0.4872523844242096,
				0.2292138934135437,
				0.42814692854881287,
				-0.4020877480506897,
				-0.3558788597583771,
				0.18717125058174133
			]
		],
		"weight_1": [
			-0.028491979464888573,
			-0.00731874443590641,
			-0.17117054760456085,
			1.587470293045044,
			-0.14312706887722015,
			-0.05080345645546913,
			-0.00045418887748382986,
			0.08262663334608078,
			0.8227739334106445,
			0.0,
			-0.028122542425990105,
			-0.0670098066329956,
			0.0217391736805439,
			-0.04106326028704643,
			-0.016711927950382233,
			-0.020397303625941277
		]
	},
	"layer_5": {},
	"layer_6": {},
	"layer_7": {},
	"layer_8": {
		"weight_0": [
			[
				0.24625296890735626,
				0.06805431097745895,
				0.22249886393547058,
				0.07407820224761963,
				0.41402891278266907,
				-0.21487051248550415
			],
			[
				-1.4444482326507568,
				-0.17199894785881042,
				-2.0173423290252686,
				-0.17858175933361053,
				-0.3567782938480377,
				1.5109301805496216
			],
			[
				2.608389377593994,
				-0.14862628281116486,
				3.082817554473877,
				0.5337685346603394,
				0.31382057070732117,
				1.1996253728866577
			],
			[
				1.4329742193222046,
				-0.7655516266822815,
				1.3725420236587524,
				-0.30165350437164307,
				-0.16167104244232178,
				-1.928361415863037
			],
			[
				-3.0060739517211914,
				-0.5995566844940186,
				-2.7203598022460938,
				-0.30670222640037537,
				-0.6165400743484497,
				-0.9584898948669434
			],
			[
				-0.3857851028442383,
				0.24400025606155396,
				-0.5212850570678711,
				0.1443302035331726,
				-0.6458066701889038,
				-0.42380034923553467
			],
			[
				1.6669212579727173,
				0.1801735907793045,
				1.563934087753296,
				-0.37450066208839417,
				-0.2223905771970749,
				-0.461491197347641
			],
			[
				2.2199182510375977,
				0.38815072178840637,
				2.062744617462158,
				0.1912185549736023,
				0.19958797097206116,
				-0.18802060186862946
			]
		],
		"weight_1": [
			0.031456053256988525,
			-0.12416332215070724,
			-0.16911225020885468,
			-0.0031622773967683315,
			-0.2762795090675354,
			0.320034384727478
		]
	},
	"layer_9": {
		"weight_0": [
			[
				2.6651856899261475
			],
			[
				-0.5197603106498718
			],
			[
				2.185957908630371
			],
			[
				-0.3153994083404541
			],
			[
				-0.5563742518424988
			],
			[
				-9.874979019165039
			]
		],
		"weight_1": [
			0.04047093912959099
		]
	}
}