{
	"layer_0": {
		"weight_0": [
			[
				0.6217876672744751,
				-0.5005836486816406,
				-0.20122191309928894,
				1.8021132946014404,
				-0.3826720118522644,
				1.507218360900879,
				-0.20905545353889465,
				1.6279603242874146,
				-0.7408290505409241,
				-0.39435723423957825,
				0.09066283702850342,
				5.8894453048706055,
				-0.05876438692212105,
				7.2025628089904785,
				-0.039873212575912476,
				0.013989537954330444,
				-1.0196943283081055,
				-0.487532377243042,
				0.329629123210907,
				1.2284536361694336
			],
			[
				-3.889380693435669,
				-0.27725809812545776,
				-0.26132863759994507,
				-15.296072006225586,
				-0.20366331934928894,
				1.2155755758285522,
				-0.27270811796188354,
				-0.19674605131149292,
				-1.1586049795150757,
				0.37920621037483215,
				-0.15989941358566284,
				0.601050078868866,
				0.43774110078811646,
				0.6613653898239136,
				-0.29291248321533203,
				-0.8181147575378418,
				1.2334579229354858,
				-0.41065651178359985,
				1.6203222274780273,
				-5.181847095489502
			]
		],
		"weight_1": [
			1.1059662103652954,
			0.0,
			0.0,
			0.48765841126441956,
			0.0,
			-0.40424349904060364,
			0.0,
			0.17409507930278778,
			1.8666709661483765,
			-0.03367916867136955,
			0.0,
			0.20978587865829468,
			0.016478855162858963,
			0.2361273616552353,
			0.0,
			0.8035905957221985,
			0.6430017948150635,
			0.0,
			0.4070030450820923,
			1.1920868158340454
		]
	},
	"layer_1": {},
	"layer_2": {},
	"layer_3": {},
	"layer_4": {
		"weight_0": [
			[
				0.07091188430786133,
				0.4322388768196106,
				-0.49067071080207825,
				-0.3805616796016693,
				0.09602850675582886,
				1.2695817947387695,
				1.2072118520736694,
				0.9848378896713257,
				0.30505239963531494,
				-0.5606608986854553
			],
			[
				-0.38332265615463257,
				0.17267340421676636,
				0.03606534004211426,
				-0.30008792877197266,
				-0.2100977897644043,
				1.381567120552063,
				2.9009828567504883,
				-0.14221353828907013,
				-1.6702429056167603,
				0.49693670868873596
			],
			[
				0.014040350914001465,
				-0.00013245432637631893,
				0.1385800838470459,
				-0.42200812697410583,
				-0.25627750158309937,
				-2.094851493835449,
				-1.7459261417388916,
				-1.187485694885254,
				0.3772228956222534,
				0.1678818166255951
			],
			[
				0.005802750587463379,
				-0.6147195100784302,
				0.5228826999664307,
				-0.2025880515575409,
				0.19522641599178314,
				0.6038463711738586,
				0.7886590957641602,
				-1.0531835556030273,
				0.6207565665245056,
				-0.6082067489624023
			],
			[
				0.07097166776657104,
				0.33093664050102234,
				-0.27512314915657043,
				0.22984705865383148,
				-0.39989033341407776,
				0.7090214490890503,
				0.7172959446907043,
				0.35808631777763367,
				0.5090928077697754,
				-0.30679216980934143
			],
			[
				-0.22209283709526062,
				0.008771046996116638,
				-0.538147509098053,
				-0.08023606985807419,
				0.2837678790092468,
				-0.019871966913342476,
				0.5378398895263672,
				-2.9723639488220215,
				-0.3914622366428375,
				-0.5041281580924988
			],
			[
				0.028086960315704346,
				-0.3647160530090332,
				-0.3580423891544342,
				0.002043895423412323,
				-0.37169936299324036,
				0.17195846140384674,
				0.09378453344106674,
				-2.859853744506836,
				-0.39070403575897217,
				0.027275463566184044
			],
			[
				-0.09873530268669128,
				-0.47751009464263916,
				-0.32410433888435364,
				0.2480497658252716,
				-0.4335993826389313,
				0.7471644282341003,
				0.5005138516426086,
				-0.009926855564117432,
				-0.07456464320421219,
				-0.606220543384552
			],
			[
				-0.23599085211753845,
				0.0810788944363594,
				0.2941746711730957,
				-0.13592740893363953,
				-0.11169910430908203,
				-2.1543924808502197,
				-1.1010501384735107,
				1.2843124866485596,
				0.35566845536231995,
				-0.16464011371135712
			],
			[
				-0.21017664670944214,
				-0.5282090902328491,
				-0.2270682156085968,
				-0.3885263502597809,
				-0.3074081242084503,
				1.51143479347229,
				1.8859084844589233,
				1.6803622245788574,
				-0.4596388638019562,
				0.32131534814834595
			]
		],
		"weight_1": [
			0.0,
			-0.0713348239660263,
			0.0,
			-0.03162091597914696,
			-0.03084978461265564,
			0.29897308349609375,
			0.5036312937736511,
			0.09318064898252487,
			0.6798774600028992,
			-0.03686545416712761
		]
	},
	"layer_5": {
		"weight_0": [
			[
				-0.1130240261554718,
				-0.5948938131332397,
				0.23645395040512085,
				0.3635990619659424,
				-0.18395787477493286,
				0.49159854650497437
			],
			[
				0.16766738891601562,
				-0.4358983039855957,
				0.018404321745038033,
				-0.48386427760124207,
				0.017109274864196777,
				-0.4205700755119324
			],
			[
				0.2899596691131592,
				0.5841532349586487,
				-0.19366240501403809,
				0.5711197257041931,
				0.4196088910102844,
				-0.3713533282279968
			],
			[
				-0.0601767897605896,
				-0.32242444157600403,
				-0.41800618171691895,
				0.518329918384552,
				0.5789180397987366,
				0.04911879450082779
			],
			[
				-0.553870439529419,
				0.25375962257385254,
				-0.3525983691215515,
				-0.17917247116565704,
				-0.49188998341560364,
				-0.16200241446495056
			],
			[
				0.15557760000228882,
				0.7340577244758606,
				1.24512779712677,
				1.4108935594558716,
				-0.5731868147850037,
				1.3433496952056885
			],
			[
				-0.4842907786369324,
				-0.9790797233581543,
				1.1217907667160034,
				1.652587890625,
				-0.548931360244751,
				0.907425582408905
			],
			[
				-0.39877068996429443,
				1.3202582597732544,
				-0.24720822274684906,
				-0.3017677366733551,
				-0.5837558507919312,
				-1.1180524826049805
			],
			[
				-0.06022161245346069,
				1.33283269405365,
				-0.7464976906776428,
				-0.9852806329727173,
				-0.2787887156009674,
				-0.8762344717979431
			],
			[
				-0.09627944231033325,
				0.7605539560317993,
				-0.15395395457744598,
				-0.9671657681465149,
				-0.22132346034049988,
				-0.5825387835502625
			]
		],
		"weight_1": [
			0.0,
			3.7417759895324707,
			1.0400902032852173,
			1.036144495010376,
			0.0,
			1.0473127365112305
		]
	},
	"layer_6": {
		"weight_0": [
			[
				0.6754249334335327
			],
			[
				-6.881844520568848
			],
			[
				2.446876287460327
			],
			[
				2.0652904510498047
			],
			[
				0.44371354579925537
			],
			[
				2.9238905906677246
			]
		],
		"weight_1": [
			1.0724769830703735
		]
	}
}