{
	"layer_0": {
		"weight_0": [
			[
				0.8704773783683777,
				-0.5005836486816406,
				-0.20122191309928894,
				2.5008726119995117,
				-0.3826720118522644,
				2.015204668045044,
				-0.20905545353889465,
				1.6458444595336914,
				-0.6284703016281128,
				-0.39435723423957825,
				0.09066283702850342,
				6.789052963256836,
				-0.05876438692212105,
				9.079239845275879,
				-0.039873212575912476,
				1.0461560487747192,
				-0.8954578042030334,
				-0.487532377243042,
				0.16402114927768707,
				1.3283742666244507
			],
			[
				-4.585572719573975,
				-0.27725809812545776,
				-0.26132863759994507,
				-21.396305084228516,
				-0.20366331934928894,
				0.7964456081390381,
				-0.27270811796188354,
				0.21845217049121857,
				-1.3058489561080933,
				0.37920621037483215,
				-0.15989941358566284,
				0.5422077178955078,
				0.43774110078811646,
				0.6018722057342529,
				-0.29291248321533203,
				-1.5502502918243408,
				1.6288899183273315,
				-0.41065651178359985,
				1.4722357988357544,
				-5.897945404052734
			]
		],
		"weight_1": [
			0.7984765768051147,
			0.0,
			0.0,
			0.46440112590789795,
			0.0,
			-0.25503018498420715,
			0.0,
			-0.31515446305274963,
			1.8914450407028198,
			-0.03367916867136955,
			0.0,
			0.22212274372577667,
			0.016478855162858963,
			0.1718660444021225,
			0.0,
			0.43522340059280396,
			0.36642685532569885,
			0.0,
			0.4185045659542084,
			0.9275903105735779
		]
	},
	"layer_1": {},
	"layer_2": {},
	"layer_3": {},
	"layer_4": {
		"weight_0": [
			[
				0.07091188430786133,
				0.3784862160682678,
				-0.49067071080207825,
				-0.3805600702762604,
				0.09602850675582886,
				0.721813440322876,
				1.3670690059661865,
				1.7071070671081543,
				0.1904015839099884,
				-0.5606608986854553
			],
			[
				-0.38332265615463257,
				0.17267340421676636,
				0.03606534004211426,
				-0.30008792877197266,
				-0.2100977897644043,
				1.360637903213501,
				1.957061529159546,
				0.33516281843185425,
				-0.6559481620788574,
				0.49693670868873596
			],
			[
				0.014040350914001465,
				-0.00013245432637631893,
				0.1385800838470459,
				-0.42200812697410583,
				-0.25627750158309937,
				-2.0868537425994873,
				-1.8963080644607544,
				-1.7924787998199463,
				1.2368885278701782,
				0.1678818166255951
			],
			[
				0.005802750587463379,
				-0.6526560187339783,
				0.5228826999664307,
				-0.2025880515575409,
				0.19522641599178314,
				0.5898261666297913,
				0.5836407542228699,
				-1.697268009185791,
				2.18259334564209,
				-0.6082067489624023
			],
			[
				0.07097166776657104,
				0.2771819233894348,
				-0.27512314915657043,
				0.23172086477279663,
				-0.39989033341407776,
				0.6733548045158386,
				0.8375210762023926,
				0.382837176322937,
				0.571904718875885,
				-0.30679216980934143
			],
			[
				-0.22209283709526062,
				-0.044977813959121704,
				-0.538147509098053,
				-0.07833577692508698,
				0.2837678790092468,
				-0.0007420023321174085,
				0.5024560689926147,
				-4.111161708831787,
				-0.41532397270202637,
				-0.5041281580924988
			],
			[
				0.028086960315704346,
				-0.4184642732143402,
				-0.3580423891544342,
				0.003950285725295544,
				-0.37169936299324036,
				0.1960955262184143,
				0.06726107001304626,
				-4.26278829574585,
				-0.4325616657733917,
				0.027275463566184044
			],
			[
				-0.09873530268669128,
				-0.5312610268592834,
				-0.32410433888435364,
				0.24984264373779297,
				-0.4335993826389313,
				0.6414083242416382,
				1.1472623348236084,
				-0.37406161427497864,
				-0.1527475118637085,
				-0.606220543384552
			],
			[
				-0.23599085211753845,
				0.027326591312885284,
				0.2941746711730957,
				-0.13402026891708374,
				-0.11169910430908203,
				-2.0470054149627686,
				-1.0646129846572876,
				1.450228214263916,
				0.10635801404714584,
				-0.16464011371135712
			],
			[
				-0.21017664670944214,
				-0.5819618701934814,
				-0.2270682156085968,
				-0.3866213858127594,
				-0.3074081242084503,
				1.2627525329589844,
				1.8313078880310059,
				2.328483819961548,
				-0.36421260237693787,
				0.32131534814834595
			]
		],
		"weight_1": [
			0.0,
			-0.12508870661258698,
			0.0,
			-0.029738619923591614,
			-0.03084978461265564,
			0.3110945522785187,
			0.5464727282524109,
			0.1389482319355011,
			0.6476864218711853,
			-0.03686545416712761
		]
	},
	"layer_5": {
		"weight_0": [
			[
				-0.1130240261554718,
				-0.5948938131332397,
				0.23645395040512085,
				0.3635990619659424,
				-0.18395787477493286,
				0.49159854650497437
			],
			[
				0.16766738891601562,
				-0.3822373151779175,
				-0.03507211059331894,
				-0.5372933149337769,
				0.017109274864196777,
				-0.47410354018211365
			],
			[
				0.2899596691131592,
				0.5841532349586487,
				-0.19366240501403809,
				0.5711197257041931,
				0.4196088910102844,
				-0.3713533282279968
			],
			[
				-0.0601767897605896,
				-0.3256349563598633,
				-0.4147956371307373,
				0.5215404629707336,
				0.5789180397987366,
				0.052329543977975845
			],
			[
				-0.553870439529419,
				0.25375962257385254,
				-0.3525983691215515,
				-0.17917247116565704,
				-0.49188998341560364,
				-0.16200241446495056
			],
			[
				0.15557760000228882,
				1.0196177959442139,
				1.0542789697647095,
				1.217725157737732,
				-0.5731868147850037,
				1.1556297540664673
			],
			[
				-0.4842907786369324,
				-1.0997116565704346,
				1.3762738704681396,
				1.904051661491394,
				-0.548931360244751,
				1.1657235622406006
			],
			[
				-0.39877068996429443,
				1.0770649909973145,
				-0.005850290413945913,
				-0.06058235839009285,
				-0.5837558507919312,
				-0.8762486577033997
			],
			[
				-0.06022161245346069,
				2.007154941558838,
				-1.4337835311889648,
				-1.6740268468856812,
				-0.2787887156009674,
				-1.561089038848877
			],
			[
				-0.09627944231033325,
				0.7605539560317993,
				-0.15395395457744598,
				-0.9671657681465149,
				-0.22132346034049988,
				-0.5825387835502625
			]
		],
		"weight_1": [
			0.0,
			3.7694251537323,
			1.1737240552902222,
			1.1666704416275024,
			0.0,
			1.1849197149276733
		]
	},
	"layer_6": {
		"weight_0": [
			[
				0.6754249334335327
			],
			[
				-8.088600158691406
			],
			[
				2.723194122314453
			],
			[
				2.3635623455047607
			],
			[
				0.44371354579925537
			],
			[
				3.6306352615356445
			]
		],
		"weight_1": [
			1.2244983911514282
		]
	}
}