{
	"layer_0": {
		"weight_0": [
			[
				0.026788825169205666,
				0.9785434603691101,
				2.3685083389282227,
				0.30939140915870667,
				2.50146222114563,
				-0.5188740491867065,
				2.1015193462371826,
				1.2771228551864624
			],
			[
				0.15228664875030518,
				-7.133978366851807,
				-1.4051326513290405,
				-0.5519636869430542,
				-1.2424904108047485,
				-0.15152478218078613,
				-1.323562502861023,
				-4.034643173217773
			]
		],
		"weight_1": [
			-0.1852731555700302,
			0.5553866624832153,
			1.388181209564209,
			-0.2350902110338211,
			1.221658706665039,
			0.0,
			1.969097375869751,
			1.0272550582885742
		]
	},
	"layer_1": {
		"weight_0": [
			[
				-0.6492648720741272,
				-0.06540388613939285,
				-0.016607046127319336,
				0.38077402114868164
			],
			[
				-3.2989699840545654,
				5.46783447265625,
				-0.18098396062850952,
				-0.6117545962333679
			],
			[
				0.6187188625335693,
				1.409897804260254,
				-0.6437074542045593,
				-0.587985098361969
			],
			[
				-0.6053547859191895,
				-0.26674216985702515,
				-0.1809949278831482,
				0.5896108150482178
			],
			[
				-0.42218655347824097,
				2.12331485748291,
				-0.42572227120399475,
				0.024600332602858543
			],
			[
				-0.19743132591247559,
				-0.2866816818714142,
				-0.1721135377883911,
				0.08450305461883545
			],
			[
				0.9157711267471313,
				1.0260257720947266,
				-0.5112196803092957,
				-0.5264145135879517
			],
			[
				-0.43235787749290466,
				3.126542806625366,
				-0.2893226146697998,
				0.22581924498081207
			]
		],
		"weight_1": [
			0.21470630168914795,
			1.111085295677185,
			0.0,
			-0.09578917175531387
		]
	},
	"layer_2": {
		"weight_0": [
			[
				-0.7750430107116699,
				-2.7078757286071777
			],
			[
				-0.6585121154785156,
				2.1876513957977295
			],
			[
				0.6184179782867432,
				-0.39907288551330566
			],
			[
				-0.6713690757751465,
				-0.09944328665733337
			]
		],
		"weight_1": [
			0.0,
			1.1083953380584717
		]
	},
	"layer_3": {
		"weight_0": [
			[
				-0.876319944858551
			],
			[
				3.1294302940368652
			]
		],
		"weight_1": [
			1.1028084754943848
		]
	}
}